trial_id,stimulus_id,condition,alpha,measure,value
ambiguous:user_ambiguous_049|alpha=15|measure=wager_abstention,ambiguous:user_ambiguous_049,ambiguous,15.0,wager_abstention,0.9998205304145813
definite_false:dpql_3827|alpha=15|measure=wager_abstention,definite_false:dpql_3827,definite_false,15.0,wager_abstention,0.053403329104185104
definite_correct:qw_45|alpha=15|measure=wager_abstention,definite_correct:qw_45,definite_correct,15.0,wager_abstention,0.8670357465744019
definite_false:bb_981|alpha=15|measure=wager_abstention,definite_false:bb_981,definite_false,15.0,wager_abstention,0.9933071732521057
definite_correct:dpql_6346|alpha=15|measure=wager_abstention,definite_correct:dpql_6346,definite_correct,15.0,wager_abstention,0.00033535013790242374
ambiguous:user_ambiguous_071|alpha=15|measure=wager_abstention,ambiguous:user_ambiguous_071,ambiguous,15.0,wager_abstention,0.9046505093574524
ambiguous:synthetic_ambiguity_77277aded01ef92e|alpha=15|measure=wager_abstention,ambiguous:synthetic_ambiguity_77277aded01ef92e,ambiguous,15.0,wager_abstention,0.999373733997345
ambiguous:user_ambiguous_035|alpha=15|measure=wager_abstention,ambiguous:user_ambiguous_035,ambiguous,15.0,wager_abstention,0.9992903470993042
definite_false:bb_1220|alpha=15|measure=wager_abstention,definite_false:bb_1220,definite_false,15.0,wager_abstention,0.9947799444198608
definite_false:qw_1298|alpha=15|measure=wager_abstention,definite_false:qw_1298,definite_false,15.0,wager_abstention,0.9971990585327148
ambiguous:ambigqa_train_-5746040628732928353|alpha=15|measure=wager_abstention,ambiguous:ambigqa_train_-5746040628732928353,ambiguous,15.0,wager_abstention,0.9995694756507874
ambiguous:user_ambiguous_019|alpha=15|measure=wager_abstention,ambiguous:user_ambiguous_019,ambiguous,15.0,wager_abstention,0.3775406777858734
definite_false:qb_7085|alpha=15|measure=wager_abstention,definite_false:qb_7085,definite_false,15.0,wager_abstention,0.9046505093574524
definite_false:bb_2489|alpha=15|measure=wager_abstention,definite_false:bb_2489,definite_false,15.0,wager_abstention,0.04742587357759476
definite_correct:qw_6782|alpha=15|measure=wager_abstention,definite_correct:qw_6782,definite_correct,15.0,wager_abstention,0.0008040859247557819
definite_correct:bb_2326|alpha=15|measure=wager_abstention,definite_correct:bb_2326,definite_correct,15.0,wager_abstention,5.829126530443318e-05
definite_correct:qb_3516|alpha=15|measure=wager_abstention,definite_correct:qb_3516,definite_correct,15.0,wager_abstention,0.7310585975646973
ambiguous:user_ambiguous_043|alpha=15|measure=wager_abstention,ambiguous:user_ambiguous_043,ambiguous,15.0,wager_abstention,0.9992903470993042
definite_correct:qw_859|alpha=15|measure=wager_abstention,definite_correct:qw_859,definite_correct,15.0,wager_abstention,0.0004878571489825845
definite_correct:bb_20|alpha=15|measure=wager_abstention,definite_correct:bb_20,definite_correct,15.0,wager_abstention,0.020332353189587593
definite_correct:qb_7271|alpha=15|measure=wager_abstention,definite_correct:qb_7271,definite_correct,15.0,wager_abstention,0.9796676635742188
definite_correct:bb_9251|alpha=15|measure=wager_abstention,definite_correct:bb_9251,definite_correct,15.0,wager_abstention,0.7057850360870361
definite_false:qw_3582|alpha=15|measure=wager_abstention,definite_false:qw_3582,definite_false,15.0,wager_abstention,0.998498797416687
definite_false:bb_5317|alpha=15|measure=wager_abstention,definite_false:bb_5317,definite_false,15.0,wager_abstention,0.9997965693473816
definite_correct:qw_1253|alpha=15|measure=wager_abstention,definite_correct:qw_1253,definite_correct,15.0,wager_abstention,0.00029595711384899914
definite_false:qb_3987|alpha=15|measure=wager_abstention,definite_false:qb_3987,definite_false,15.0,wager_abstention,0.9988304972648621
definite_correct:qb_2589|alpha=15|measure=wager_abstention,definite_correct:qb_2589,definite_correct,15.0,wager_abstention,0.8354835510253906
definite_false:dpql_4053|alpha=15|measure=wager_abstention,definite_false:dpql_4053,definite_false,15.0,wager_abstention,0.9992903470993042
definite_correct:bb_9184|alpha=15|measure=wager_abstention,definite_correct:bb_9184,definite_correct,15.0,wager_abstention,0.9149009585380554
definite_correct:dpql_6083|alpha=15|measure=wager_abstention,definite_correct:dpql_6083,definite_correct,15.0,wager_abstention,0.00015843621804378927
definite_false:bb_4587|alpha=15|measure=wager_abstention,definite_false:bb_4587,definite_false,15.0,wager_abstention,0.9971990585327148
definite_false:qw_3732|alpha=15|measure=wager_abstention,definite_false:qw_3732,definite_false,15.0,wager_abstention,0.9933071732521057
definite_false:bb_7609|alpha=15|measure=wager_abstention,definite_false:bb_7609,definite_false,15.0,wager_abstention,0.9978172779083252
definite_correct:qb_4578|alpha=15|measure=wager_abstention,definite_correct:qb_4578,definite_correct,15.0,wager_abstention,0.07585818320512772
ambiguous:ambigqa_dev_-2861341002123248407|alpha=15|measure=wager_abstention,ambiguous:ambigqa_dev_-2861341002123248407,ambiguous,15.0,wager_abstention,0.9840936064720154
definite_correct:qb_9452|alpha=15|measure=wager_abstention,definite_correct:qb_9452,definite_correct,15.0,wager_abstention,0.0002611903182696551
definite_false:dpql_384|alpha=15|measure=wager_abstention,definite_false:dpql_384,definite_false,15.0,wager_abstention,0.9994471669197083
ambiguous:user_ambiguous_007|alpha=15|measure=wager_abstention,ambiguous:user_ambiguous_007,ambiguous,15.0,wager_abstention,0.9982993006706238
definite_false:tc_540|alpha=15|measure=wager_abstention,definite_false:tc_540,definite_false,15.0,wager_abstention,0.9964063763618469
definite_correct:qb_10132|alpha=15|measure=wager_abstention,definite_correct:qb_10132,definite_correct,15.0,wager_abstention,1.8925147742265835e-05
ambiguous:user_ambiguous_041|alpha=15|measure=wager_abstention,ambiguous:user_ambiguous_041,ambiguous,15.0,wager_abstention,0.18242551386356354
definite_false:tc_3120|alpha=15|measure=wager_abstention,definite_false:tc_3120,definite_false,15.0,wager_abstention,0.9980732202529907
ambiguous:user_ambiguous_074|alpha=15|measure=wager_abstention,ambiguous:user_ambiguous_074,ambiguous,15.0,wager_abstention,0.9959298968315125
definite_correct:bb_6024|alpha=15|measure=wager_abstention,definite_correct:bb_6024,definite_correct,15.0,wager_abstention,0.0010322310263291001
definite_correct:qb_4336|alpha=15|measure=wager_abstention,definite_correct:qb_4336,definite_correct,15.0,wager_abstention,2.7535690605873242e-05
definite_false:qb_3427|alpha=15|measure=wager_abstention,definite_false:qb_3427,definite_false,15.0,wager_abstention,0.9986749291419983
definite_correct:qb_6086|alpha=15|measure=wager_abstention,definite_correct:qb_6086,definite_correct,15.0,wager_abstention,0.9968273043632507
definite_correct:bb_1467|alpha=15|measure=wager_abstention,definite_correct:bb_1467,definite_correct,15.0,wager_abstention,0.8175744414329529
definite_correct:qw_5716|alpha=15|measure=wager_abstention,definite_correct:qw_5716,definite_correct,15.0,wager_abstention,0.9990890026092529
definite_false:bb_2616|alpha=15|measure=wager_abstention,definite_false:bb_2616,definite_false,15.0,wager_abstention,0.970687747001648
definite_correct:tc_1323|alpha=15|measure=wager_abstention,definite_correct:tc_1323,definite_correct,15.0,wager_abstention,0.3486451804637909
definite_correct:qw_4190|alpha=15|measure=wager_abstention,definite_correct:qw_4190,definite_correct,15.0,wager_abstention,0.00020342698553577065
definite_correct:qb_6581|alpha=15|measure=wager_abstention,definite_correct:qb_6581,definite_correct,15.0,wager_abstention,0.002182716503739357
definite_false:qb_2329|alpha=15|measure=wager_abstention,definite_false:qb_2329,definite_false,15.0,wager_abstention,0.9998205304145813
ambiguous:user_ambiguous_025|alpha=15|measure=wager_abstention,ambiguous:user_ambiguous_025,ambiguous,15.0,wager_abstention,0.8807970285415649
definite_correct:qb_5063|alpha=15|measure=wager_abstention,definite_correct:qb_5063,definite_correct,15.0,wager_abstention,0.00037998449988663197
definite_false:dpql_4977|alpha=15|measure=wager_abstention,definite_false:dpql_4977,definite_false,15.0,wager_abstention,0.9890130758285522
definite_correct:tc_955|alpha=15|measure=wager_abstention,definite_correct:tc_955,definite_correct,15.0,wager_abstention,0.9840936064720154
definite_false:tc_2257|alpha=15|measure=wager_abstention,definite_false:tc_2257,definite_false,15.0,wager_abstention,0.9998601675033569
ambiguous:user_ambiguous_093|alpha=15|measure=wager_abstention,ambiguous:user_ambiguous_093,ambiguous,15.0,wager_abstention,0.9982993006706238
definite_correct:qb_8074|alpha=15|measure=wager_abstention,definite_correct:qb_8074,definite_correct,15.0,wager_abstention,0.00020342698553577065
definite_false:dpql_4319|alpha=15|measure=wager_abstention,definite_false:dpql_4319,definite_false,15.0,wager_abstention,0.9975274205207825
ambiguous:ambigqa_train_4887157859291163116|alpha=15|measure=wager_abstention,ambiguous:ambigqa_train_4887157859291163116,ambiguous,15.0,wager_abstention,0.4378235340118408
ambiguous:user_ambiguous_061|alpha=15|measure=wager_abstention,ambiguous:user_ambiguous_061,ambiguous,15.0,wager_abstention,0.7310585975646973
definite_false:dpql_151|alpha=15|measure=wager_abstention,definite_false:dpql_151,definite_false,15.0,wager_abstention,0.004609571769833565
definite_correct:qb_2148|alpha=15|measure=wager_abstention,definite_correct:qb_2148,definite_correct,15.0,wager_abstention,0.9796676635742188
ambiguous:ambigqa_train_8846306718324708097|alpha=15|measure=wager_abstention,ambiguous:ambigqa_train_8846306718324708097,ambiguous,15.0,wager_abstention,0.01798621006309986
definite_correct:bb_6117|alpha=15|measure=wager_abstention,definite_correct:bb_6117,definite_correct,15.0,wager_abstention,0.9859364032745361
definite_false:dpql_2396|alpha=15|measure=wager_abstention,definite_false:dpql_2396,definite_false,15.0,wager_abstention,0.22270014882087708
definite_false:qb_1556|alpha=15|measure=wager_abstention,definite_false:qb_1556,definite_false,15.0,wager_abstention,0.02595735527575016
definite_false:qb_525|alpha=15|measure=wager_abstention,definite_false:qb_525,definite_false,15.0,wager_abstention,0.9997040629386902
definite_correct:qb_4948|alpha=15|measure=wager_abstention,definite_correct:qb_4948,definite_correct,15.0,wager_abstention,0.0010322310263291001
ambiguous:user_ambiguous_081|alpha=15|measure=wager_abstention,ambiguous:user_ambiguous_081,ambiguous,15.0,wager_abstention,0.2689414322376251
definite_correct:wh_1303|alpha=15|measure=wager_abstention,definite_correct:wh_1303,definite_correct,15.0,wager_abstention,0.9626730680465698
ambiguous:user_ambiguous_066|alpha=15|measure=wager_abstention,ambiguous:user_ambiguous_066,ambiguous,15.0,wager_abstention,0.9999339580535889
definite_false:dpql_5115|alpha=15|measure=wager_abstention,definite_false:dpql_5115,definite_false,15.0,wager_abstention,0.9997387528419495
ambiguous:user_ambiguous_020|alpha=15|measure=wager_abstention,ambiguous:user_ambiguous_020,ambiguous,15.0,wager_abstention,0.3775406777858734
ambiguous:user_ambiguous_073|alpha=15|measure=wager_abstention,ambiguous:user_ambiguous_073,ambiguous,15.0,wager_abstention,0.9996646642684937
definite_false:bb_968|alpha=15|measure=wager_abstention,definite_false:bb_968,definite_false,15.0,wager_abstention,0.9840936064720154
definite_correct:dpql_5223|alpha=15|measure=wager_abstention,definite_correct:dpql_5223,definite_correct,15.0,wager_abstention,0.9859364032745361
definite_false:qz_2428|alpha=15|measure=wager_abstention,definite_false:qz_2428,definite_false,15.0,wager_abstention,0.9740425944328308
ambiguous:synthetic_ambiguity_127bbb74d142df4c|alpha=15|measure=wager_abstention,ambiguous:synthetic_ambiguity_127bbb74d142df4c,ambiguous,15.0,wager_abstention,0.9996199607849121
definite_false:bb_77|alpha=15|measure=wager_abstention,definite_false:bb_77,definite_false,15.0,wager_abstention,0.9971990585327148
definite_correct:qb_3365|alpha=15|measure=wager_abstention,definite_correct:qb_3365,definite_correct,15.0,wager_abstention,0.9149009585380554
definite_false:qw_3500|alpha=15|measure=wager_abstention,definite_false:qw_3500,definite_false,15.0,wager_abstention,0.562176525592804
ambiguous:user_ambiguous_024|alpha=15|measure=wager_abstention,ambiguous:user_ambiguous_024,ambiguous,15.0,wager_abstention,0.9995121955871582
definite_false:bb_5849|alpha=15|measure=wager_abstention,definite_false:bb_5849,definite_false,15.0,wager_abstention,0.9820137619972229
definite_false:qw_2399|alpha=15|measure=wager_abstention,definite_false:qw_2399,definite_false,15.0,wager_abstention,0.9975274205207825
ambiguous:user_ambiguous_063|alpha=15|measure=wager_abstention,ambiguous:user_ambiguous_063,ambiguous,15.0,wager_abstention,0.9995694756507874
definite_false:dpql_4754|alpha=15|measure=wager_abstention,definite_false:dpql_4754,definite_false,15.0,wager_abstention,0.9914224743843079
definite_correct:wh_4041|alpha=15|measure=wager_abstention,definite_correct:wh_4041,definite_correct,15.0,wager_abstention,0.9525741338729858
ambiguous:user_ambiguous_054|alpha=15|measure=wager_abstention,ambiguous:user_ambiguous_054,ambiguous,15.0,wager_abstention,0.3208213150501251
definite_false:bb_6668|alpha=15|measure=wager_abstention,definite_false:bb_6668,definite_false,15.0,wager_abstention,0.9971990585327148
definite_false:qz_6898|alpha=15|measure=wager_abstention,definite_false:qz_6898,definite_false,15.0,wager_abstention,0.9971990585327148
definite_correct:dpql_216|alpha=15|measure=wager_abstention,definite_correct:dpql_216,definite_correct,15.0,wager_abstention,0.6791787147521973
definite_false:dpql_4205|alpha=15|measure=wager_abstention,definite_false:dpql_4205,definite_false,15.0,wager_abstention,0.9820137619972229
definite_false:tc_2556|alpha=15|measure=wager_abstention,definite_false:tc_2556,definite_false,15.0,wager_abstention,0.9995121955871582
definite_false:wh_451|alpha=15|measure=wager_abstention,definite_false:wh_451,definite_false,15.0,wager_abstention,0.9986749291419983
definite_correct:qz_3927|alpha=15|measure=wager_abstention,definite_correct:qz_3927,definite_correct,15.0,wager_abstention,0.02931223064661026
ambiguous:synthetic_ambiguity_db564851e7629ffa|alpha=15|measure=wager_abstention,ambiguous:synthetic_ambiguity_db564851e7629ffa,ambiguous,15.0,wager_abstention,0.8175744414329529
definite_false:tc_2728|alpha=15|measure=wager_abstention,definite_false:tc_2728,definite_false,15.0,wager_abstention,0.9998205304145813
ambiguous:user_ambiguous_069|alpha=15|measure=wager_abstention,ambiguous:user_ambiguous_069,ambiguous,15.0,wager_abstention,0.562176525592804
ambiguous:ambigqa_train_4701094121253884727|alpha=15|measure=wager_abstention,ambiguous:ambigqa_train_4701094121253884727,ambiguous,15.0,wager_abstention,0.9975274205207825
ambiguous:user_ambiguous_070|alpha=15|measure=wager_abstention,ambiguous:user_ambiguous_070,ambiguous,15.0,wager_abstention,0.9971990585327148
ambiguous:user_ambiguous_059|alpha=15|measure=wager_abstention,ambiguous:user_ambiguous_059,ambiguous,15.0,wager_abstention,0.4378235340118408
ambiguous:ambigqa_train_-4829972042995259834|alpha=15|measure=wager_abstention,ambiguous:ambigqa_train_-4829972042995259834,ambiguous,15.0,wager_abstention,0.22270014882087708
ambiguous:ambigqa_train_-5327098669371634148|alpha=15|measure=wager_abstention,ambiguous:ambigqa_train_-5327098669371634148,ambiguous,15.0,wager_abstention,0.9982993006706238
definite_correct:qb_3191|alpha=15|measure=wager_abstention,definite_correct:qb_3191,definite_correct,15.0,wager_abstention,0.000552778597921133
definite_false:qb_3296|alpha=15|measure=wager_abstention,definite_false:qb_3296,definite_false,15.0,wager_abstention,0.4378235340118408
definite_correct:qb_2932|alpha=15|measure=wager_abstention,definite_correct:qb_2932,definite_correct,15.0,wager_abstention,0.9241418242454529
definite_false:dpql_1695|alpha=15|measure=wager_abstention,definite_false:dpql_1695,definite_false,15.0,wager_abstention,0.9982993006706238
definite_false:qz_3440|alpha=15|measure=wager_abstention,definite_false:qz_3440,definite_false,15.0,wager_abstention,0.9933071732521057
definite_false:qb_936|alpha=15|measure=wager_abstention,definite_false:qb_936,definite_false,15.0,wager_abstention,0.8807970285415649
definite_false:qb_3624|alpha=15|measure=wager_abstention,definite_false:qb_3624,definite_false,15.0,wager_abstention,0.9982993006706238
definite_correct:qw_132|alpha=15|measure=wager_abstention,definite_correct:qw_132,definite_correct,15.0,wager_abstention,0.7310585975646973
ambiguous:ambigqa_dev_-9219689808672072116|alpha=15|measure=wager_abstention,ambiguous:ambigqa_dev_-9219689808672072116,ambiguous,15.0,wager_abstention,0.9991958737373352
definite_false:qb_2928|alpha=15|measure=wager_abstention,definite_false:qb_2928,definite_false,15.0,wager_abstention,0.9997040629386902
ambiguous:user_ambiguous_004|alpha=15|measure=wager_abstention,ambiguous:user_ambiguous_004,ambiguous,15.0,wager_abstention,0.01798621006309986
definite_false:tc_2506|alpha=15|measure=wager_abstention,definite_false:tc_2506,definite_false,15.0,wager_abstention,0.9975274205207825
definite_false:wh_527|alpha=15|measure=wager_abstention,definite_false:wh_527,definite_false,15.0,wager_abstention,0.9997965693473816
definite_correct:wh_3778|alpha=15|measure=wager_abstention,definite_correct:wh_3778,definite_correct,15.0,wager_abstention,0.7549149990081787
ambiguous:user_ambiguous_090|alpha=15|measure=wager_abstention,ambiguous:user_ambiguous_090,ambiguous,15.0,wager_abstention,0.9995121955871582
definite_false:bb_6487|alpha=15|measure=wager_abstention,definite_false:bb_6487,definite_false,15.0,wager_abstention,0.9933071732521057
ambiguous:ambigqa_dev_-2928173928559810904|alpha=15|measure=wager_abstention,ambiguous:ambigqa_dev_-2928173928559810904,ambiguous,15.0,wager_abstention,0.2689414322376251
definite_false:qb_6250|alpha=15|measure=wager_abstention,definite_false:qb_6250,definite_false,15.0,wager_abstention,0.9980732202529907
definite_correct:qw_243|alpha=15|measure=wager_abstention,definite_correct:qw_243,definite_correct,15.0,wager_abstention,0.7310585975646973
definite_false:qb_2899|alpha=15|measure=wager_abstention,definite_false:qb_2899,definite_false,15.0,wager_abstention,0.6791787147521973
ambiguous:synthetic_ambiguity_eccd45548d369037|alpha=15|measure=wager_abstention,ambiguous:synthetic_ambiguity_eccd45548d369037,ambiguous,15.0,wager_abstention,0.9991958737373352
definite_false:tc_3016|alpha=15|measure=wager_abstention,definite_false:tc_3016,definite_false,15.0,wager_abstention,0.9986749291419983
definite_false:qb_3225|alpha=15|measure=wager_abstention,definite_false:qb_3225,definite_false,15.0,wager_abstention,0.9996646642684937
definite_correct:dpql_2276|alpha=15|measure=wager_abstention,definite_correct:dpql_2276,definite_correct,15.0,wager_abstention,0.00010889690020121634
ambiguous:user_ambiguous_008|alpha=15|measure=wager_abstention,ambiguous:user_ambiguous_008,ambiguous,15.0,wager_abstention,0.9975274205207825
definite_correct:wh_51|alpha=15|measure=wager_abstention,definite_correct:wh_51,definite_correct,15.0,wager_abstention,0.9669140577316284
definite_false:dpql_2259|alpha=15|measure=wager_abstention,definite_false:dpql_2259,definite_false,15.0,wager_abstention,0.9975274205207825
ambiguous:synthetic_ambiguity_39e9eaa2e03e1780|alpha=15|measure=wager_abstention,ambiguous:synthetic_ambiguity_39e9eaa2e03e1780,ambiguous,15.0,wager_abstention,0.9859364032745361
definite_correct:qz_5801|alpha=15|measure=wager_abstention,definite_correct:qz_5801,definite_correct,15.0,wager_abstention,0.0002611903182696551
ambiguous:user_ambiguous_026|alpha=15|measure=wager_abstention,ambiguous:user_ambiguous_026,ambiguous,15.0,wager_abstention,0.9991958737373352
ambiguous:user_ambiguous_017|alpha=15|measure=wager_abstention,ambiguous:user_ambiguous_017,ambiguous,15.0,wager_abstention,0.6791787147521973
definite_correct:qb_9283|alpha=15|measure=wager_abstention,definite_correct:qb_9283,definite_correct,15.0,wager_abstention,0.9324532747268677
ambiguous:user_ambiguous_079|alpha=15|measure=wager_abstention,ambiguous:user_ambiguous_079,ambiguous,15.0,wager_abstention,0.970687747001648
ambiguous:ambigqa_train_6622540978806844416|alpha=15|measure=wager_abstention,ambiguous:ambigqa_train_6622540978806844416,ambiguous,15.0,wager_abstention,0.9968273043632507
ambiguous:user_ambiguous_005|alpha=15|measure=wager_abstention,ambiguous:user_ambiguous_005,ambiguous,15.0,wager_abstention,0.9978172779083252
definite_correct:qb_3684|alpha=15|measure=wager_abstention,definite_correct:qb_3684,definite_correct,15.0,wager_abstention,0.0001795279822545126
ambiguous:ambigqa_train_-4847378126974715981|alpha=15|measure=wager_abstention,ambiguous:ambigqa_train_-4847378126974715981,ambiguous,15.0,wager_abstention,0.5
ambiguous:user_ambiguous_033|alpha=15|measure=wager_abstention,ambiguous:user_ambiguous_033,ambiguous,15.0,wager_abstention,0.9149009585380554
definite_correct:qw_4882|alpha=15|measure=wager_abstention,definite_correct:qw_4882,definite_correct,15.0,wager_abstention,0.0031726828310638666
definite_correct:bb_5550|alpha=15|measure=wager_abstention,definite_correct:bb_5550,definite_correct,15.0,wager_abstention,0.7057850360870361
ambiguous:ambigqa_dev_2248395039731877618|alpha=15|measure=wager_abstention,ambiguous:ambigqa_dev_2248395039731877618,ambiguous,15.0,wager_abstention,0.9989677667617798
ambiguous:user_ambiguous_100|alpha=15|measure=wager_abstention,ambiguous:user_ambiguous_100,ambiguous,15.0,wager_abstention,0.8807970285415649
definite_correct:tc_2317|alpha=15|measure=wager_abstention,definite_correct:tc_2317,definite_correct,15.0,wager_abstention,0.0004878571489825845
ambiguous:synthetic_ambiguity_736399f8375cbe45|alpha=15|measure=wager_abstention,ambiguous:synthetic_ambiguity_736399f8375cbe45,ambiguous,15.0,wager_abstention,0.9995121955871582
definite_correct:bb_6465|alpha=15|measure=wager_abstention,definite_correct:bb_6465,definite_correct,15.0,wager_abstention,5.829126530443318e-05
ambiguous:user_ambiguous_056|alpha=15|measure=wager_abstention,ambiguous:user_ambiguous_056,ambiguous,15.0,wager_abstention,0.6791787147521973
definite_correct:wh_4358|alpha=15|measure=wager_abstention,definite_correct:wh_4358,definite_correct,15.0,wager_abstention,0.7772998809814453
definite_correct:wh_1933|alpha=15|measure=wager_abstention,definite_correct:wh_1933,definite_correct,15.0,wager_abstention,0.00033535013790242374
definite_false:bb_8205|alpha=15|measure=wager_abstention,definite_false:bb_8205,definite_false,15.0,wager_abstention,0.4378235340118408
definite_correct:bb_810|alpha=15|measure=wager_abstention,definite_correct:bb_810,definite_correct,15.0,wager_abstention,0.7772998809814453
definite_false:qw_3199|alpha=15|measure=wager_abstention,definite_false:qw_3199,definite_false,15.0,wager_abstention,0.9996199607849121
definite_correct:dpql_633|alpha=15|measure=wager_abstention,definite_correct:dpql_633,definite_correct,15.0,wager_abstention,0.00029595711384899914
definite_correct:tc_954|alpha=15|measure=wager_abstention,definite_correct:tc_954,definite_correct,15.0,wager_abstention,0.7772998809814453
ambiguous:ambigqa_train_-282133277527244056|alpha=15|measure=wager_abstention,ambiguous:ambigqa_train_-282133277527244056,ambiguous,15.0,wager_abstention,0.9992903470993042
ambiguous:user_ambiguous_084|alpha=15|measure=wager_abstention,ambiguous:user_ambiguous_084,ambiguous,15.0,wager_abstention,0.9995694756507874
definite_correct:qb_8861|alpha=15|measure=wager_abstention,definite_correct:qb_8861,definite_correct,15.0,wager_abstention,0.0008040859247557819
definite_correct:qz_1139|alpha=15|measure=wager_abstention,definite_correct:qz_1139,definite_correct,15.0,wager_abstention,5.829126530443318e-05
definite_correct:qb_2497|alpha=15|measure=wager_abstention,definite_correct:qb_2497,definite_correct,15.0,wager_abstention,5.829126530443318e-05
definite_correct:qb_1172|alpha=15|measure=wager_abstention,definite_correct:qb_1172,definite_correct,15.0,wager_abstention,0.18242551386356354
ambiguous:user_ambiguous_027|alpha=15|measure=wager_abstention,ambiguous:user_ambiguous_027,ambiguous,15.0,wager_abstention,0.9986749291419983
definite_false:qb_2370|alpha=15|measure=wager_abstention,definite_false:qb_2370,definite_false,15.0,wager_abstention,0.9995121955871582
definite_correct:qb_916|alpha=15|measure=wager_abstention,definite_correct:qb_916,definite_correct,15.0,wager_abstention,0.9914224743843079
ambiguous:user_ambiguous_062|alpha=15|measure=wager_abstention,ambiguous:user_ambiguous_062,ambiguous,15.0,wager_abstention,0.9933071732521057
definite_false:qw_3161|alpha=15|measure=wager_abstention,definite_false:qw_3161,definite_false,15.0,wager_abstention,0.9626730680465698
definite_false:qb_4446|alpha=15|measure=wager_abstention,definite_false:qb_4446,definite_false,15.0,wager_abstention,0.9796676635742188
definite_correct:qb_2151|alpha=15|measure=wager_abstention,definite_correct:qb_2151,definite_correct,15.0,wager_abstention,0.9982993006706238
definite_false:qb_4397|alpha=15|measure=wager_abstention,definite_false:qb_4397,definite_false,15.0,wager_abstention,0.9995121955871582
definite_correct:dpql_971|alpha=15|measure=wager_abstention,definite_correct:dpql_971,definite_correct,15.0,wager_abstention,0.8933094143867493
ambiguous:user_ambiguous_038|alpha=15|measure=wager_abstention,ambiguous:user_ambiguous_038,ambiguous,15.0,wager_abstention,0.9959298968315125
ambiguous:ambigqa_train_-6821663518687506172|alpha=15|measure=wager_abstention,ambiguous:ambigqa_train_-6821663518687506172,ambiguous,15.0,wager_abstention,0.9989677667617798
definite_false:tc_1535|alpha=15|measure=wager_abstention,definite_false:tc_1535,definite_false,15.0,wager_abstention,0.9996646642684937
ambiguous:user_ambiguous_075|alpha=15|measure=wager_abstention,ambiguous:user_ambiguous_075,ambiguous,15.0,wager_abstention,0.9999599456787109
ambiguous:ambigqa_dev_-1684587227477882737|alpha=15|measure=wager_abstention,ambiguous:ambigqa_dev_-1684587227477882737,ambiguous,15.0,wager_abstention,0.9994471669197083
ambiguous:synthetic_ambiguity_c51d6353acd62fc1|alpha=15|measure=wager_abstention,ambiguous:synthetic_ambiguity_c51d6353acd62fc1,ambiguous,15.0,wager_abstention,0.9399133324623108
definite_correct:qb_650|alpha=15|measure=wager_abstention,definite_correct:qb_650,definite_correct,15.0,wager_abstention,6.605214002775028e-05
definite_false:wh_2424|alpha=15|measure=wager_abstention,definite_false:wh_2424,definite_false,15.0,wager_abstention,0.0008040859247557819
ambiguous:user_ambiguous_088|alpha=15|measure=wager_abstention,ambiguous:user_ambiguous_088,ambiguous,15.0,wager_abstention,0.957912266254425
ambiguous:user_ambiguous_091|alpha=15|measure=wager_abstention,ambiguous:user_ambiguous_091,ambiguous,15.0,wager_abstention,0.8807970285415649
ambiguous:user_ambiguous_078|alpha=15|measure=wager_abstention,ambiguous:user_ambiguous_078,ambiguous,15.0,wager_abstention,0.012431650422513485
definite_correct:qb_9954|alpha=15|measure=wager_abstention,definite_correct:qb_9954,definite_correct,15.0,wager_abstention,5.144221358932555e-05
definite_correct:bb_4832|alpha=15|measure=wager_abstention,definite_correct:bb_4832,definite_correct,15.0,wager_abstention,0.09534946084022522
definite_false:qb_2901|alpha=15|measure=wager_abstention,definite_false:qb_2901,definite_false,15.0,wager_abstention,0.9991958737373352
definite_false:qb_355|alpha=15|measure=wager_abstention,definite_false:qb_355,definite_false,15.0,wager_abstention,0.02931223064661026
definite_false:qb_9682|alpha=15|measure=wager_abstention,definite_false:qb_9682,definite_false,15.0,wager_abstention,0.9978172779083252
ambiguous:ambigqa_train_6967337893340565499|alpha=15|measure=wager_abstention,ambiguous:ambigqa_train_6967337893340565499,ambiguous,15.0,wager_abstention,0.18242551386356354
definite_correct:qb_8250|alpha=15|measure=wager_abstention,definite_correct:qb_8250,definite_correct,15.0,wager_abstention,0.9953904151916504
definite_correct:qb_7921|alpha=15|measure=wager_abstention,definite_correct:qb_7921,definite_correct,15.0,wager_abstention,0.8933094143867493
definite_correct:dpql_3467|alpha=15|measure=wager_abstention,definite_correct:dpql_3467,definite_correct,15.0,wager_abstention,0.002800926798954606
ambiguous:user_ambiguous_064|alpha=15|measure=wager_abstention,ambiguous:user_ambiguous_064,ambiguous,15.0,wager_abstention,0.9990890026092529
definite_false:qb_4987|alpha=15|measure=wager_abstention,definite_false:qb_4987,definite_false,15.0,wager_abstention,0.9989677667617798
definite_false:qw_4953|alpha=15|measure=wager_abstention,definite_false:qw_4953,definite_false,15.0,wager_abstention,0.9964063763618469
ambiguous:user_ambiguous_099|alpha=15|measure=wager_abstention,ambiguous:user_ambiguous_099,ambiguous,15.0,wager_abstention,0.9986749291419983
definite_false:wh_1706|alpha=15|measure=wager_abstention,definite_false:wh_1706,definite_false,15.0,wager_abstention,0.9914224743843079
definite_correct:qz_340|alpha=15|measure=wager_abstention,definite_correct:qz_340,definite_correct,15.0,wager_abstention,0.0011695101857185364
definite_false:bb_4519|alpha=15|measure=wager_abstention,definite_false:bb_4519,definite_false,15.0,wager_abstention,0.9998766183853149
ambiguous:ambigqa_train_-4861369907584367396|alpha=15|measure=wager_abstention,ambiguous:ambigqa_train_-4861369907584367396,ambiguous,15.0,wager_abstention,0.022977370768785477
ambiguous:user_ambiguous_031|alpha=15|measure=wager_abstention,ambiguous:user_ambiguous_031,ambiguous,15.0,wager_abstention,0.9840936064720154
definite_correct:qb_2934|alpha=15|measure=wager_abstention,definite_correct:qb_2934,definite_correct,15.0,wager_abstention,0.9399133324623108
definite_correct:qw_393|alpha=15|measure=wager_abstention,definite_correct:qw_393,definite_correct,15.0,wager_abstention,0.00033535013790242374
definite_correct:qw_5335|alpha=15|measure=wager_abstention,definite_correct:qw_5335,definite_correct,15.0,wager_abstention,0.6791787147521973
definite_false:wh_3277|alpha=15|measure=wager_abstention,definite_false:wh_3277,definite_false,15.0,wager_abstention,0.9959298968315125
definite_correct:qw_1816|alpha=15|measure=wager_abstention,definite_correct:qw_1816,definite_correct,15.0,wager_abstention,0.5
ambiguous:ambigqa_train_8480092557592561766|alpha=15|measure=wager_abstention,ambiguous:ambigqa_train_8480092557592561766,ambiguous,15.0,wager_abstention,0.9149009585380554
definite_false:tc_349|alpha=15|measure=wager_abstention,definite_false:tc_349,definite_false,15.0,wager_abstention,0.8175744414329529
ambiguous:user_ambiguous_089|alpha=15|measure=wager_abstention,ambiguous:user_ambiguous_089,ambiguous,15.0,wager_abstention,0.14804719388484955
definite_false:dpql_1059|alpha=15|measure=wager_abstention,definite_false:dpql_1059,definite_false,15.0,wager_abstention,0.005220125894993544
definite_false:qw_3353|alpha=15|measure=wager_abstention,definite_false:qw_3353,definite_false,15.0,wager_abstention,0.9978172779083252
definite_false:tc_2359|alpha=15|measure=wager_abstention,definite_false:tc_2359,definite_false,15.0,wager_abstention,0.9924227595329285
definite_correct:tc_1602|alpha=15|measure=wager_abstention,definite_correct:tc_1602,definite_correct,15.0,wager_abstention,0.9740425944328308
ambiguous:ambigqa_train_389267376370423320|alpha=15|measure=wager_abstention,ambiguous:ambigqa_train_389267376370423320,ambiguous,15.0,wager_abstention,0.9982993006706238
definite_correct:dpql_2538|alpha=15|measure=wager_abstention,definite_correct:dpql_2538,definite_correct,15.0,wager_abstention,0.9964063763618469
definite_false:dpql_3912|alpha=15|measure=wager_abstention,definite_false:dpql_3912,definite_false,15.0,wager_abstention,0.9902915358543396
definite_correct:qw_1421|alpha=15|measure=wager_abstention,definite_correct:qw_1421,definite_correct,15.0,wager_abstention,0.9940890073776245
ambiguous:user_ambiguous_092|alpha=15|measure=wager_abstention,ambiguous:user_ambiguous_092,ambiguous,15.0,wager_abstention,0.4378235340118408
ambiguous:synthetic_ambiguity_7462141d7ff09177|alpha=15|measure=wager_abstention,ambiguous:synthetic_ambiguity_7462141d7ff09177,ambiguous,15.0,wager_abstention,0.9999251365661621
definite_correct:qb_4415|alpha=15|measure=wager_abstention,definite_correct:qb_4415,definite_correct,15.0,wager_abstention,0.00247262348420918
definite_correct:qb_34|alpha=15|measure=wager_abstention,definite_correct:qb_34,definite_correct,15.0,wager_abstention,0.562176525592804
ambiguous:user_ambiguous_048|alpha=15|measure=wager_abstention,ambiguous:user_ambiguous_048,ambiguous,15.0,wager_abstention,0.9964063763618469
ambiguous:ambigqa_train_-4290930682953750669|alpha=15|measure=wager_abstention,ambiguous:ambigqa_train_-4290930682953750669,ambiguous,15.0,wager_abstention,0.037326883524656296
definite_correct:qb_1435|alpha=15|measure=wager_abstention,definite_correct:qb_1435,definite_correct,15.0,wager_abstention,2.7535690605873242e-05
ambiguous:user_ambiguous_016|alpha=15|measure=wager_abstention,ambiguous:user_ambiguous_016,ambiguous,15.0,wager_abstention,0.9997387528419495
definite_false:qw_4954|alpha=15|measure=wager_abstention,definite_false:qw_4954,definite_false,15.0,wager_abstention,0.998498797416687
definite_correct:bb_2920|alpha=15|measure=wager_abstention,definite_correct:bb_2920,definite_correct,15.0,wager_abstention,0.0001398220774717629
ambiguous:user_ambiguous_094|alpha=15|measure=wager_abstention,ambiguous:user_ambiguous_094,ambiguous,15.0,wager_abstention,0.9982993006706238
definite_correct:bb_5566|alpha=15|measure=wager_abstention,definite_correct:bb_5566,definite_correct,15.0,wager_abstention,0.0008040859247557819
definite_false:qb_919|alpha=15|measure=wager_abstention,definite_false:qb_919,definite_false,15.0,wager_abstention,0.00023050671734381467
definite_false:qw_5896|alpha=15|measure=wager_abstention,definite_false:qw_5896,definite_false,15.0,wager_abstention,0.9820137619972229
definite_false:dpql_3261|alpha=15|measure=wager_abstention,definite_false:dpql_3261,definite_false,15.0,wager_abstention,0.9995121955871582
definite_correct:qb_6665|alpha=15|measure=wager_abstention,definite_correct:qb_6665,definite_correct,15.0,wager_abstention,0.9626730680465698
definite_false:qw_3344|alpha=15|measure=wager_abstention,definite_false:qw_3344,definite_false,15.0,wager_abstention,0.9046505093574524
definite_correct:bb_1135|alpha=15|measure=wager_abstention,definite_correct:bb_1135,definite_correct,15.0,wager_abstention,0.9933071732521057
definite_false:dpql_5545|alpha=15|measure=wager_abstention,definite_false:dpql_5545,definite_false,15.0,wager_abstention,0.8519527316093445
definite_false:dpql_3319|alpha=15|measure=wager_abstention,definite_false:dpql_3319,definite_false,15.0,wager_abstention,0.998498797416687
definite_correct:bb_436|alpha=15|measure=wager_abstention,definite_correct:bb_436,definite_correct,15.0,wager_abstention,0.14804719388484955
ambiguous:user_ambiguous_018|alpha=15|measure=wager_abstention,ambiguous:user_ambiguous_018,ambiguous,15.0,wager_abstention,0.4378235340118408
definite_false:bb_5659|alpha=15|measure=wager_abstention,definite_false:bb_5659,definite_false,15.0,wager_abstention,0.9994471669197083
definite_correct:wh_453|alpha=15|measure=wager_abstention,definite_correct:wh_453,definite_correct,15.0,wager_abstention,0.0017007224960252643
definite_false:bb_8112|alpha=15|measure=wager_abstention,definite_false:bb_8112,definite_false,15.0,wager_abstention,0.9978172779083252
definite_false:wh_252|alpha=15|measure=wager_abstention,definite_false:wh_252,definite_false,15.0,wager_abstention,0.9820137619972229
ambiguous:user_ambiguous_032|alpha=15|measure=wager_abstention,ambiguous:user_ambiguous_032,ambiguous,15.0,wager_abstention,0.9241418242454529
ambiguous:user_ambiguous_039|alpha=15|measure=wager_abstention,ambiguous:user_ambiguous_039,ambiguous,15.0,wager_abstention,0.7772998809814453
ambiguous:user_ambiguous_082|alpha=15|measure=wager_abstention,ambiguous:user_ambiguous_082,ambiguous,15.0,wager_abstention,0.9992903470993042
ambiguous:user_ambiguous_045|alpha=15|measure=wager_abstention,ambiguous:user_ambiguous_045,ambiguous,15.0,wager_abstention,0.22270014882087708
definite_correct:qb_8036|alpha=15|measure=wager_abstention,definite_correct:qb_8036,definite_correct,15.0,wager_abstention,0.9465966820716858
definite_correct:bb_500|alpha=15|measure=wager_abstention,definite_correct:bb_500,definite_correct,15.0,wager_abstention,0.00015843621804378927
definite_correct:bb_7263|alpha=15|measure=wager_abstention,definite_correct:bb_7263,definite_correct,15.0,wager_abstention,0.0019267345778644085
definite_false:qb_9244|alpha=15|measure=wager_abstention,definite_false:qb_9244,definite_false,15.0,wager_abstention,0.010986942797899246
definite_false:bb_596|alpha=15|measure=wager_abstention,definite_false:bb_596,definite_false,15.0,wager_abstention,0.9998205304145813
definite_correct:qb_365|alpha=15|measure=wager_abstention,definite_correct:qb_365,definite_correct,15.0,wager_abstention,3.535625000949949e-05
ambiguous:user_ambiguous_076|alpha=15|measure=wager_abstention,ambiguous:user_ambiguous_076,ambiguous,15.0,wager_abstention,0.8807970285415649
definite_false:wh_2928|alpha=15|measure=wager_abstention,definite_false:wh_2928,definite_false,15.0,wager_abstention,0.9046505093574524
ambiguous:user_ambiguous_068|alpha=15|measure=wager_abstention,ambiguous:user_ambiguous_068,ambiguous,15.0,wager_abstention,0.9999339580535889
ambiguous:user_ambiguous_001|alpha=15|measure=wager_abstention,ambiguous:user_ambiguous_001,ambiguous,15.0,wager_abstention,0.9982993006706238
definite_false:dpql_753|alpha=15|measure=wager_abstention,definite_false:dpql_753,definite_false,15.0,wager_abstention,0.9978172779083252
ambiguous:user_ambiguous_012|alpha=15|measure=wager_abstention,ambiguous:user_ambiguous_012,ambiguous,15.0,wager_abstention,0.9989677667617798
ambiguous:ambigqa_train_-2840611200472199951|alpha=15|measure=wager_abstention,ambiguous:ambigqa_train_-2840611200472199951,ambiguous,15.0,wager_abstention,0.998498797416687
ambiguous:user_ambiguous_036|alpha=15|measure=wager_abstention,ambiguous:user_ambiguous_036,ambiguous,15.0,wager_abstention,0.9989677667617798
ambiguous:user_ambiguous_034|alpha=15|measure=wager_abstention,ambiguous:user_ambiguous_034,ambiguous,15.0,wager_abstention,0.7772998809814453
definite_false:qz_1393|alpha=15|measure=wager_abstention,definite_false:qz_1393,definite_false,15.0,wager_abstention,0.9241418242454529
definite_correct:tc_1284|alpha=15|measure=wager_abstention,definite_correct:tc_1284,definite_correct,15.0,wager_abstention,0.00012339458044152707
definite_correct:bb_121|alpha=15|measure=wager_abstention,definite_correct:bb_121,definite_correct,15.0,wager_abstention,0.0002611903182696551
definite_false:qw_5610|alpha=15|measure=wager_abstention,definite_false:qw_5610,definite_false,15.0,wager_abstention,0.0004305570910219103
ambiguous:user_ambiguous_029|alpha=15|measure=wager_abstention,ambiguous:user_ambiguous_029,ambiguous,15.0,wager_abstention,0.9525741338729858
ambiguous:synthetic_ambiguity_d830565486f2d0b0|alpha=15|measure=wager_abstention,ambiguous:synthetic_ambiguity_d830565486f2d0b0,ambiguous,15.0,wager_abstention,0.9998205304145813
ambiguous:synthetic_ambiguity_befa9c239cfadb1e|alpha=15|measure=wager_abstention,ambiguous:synthetic_ambiguity_befa9c239cfadb1e,ambiguous,15.0,wager_abstention,0.9997695088386536
definite_false:bb_3805|alpha=15|measure=wager_abstention,definite_false:bb_3805,definite_false,15.0,wager_abstention,0.02595735527575016
definite_false:dpql_3092|alpha=15|measure=wager_abstention,definite_false:dpql_3092,definite_false,15.0,wager_abstention,0.9992903470993042
definite_correct:qb_299|alpha=15|measure=wager_abstention,definite_correct:qb_299,definite_correct,15.0,wager_abstention,0.0019267345778644085
definite_correct:dpql_3447|alpha=15|measure=wager_abstention,definite_correct:dpql_3447,definite_correct,15.0,wager_abstention,0.0002611903182696551
ambiguous:user_ambiguous_046|alpha=15|measure=wager_abstention,ambiguous:user_ambiguous_046,ambiguous,15.0,wager_abstention,0.9968273043632507
definite_correct:qw_1068|alpha=15|measure=wager_abstention,definite_correct:qw_1068,definite_correct,15.0,wager_abstention,0.0001795279822545126
ambiguous:user_ambiguous_060|alpha=15|measure=wager_abstention,ambiguous:user_ambiguous_060,ambiguous,15.0,wager_abstention,0.9740425944328308
ambiguous:ambigqa_train_-6615422287569447999|alpha=15|measure=wager_abstention,ambiguous:ambigqa_train_-6615422287569447999,ambiguous,15.0,wager_abstention,0.9996646642684937
definite_correct:dpql_5846|alpha=15|measure=wager_abstention,definite_correct:dpql_5846,definite_correct,15.0,wager_abstention,0.002182716503739357
definite_false:bb_8893|alpha=15|measure=wager_abstention,definite_false:bb_8893,definite_false,15.0,wager_abstention,0.006692850962281227
definite_correct:qb_1456|alpha=15|measure=wager_abstention,definite_correct:qb_1456,definite_correct,15.0,wager_abstention,9.610241977497935e-05
ambiguous:user_ambiguous_037|alpha=15|measure=wager_abstention,ambiguous:user_ambiguous_037,ambiguous,15.0,wager_abstention,0.9875683188438416
definite_false:qw_5298|alpha=15|measure=wager_abstention,definite_false:qw_5298,definite_false,15.0,wager_abstention,0.998498797416687
definite_false:qb_3869|alpha=15|measure=wager_abstention,definite_false:qb_3869,definite_false,15.0,wager_abstention,0.9999339580535889
ambiguous:user_ambiguous_042|alpha=15|measure=wager_abstention,ambiguous:user_ambiguous_042,ambiguous,15.0,wager_abstention,0.8175744414329529
definite_false:qb_5694|alpha=15|measure=wager_abstention,definite_false:qb_5694,definite_false,15.0,wager_abstention,0.998498797416687
ambiguous:user_ambiguous_050|alpha=15|measure=wager_abstention,ambiguous:user_ambiguous_050,ambiguous,15.0,wager_abstention,0.9046505093574524
definite_correct:qw_1211|alpha=15|measure=wager_abstention,definite_correct:qw_1211,definite_correct,15.0,wager_abstention,0.00010889690020121634
definite_correct:bb_8732|alpha=15|measure=wager_abstention,definite_correct:bb_8732,definite_correct,15.0,wager_abstention,0.0002611903182696551
definite_false:qw_6106|alpha=15|measure=wager_abstention,definite_false:qw_6106,definite_false,15.0,wager_abstention,0.9986749291419983
definite_false:qb_3878|alpha=15|measure=wager_abstention,definite_false:qb_3878,definite_false,15.0,wager_abstention,0.22270014882087708
ambiguous:ambigqa_train_3267103377301376828|alpha=15|measure=wager_abstention,ambiguous:ambigqa_train_3267103377301376828,ambiguous,15.0,wager_abstention,0.22270014882087708
definite_correct:bb_5094|alpha=15|measure=wager_abstention,definite_correct:bb_5094,definite_correct,15.0,wager_abstention,0.7772998809814453
definite_correct:qw_2634|alpha=15|measure=wager_abstention,definite_correct:qw_2634,definite_correct,15.0,wager_abstention,0.3208213150501251
ambiguous:synthetic_ambiguity_0fb6efbc1bf0ec38|alpha=15|measure=wager_abstention,ambiguous:synthetic_ambiguity_0fb6efbc1bf0ec38,ambiguous,15.0,wager_abstention,0.9996199607849121
ambiguous:user_ambiguous_055|alpha=15|measure=wager_abstention,ambiguous:user_ambiguous_055,ambiguous,15.0,wager_abstention,0.8175744414329529
definite_false:bb_4598|alpha=15|measure=wager_abstention,definite_false:bb_4598,definite_false,15.0,wager_abstention,0.9995121955871582
ambiguous:user_ambiguous_015|alpha=15|measure=wager_abstention,ambiguous:user_ambiguous_015,ambiguous,15.0,wager_abstention,0.4378235340118408
ambiguous:user_ambiguous_061|alpha=0|measure=error_detection,ambiguous:user_ambiguous_061,ambiguous,0.0,error_detection,0.01590639166533947
ambiguous:ambigqa_train_4701094121253884727|alpha=0|measure=error_detection,ambiguous:ambigqa_train_4701094121253884727,ambiguous,0.0,error_detection,0.0004878571489825845
ambiguous:user_ambiguous_032|alpha=0|measure=error_detection,ambiguous:user_ambiguous_032,ambiguous,0.0,error_detection,0.18242551386356354
definite_false:bb_968|alpha=0|measure=error_detection,definite_false:bb_968,definite_false,0.0,error_detection,0.998498797416687
definite_false:qw_1298|alpha=0|measure=error_detection,definite_false:qw_1298,definite_false,0.0,error_detection,0.9999885559082031
definite_correct:qw_5335|alpha=0|measure=error_detection,definite_correct:qw_5335,definite_correct,0.0,error_detection,5.829126530443318e-05
ambiguous:user_ambiguous_050|alpha=0|measure=error_detection,ambiguous:user_ambiguous_050,ambiguous,0.0,error_detection,0.9820137619972229
ambiguous:user_ambiguous_026|alpha=0|measure=error_detection,ambiguous:user_ambiguous_026,ambiguous,0.0,error_detection,0.9989677667617798
definite_correct:dpql_633|alpha=0|measure=error_detection,definite_correct:dpql_633,definite_correct,0.0,error_detection,0.0011695101857185364
definite_false:bb_6487|alpha=0|measure=error_detection,definite_false:bb_6487,definite_false,0.0,error_detection,0.9241418242454529
ambiguous:user_ambiguous_016|alpha=0|measure=error_detection,ambiguous:user_ambiguous_016,ambiguous,0.0,error_detection,0.9947799444198608
ambiguous:user_ambiguous_081|alpha=0|measure=error_detection,ambiguous:user_ambiguous_081,ambiguous,0.0,error_detection,0.7310585975646973
definite_false:dpql_3827|alpha=0|measure=error_detection,definite_false:dpql_3827,definite_false,0.0,error_detection,0.8519527316093445
definite_correct:qb_4415|alpha=0|measure=error_detection,definite_correct:qb_4415,definite_correct,0.0,error_detection,0.00970847625285387
ambiguous:ambigqa_train_8846306718324708097|alpha=0|measure=error_detection,ambiguous:ambigqa_train_8846306718324708097,ambiguous,0.0,error_detection,0.0001795279822545126
definite_false:qw_3500|alpha=0|measure=error_detection,definite_false:qw_3500,definite_false,0.0,error_detection,8.481104305246845e-05
definite_false:qb_2901|alpha=0|measure=error_detection,definite_false:qb_2901,definite_false,0.0,error_detection,0.9990890026092529
ambiguous:user_ambiguous_070|alpha=0|measure=error_detection,ambiguous:user_ambiguous_070,ambiguous,0.0,error_detection,0.9859364032745361
ambiguous:user_ambiguous_045|alpha=0|measure=error_detection,ambiguous:user_ambiguous_045,ambiguous,0.0,error_detection,0.4378235340118408
definite_correct:wh_4358|alpha=0|measure=error_detection,definite_correct:wh_4358,definite_correct,0.0,error_detection,0.006692850962281227
ambiguous:user_ambiguous_064|alpha=0|measure=error_detection,ambiguous:user_ambiguous_064,ambiguous,0.0,error_detection,0.9820137619972229
definite_false:qw_3344|alpha=0|measure=error_detection,definite_false:qw_3344,definite_false,0.0,error_detection,0.9998205304145813
definite_false:dpql_384|alpha=0|measure=error_detection,definite_false:dpql_384,definite_false,0.0,error_detection,0.9933071732521057
ambiguous:ambigqa_train_-4861369907584367396|alpha=0|measure=error_detection,ambiguous:ambigqa_train_-4861369907584367396,ambiguous,0.0,error_detection,0.07585818320512772
definite_false:dpql_1695|alpha=0|measure=error_detection,definite_false:dpql_1695,definite_false,0.0,error_detection,0.9964063763618469
ambiguous:user_ambiguous_084|alpha=0|measure=error_detection,ambiguous:user_ambiguous_084,ambiguous,0.0,error_detection,0.622459352016449
definite_correct:qw_243|alpha=0|measure=error_detection,definite_correct:qw_243,definite_correct,0.0,error_detection,0.0009110512328334153
definite_correct:bb_436|alpha=0|measure=error_detection,definite_correct:bb_436,definite_correct,0.0,error_detection,0.0019267345778644085
definite_correct:tc_1323|alpha=0|measure=error_detection,definite_correct:tc_1323,definite_correct,0.0,error_detection,2.1444948288262822e-05
definite_false:qb_9682|alpha=0|measure=error_detection,definite_false:qb_9682,definite_false,0.0,error_detection,0.9998205304145813
ambiguous:user_ambiguous_060|alpha=0|measure=error_detection,ambiguous:user_ambiguous_060,ambiguous,0.0,error_detection,0.8175744414329529
ambiguous:user_ambiguous_099|alpha=0|measure=error_detection,ambiguous:user_ambiguous_099,ambiguous,0.0,error_detection,0.07585818320512772
ambiguous:user_ambiguous_048|alpha=0|measure=error_detection,ambiguous:user_ambiguous_048,ambiguous,0.0,error_detection,0.14804719388484955
ambiguous:user_ambiguous_089|alpha=0|measure=error_detection,ambiguous:user_ambiguous_089,ambiguous,0.0,error_detection,0.8807970285415649
definite_false:bb_6668|alpha=0|measure=error_detection,definite_false:bb_6668,definite_false,0.0,error_detection,0.998498797416687
definite_correct:qb_3684|alpha=0|measure=error_detection,definite_correct:qb_3684,definite_correct,0.0,error_detection,3.535625000949949e-05
definite_false:dpql_3092|alpha=0|measure=error_detection,definite_false:dpql_3092,definite_false,0.0,error_detection,0.999987006187439
definite_correct:qw_393|alpha=0|measure=error_detection,definite_correct:qw_393,definite_correct,0.0,error_detection,0.00033535013790242374
definite_false:bb_4598|alpha=0|measure=error_detection,definite_false:bb_4598,definite_false,0.0,error_detection,0.9924227595329285
definite_correct:qb_6581|alpha=0|measure=error_detection,definite_correct:qb_6581,definite_correct,0.0,error_detection,0.00033535013790242374
definite_false:qb_4987|alpha=0|measure=error_detection,definite_false:qb_4987,definite_false,0.0,error_detection,0.9999938011169434
ambiguous:user_ambiguous_039|alpha=0|measure=error_detection,ambiguous:user_ambiguous_039,ambiguous,0.0,error_detection,0.8175744414329529
definite_correct:dpql_5223|alpha=0|measure=error_detection,definite_correct:dpql_5223,definite_correct,0.0,error_detection,0.09534946084022522
ambiguous:user_ambiguous_071|alpha=0|measure=error_detection,ambiguous:user_ambiguous_071,ambiguous,0.0,error_detection,0.9399133324623108
definite_correct:qb_8036|alpha=0|measure=error_detection,definite_correct:qb_8036,definite_correct,0.0,error_detection,0.0011695101857185364
definite_correct:qb_5063|alpha=0|measure=error_detection,definite_correct:qb_5063,definite_correct,0.0,error_detection,0.0010322310263291001
definite_correct:bb_6024|alpha=0|measure=error_detection,definite_correct:bb_6024,definite_correct,0.0,error_detection,0.07585818320512772
ambiguous:user_ambiguous_033|alpha=0|measure=error_detection,ambiguous:user_ambiguous_033,ambiguous,0.0,error_detection,0.9525741338729858
definite_false:qb_919|alpha=0|measure=error_detection,definite_false:qb_919,definite_false,0.0,error_detection,0.06008664891123772
ambiguous:user_ambiguous_082|alpha=0|measure=error_detection,ambiguous:user_ambiguous_082,ambiguous,0.0,error_detection,0.8175744414329529
ambiguous:user_ambiguous_035|alpha=0|measure=error_detection,ambiguous:user_ambiguous_035,ambiguous,0.0,error_detection,0.7310585975646973
definite_correct:qb_6086|alpha=0|measure=error_detection,definite_correct:qb_6086,definite_correct,0.0,error_detection,1.3007128472963814e-05
definite_false:qw_4953|alpha=0|measure=error_detection,definite_false:qw_4953,definite_false,0.0,error_detection,0.9999833106994629
definite_correct:wh_51|alpha=0|measure=error_detection,definite_correct:wh_51,definite_correct,0.0,error_detection,7.484622619813308e-05
ambiguous:ambigqa_train_-5327098669371634148|alpha=0|measure=error_detection,ambiguous:ambigqa_train_-5327098669371634148,ambiguous,0.0,error_detection,0.9840936064720154
definite_correct:dpql_2538|alpha=0|measure=error_detection,definite_correct:dpql_2538,definite_correct,0.0,error_detection,0.00012339458044152707
definite_correct:qz_5801|alpha=0|measure=error_detection,definite_correct:qz_5801,definite_correct,0.0,error_detection,2.4300239601871e-05
definite_false:wh_451|alpha=0|measure=error_detection,definite_false:wh_451,definite_false,0.0,error_detection,0.999987006187439
definite_false:qb_2928|alpha=0|measure=error_detection,definite_false:qb_2928,definite_false,0.0,error_detection,0.9999810457229614
definite_false:wh_527|alpha=0|measure=error_detection,definite_false:wh_527,definite_false,0.0,error_detection,0.9999946355819702
ambiguous:user_ambiguous_001|alpha=0|measure=error_detection,ambiguous:user_ambiguous_001,ambiguous,0.0,error_detection,0.998498797416687
definite_false:dpql_2259|alpha=0|measure=error_detection,definite_false:dpql_2259,definite_false,0.0,error_detection,0.8175744414329529
definite_correct:qw_4882|alpha=0|measure=error_detection,definite_correct:qw_4882,definite_correct,0.0,error_detection,0.014063626527786255
definite_correct:qz_340|alpha=0|measure=error_detection,definite_correct:qz_340,definite_correct,0.0,error_detection,0.0007096704212017357
definite_false:dpql_5115|alpha=0|measure=error_detection,definite_false:dpql_5115,definite_false,0.0,error_detection,0.9989677667617798
ambiguous:user_ambiguous_091|alpha=0|measure=error_detection,ambiguous:user_ambiguous_091,ambiguous,0.0,error_detection,0.957912266254425
ambiguous:user_ambiguous_004|alpha=0|measure=error_detection,ambiguous:user_ambiguous_004,ambiguous,0.0,error_detection,0.0013250223128125072
definite_correct:qb_2497|alpha=0|measure=error_detection,definite_correct:qb_2497,definite_correct,0.0,error_detection,3.120191104244441e-05
definite_correct:bb_1135|alpha=0|measure=error_detection,definite_correct:bb_1135,definite_correct,0.0,error_detection,0.00023050671734381467
definite_false:tc_3016|alpha=0|measure=error_detection,definite_false:tc_3016,definite_false,0.0,error_detection,0.9997695088386536
definite_correct:bb_20|alpha=0|measure=error_detection,definite_correct:bb_20,definite_correct,0.0,error_detection,0.00037998449988663197
definite_false:bb_1220|alpha=0|measure=error_detection,definite_false:bb_1220,definite_false,0.0,error_detection,0.9990890026092529
definite_correct:qb_9283|alpha=0|measure=error_detection,definite_correct:qb_9283,definite_correct,0.0,error_detection,0.00037998449988663197
ambiguous:user_ambiguous_018|alpha=0|measure=error_detection,ambiguous:user_ambiguous_018,ambiguous,0.0,error_detection,0.008577484637498856
ambiguous:user_ambiguous_038|alpha=0|measure=error_detection,ambiguous:user_ambiguous_038,ambiguous,0.0,error_detection,0.9241418242454529
ambiguous:synthetic_ambiguity_0fb6efbc1bf0ec38|alpha=0|measure=error_detection,ambiguous:synthetic_ambiguity_0fb6efbc1bf0ec38,ambiguous,0.0,error_detection,0.7310585975646973
ambiguous:user_ambiguous_059|alpha=0|measure=error_detection,ambiguous:user_ambiguous_059,ambiguous,0.0,error_detection,0.5
definite_false:dpql_4319|alpha=0|measure=error_detection,definite_false:dpql_4319,definite_false,0.0,error_detection,0.9994471669197083
definite_correct:wh_3778|alpha=0|measure=error_detection,definite_correct:wh_3778,definite_correct,0.0,error_detection,0.0004878571489825845
definite_false:qb_3869|alpha=0|measure=error_detection,definite_false:qb_3869,definite_false,0.0,error_detection,0.9996646642684937
ambiguous:user_ambiguous_076|alpha=0|measure=error_detection,ambiguous:user_ambiguous_076,ambiguous,0.0,error_detection,0.4378235340118408
ambiguous:synthetic_ambiguity_77277aded01ef92e|alpha=0|measure=error_detection,ambiguous:synthetic_ambiguity_77277aded01ef92e,ambiguous,0.0,error_detection,0.9947799444198608
ambiguous:ambigqa_train_-6615422287569447999|alpha=0|measure=error_detection,ambiguous:ambigqa_train_-6615422287569447999,ambiguous,0.0,error_detection,0.8807970285415649
ambiguous:user_ambiguous_055|alpha=0|measure=error_detection,ambiguous:user_ambiguous_055,ambiguous,0.0,error_detection,0.4378235340118408
definite_false:tc_349|alpha=0|measure=error_detection,definite_false:tc_349,definite_false,0.0,error_detection,0.9840936064720154
definite_false:bb_2616|alpha=0|measure=error_detection,definite_false:bb_2616,definite_false,0.0,error_detection,0.999995231628418
definite_false:tc_2556|alpha=0|measure=error_detection,definite_false:tc_2556,definite_false,0.0,error_detection,0.999373733997345
definite_correct:qw_1816|alpha=0|measure=error_detection,definite_correct:qw_1816,definite_correct,0.0,error_detection,1.6701422282494605e-05
ambiguous:ambigqa_dev_-2928173928559810904|alpha=0|measure=error_detection,ambiguous:ambigqa_dev_-2928173928559810904,ambiguous,0.0,error_detection,0.005220125894993544
definite_correct:qz_1139|alpha=0|measure=error_detection,definite_correct:qz_1139,definite_correct,0.0,error_detection,1.0129991096619051e-05
definite_correct:wh_1933|alpha=0|measure=error_detection,definite_correct:wh_1933,definite_correct,0.0,error_detection,0.00023050671734381467
ambiguous:user_ambiguous_025|alpha=0|measure=error_detection,ambiguous:user_ambiguous_025,ambiguous,0.0,error_detection,0.9997040629386902
definite_false:dpql_1059|alpha=0|measure=error_detection,definite_false:dpql_1059,definite_false,0.0,error_detection,0.00029595711384899914
ambiguous:user_ambiguous_049|alpha=0|measure=error_detection,ambiguous:user_ambiguous_049,ambiguous,0.0,error_detection,0.7310585975646973
ambiguous:user_ambiguous_069|alpha=0|measure=error_detection,ambiguous:user_ambiguous_069,ambiguous,0.0,error_detection,0.8807970285415649
definite_false:dpql_3261|alpha=0|measure=error_detection,definite_false:dpql_3261,definite_false,0.0,error_detection,0.9992903470993042
definite_false:qb_3624|alpha=0|measure=error_detection,definite_false:qb_3624,definite_false,0.0,error_detection,0.9989677667617798
definite_correct:qb_2934|alpha=0|measure=error_detection,definite_correct:qb_2934,definite_correct,0.0,error_detection,0.037326883524656296
ambiguous:ambigqa_train_-4847378126974715981|alpha=0|measure=error_detection,ambiguous:ambigqa_train_-4847378126974715981,ambiguous,0.0,error_detection,0.4378235340118408
definite_correct:bb_2326|alpha=0|measure=error_detection,definite_correct:bb_2326,definite_correct,0.0,error_detection,2.7535690605873242e-05
definite_false:bb_8205|alpha=0|measure=error_detection,definite_false:bb_8205,definite_false,0.0,error_detection,0.9971990585327148
definite_correct:bb_7263|alpha=0|measure=error_detection,definite_correct:bb_7263,definite_correct,0.0,error_detection,0.008577484637498856
definite_false:qb_2370|alpha=0|measure=error_detection,definite_false:qb_2370,definite_false,0.0,error_detection,0.998498797416687
definite_correct:qw_1253|alpha=0|measure=error_detection,definite_correct:qw_1253,definite_correct,0.0,error_detection,0.007577241398394108
definite_false:dpql_4754|alpha=0|measure=error_detection,definite_false:dpql_4754,definite_false,0.0,error_detection,0.9991958737373352
definite_false:bb_77|alpha=0|measure=error_detection,definite_false:bb_77,definite_false,0.0,error_detection,0.9964063763618469
ambiguous:ambigqa_train_-4829972042995259834|alpha=0|measure=error_detection,ambiguous:ambigqa_train_-4829972042995259834,ambiguous,0.0,error_detection,0.09534946084022522
ambiguous:ambigqa_dev_-2861341002123248407|alpha=0|measure=error_detection,ambiguous:ambigqa_dev_-2861341002123248407,ambiguous,0.0,error_detection,0.9924227595329285
definite_correct:tc_2317|alpha=0|measure=error_detection,definite_correct:tc_2317,definite_correct,0.0,error_detection,1.6701422282494605e-05
definite_false:qb_355|alpha=0|measure=error_detection,definite_false:qb_355,definite_false,0.0,error_detection,0.037326883524656296
definite_correct:qb_1456|alpha=0|measure=error_detection,definite_correct:qb_1456,definite_correct,0.0,error_detection,0.0017007224960252643
definite_false:wh_2424|alpha=0|measure=error_detection,definite_false:wh_2424,definite_false,0.0,error_detection,0.00010889690020121634
definite_false:bb_596|alpha=0|measure=error_detection,definite_false:bb_596,definite_false,0.0,error_detection,0.9990890026092529
ambiguous:user_ambiguous_093|alpha=0|measure=error_detection,ambiguous:user_ambiguous_093,ambiguous,0.0,error_detection,0.10669060051441193
definite_false:wh_2928|alpha=0|measure=error_detection,definite_false:wh_2928,definite_false,0.0,error_detection,0.970687747001648
definite_false:tc_540|alpha=0|measure=error_detection,definite_false:tc_540,definite_false,0.0,error_detection,0.9933071732521057
definite_false:qb_4446|alpha=0|measure=error_detection,definite_false:qb_4446,definite_false,0.0,error_detection,0.9978172779083252
definite_correct:bb_6117|alpha=0|measure=error_detection,definite_correct:bb_6117,definite_correct,0.0,error_detection,0.00029595711384899914
definite_correct:qz_3927|alpha=0|measure=error_detection,definite_correct:qz_3927,definite_correct,0.0,error_detection,0.053403329104185104
definite_false:dpql_2396|alpha=0|measure=error_detection,definite_false:dpql_2396,definite_false,0.0,error_detection,0.9796676635742188
ambiguous:user_ambiguous_074|alpha=0|measure=error_detection,ambiguous:user_ambiguous_074,ambiguous,0.0,error_detection,0.9959298968315125
ambiguous:user_ambiguous_029|alpha=0|measure=error_detection,ambiguous:user_ambiguous_029,ambiguous,0.0,error_detection,0.9046505093574524
definite_correct:bb_5094|alpha=0|measure=error_detection,definite_correct:bb_5094,definite_correct,0.0,error_detection,0.0010322310263291001
definite_correct:qw_5716|alpha=0|measure=error_detection,definite_correct:qw_5716,definite_correct,0.0,error_detection,0.9998601675033569
definite_false:dpql_4977|alpha=0|measure=error_detection,definite_false:dpql_4977,definite_false,0.0,error_detection,2.4300239601871e-05
definite_correct:dpql_3467|alpha=0|measure=error_detection,definite_correct:dpql_3467,definite_correct,0.0,error_detection,0.0004305570910219103
definite_correct:qb_7921|alpha=0|measure=error_detection,definite_correct:qb_7921,definite_correct,0.0,error_detection,6.962256520637311e-06
definite_false:qz_3440|alpha=0|measure=error_detection,definite_false:qz_3440,definite_false,0.0,error_detection,0.9971990585327148
definite_correct:qb_1172|alpha=0|measure=error_detection,definite_correct:qb_1172,definite_correct,0.0,error_detection,1.3007128472963814e-05
definite_false:bb_8893|alpha=0|measure=error_detection,definite_false:bb_8893,definite_false,0.0,error_detection,0.014063626527786255
definite_false:bb_3805|alpha=0|measure=error_detection,definite_false:bb_3805,definite_false,0.0,error_detection,0.2018132209777832
definite_correct:dpql_5846|alpha=0|measure=error_detection,definite_correct:dpql_5846,definite_correct,0.0,error_detection,0.0019267345778644085
ambiguous:user_ambiguous_027|alpha=0|measure=error_detection,ambiguous:user_ambiguous_027,ambiguous,0.0,error_detection,0.6791787147521973
ambiguous:ambigqa_train_-282133277527244056|alpha=0|measure=error_detection,ambiguous:ambigqa_train_-282133277527244056,ambiguous,0.0,error_detection,0.00247262348420918
ambiguous:synthetic_ambiguity_befa9c239cfadb1e|alpha=0|measure=error_detection,ambiguous:synthetic_ambiguity_befa9c239cfadb1e,ambiguous,0.0,error_detection,0.9996646642684937
ambiguous:user_ambiguous_042|alpha=0|measure=error_detection,ambiguous:user_ambiguous_042,ambiguous,0.0,error_detection,0.02931223064661026
definite_false:qw_3353|alpha=0|measure=error_detection,definite_false:qw_3353,definite_false,0.0,error_detection,0.9995121955871582
definite_false:qb_3296|alpha=0|measure=error_detection,definite_false:qb_3296,definite_false,0.0,error_detection,0.9964063763618469
definite_false:qz_1393|alpha=0|measure=error_detection,definite_false:qz_1393,definite_false,0.0,error_detection,0.9990890026092529
definite_false:qz_2428|alpha=0|measure=error_detection,definite_false:qz_2428,definite_false,0.0,error_detection,0.9914224743843079
definite_correct:bb_5550|alpha=0|measure=error_detection,definite_correct:bb_5550,definite_correct,0.0,error_detection,0.006692850962281227
ambiguous:user_ambiguous_043|alpha=0|measure=error_detection,ambiguous:user_ambiguous_043,ambiguous,0.0,error_detection,0.07585818320512772
definite_correct:qb_6665|alpha=0|measure=error_detection,definite_correct:qb_6665,definite_correct,0.0,error_detection,7.484622619813308e-05
ambiguous:user_ambiguous_088|alpha=0|measure=error_detection,ambiguous:user_ambiguous_088,ambiguous,0.0,error_detection,0.9933071732521057
ambiguous:synthetic_ambiguity_39e9eaa2e03e1780|alpha=0|measure=error_detection,ambiguous:synthetic_ambiguity_39e9eaa2e03e1780,ambiguous,0.0,error_detection,0.9995121955871582
ambiguous:user_ambiguous_078|alpha=0|measure=error_detection,ambiguous:user_ambiguous_078,ambiguous,0.0,error_detection,0.0013250223128125072
ambiguous:user_ambiguous_031|alpha=0|measure=error_detection,ambiguous:user_ambiguous_031,ambiguous,0.0,error_detection,0.9978172779083252
ambiguous:user_ambiguous_090|alpha=0|measure=error_detection,ambiguous:user_ambiguous_090,ambiguous,0.0,error_detection,0.18242551386356354
definite_correct:qb_1435|alpha=0|measure=error_detection,definite_correct:qb_1435,definite_correct,0.0,error_detection,7.484622619813308e-05
ambiguous:user_ambiguous_008|alpha=0|measure=error_detection,ambiguous:user_ambiguous_008,ambiguous,0.0,error_detection,0.7772998809814453
definite_correct:qb_8861|alpha=0|measure=error_detection,definite_correct:qb_8861,definite_correct,0.0,error_detection,0.006692850962281227
definite_correct:wh_1303|alpha=0|measure=error_detection,definite_correct:wh_1303,definite_correct,0.0,error_detection,0.0031726828310638666
ambiguous:synthetic_ambiguity_eccd45548d369037|alpha=0|measure=error_detection,ambiguous:synthetic_ambiguity_eccd45548d369037,ambiguous,0.0,error_detection,0.9991958737373352
ambiguous:user_ambiguous_068|alpha=0|measure=error_detection,ambiguous:user_ambiguous_068,ambiguous,0.0,error_detection,0.9902915358543396
definite_false:tc_3120|alpha=0|measure=error_detection,definite_false:tc_3120,definite_false,0.0,error_detection,0.9988304972648621
ambiguous:user_ambiguous_062|alpha=0|measure=error_detection,ambiguous:user_ambiguous_062,ambiguous,0.0,error_detection,0.9890130758285522
definite_correct:qb_9452|alpha=0|measure=error_detection,definite_correct:qb_9452,definite_correct,0.0,error_detection,0.0009110512328334153
definite_correct:bb_6465|alpha=0|measure=error_detection,definite_correct:bb_6465,definite_correct,0.0,error_detection,0.004070138093084097
definite_false:tc_2728|alpha=0|measure=error_detection,definite_false:tc_2728,definite_false,0.0,error_detection,0.9978172779083252
definite_false:qb_3427|alpha=0|measure=error_detection,definite_false:qb_3427,definite_false,0.0,error_detection,0.9989677667617798
ambiguous:user_ambiguous_092|alpha=0|measure=error_detection,ambiguous:user_ambiguous_092,ambiguous,0.0,error_detection,0.7549149990081787
definite_correct:qb_3191|alpha=0|measure=error_detection,definite_correct:qb_3191,definite_correct,0.0,error_detection,1.8925147742265835e-05
definite_false:tc_2506|alpha=0|measure=error_detection,definite_false:tc_2506,definite_false,0.0,error_detection,0.9997965693473816
definite_correct:qb_8250|alpha=0|measure=error_detection,definite_correct:qb_8250,definite_correct,0.0,error_detection,3.535625000949949e-05
ambiguous:user_ambiguous_046|alpha=0|measure=error_detection,ambiguous:user_ambiguous_046,ambiguous,0.0,error_detection,0.9626730680465698
definite_false:wh_1706|alpha=0|measure=error_detection,definite_false:wh_1706,definite_false,0.0,error_detection,0.9978172779083252
definite_false:qb_5694|alpha=0|measure=error_detection,definite_false:qb_5694,definite_false,0.0,error_detection,0.998498797416687
definite_false:bb_8112|alpha=0|measure=error_detection,definite_false:bb_8112,definite_false,0.0,error_detection,0.006692850962281227
definite_false:bb_4519|alpha=0|measure=error_detection,definite_false:bb_4519,definite_false,0.0,error_detection,0.9953904151916504
ambiguous:synthetic_ambiguity_db564851e7629ffa|alpha=0|measure=error_detection,ambiguous:synthetic_ambiguity_db564851e7629ffa,ambiguous,0.0,error_detection,0.9980732202529907
definite_correct:bb_121|alpha=0|measure=error_detection,definite_correct:bb_121,definite_correct,0.0,error_detection,0.22270014882087708
definite_false:dpql_151|alpha=0|measure=error_detection,definite_false:dpql_151,definite_false,0.0,error_detection,0.11920291185379028
definite_correct:qw_1211|alpha=0|measure=error_detection,definite_correct:qw_1211,definite_correct,0.0,error_detection,8.481104305246845e-05
ambiguous:user_ambiguous_007|alpha=0|measure=error_detection,ambiguous:user_ambiguous_007,ambiguous,0.0,error_detection,0.622459352016449
ambiguous:ambigqa_train_6622540978806844416|alpha=0|measure=error_detection,ambiguous:ambigqa_train_6622540978806844416,ambiguous,0.0,error_detection,0.11920291185379028
definite_false:qb_4397|alpha=0|measure=error_detection,definite_false:qb_4397,definite_false,0.0,error_detection,0.9999833106994629
definite_correct:qb_34|alpha=0|measure=error_detection,definite_correct:qb_34,definite_correct,0.0,error_detection,0.0017007224960252643
definite_false:wh_252|alpha=0|measure=error_detection,definite_false:wh_252,definite_false,0.0,error_detection,0.9988304972648621
definite_correct:qb_8074|alpha=0|measure=error_detection,definite_correct:qb_8074,definite_correct,0.0,error_detection,0.0004305570910219103
definite_false:qb_525|alpha=0|measure=error_detection,definite_false:qb_525,definite_false,0.0,error_detection,0.9978172779083252
definite_correct:qw_6782|alpha=0|measure=error_detection,definite_correct:qw_6782,definite_correct,0.0,error_detection,0.00033535013790242374
ambiguous:ambigqa_train_3267103377301376828|alpha=0|measure=error_detection,ambiguous:ambigqa_train_3267103377301376828,ambiguous,0.0,error_detection,0.01798621006309986
ambiguous:user_ambiguous_056|alpha=0|measure=error_detection,ambiguous:user_ambiguous_056,ambiguous,0.0,error_detection,0.9980732202529907
definite_false:dpql_5545|alpha=0|measure=error_detection,definite_false:dpql_5545,definite_false,0.0,error_detection,0.8519527316093445
definite_false:qw_5298|alpha=0|measure=error_detection,definite_false:qw_5298,definite_false,0.0,error_detection,0.9995694756507874
definite_false:bb_5317|alpha=0|measure=error_detection,definite_false:bb_5317,definite_false,0.0,error_detection,0.9991958737373352
definite_correct:dpql_6083|alpha=0|measure=error_detection,definite_correct:dpql_6083,definite_correct,0.0,error_detection,0.00012339458044152707
ambiguous:user_ambiguous_015|alpha=0|measure=error_detection,ambiguous:user_ambiguous_015,ambiguous,0.0,error_detection,0.8175744414329529
ambiguous:ambigqa_dev_2248395039731877618|alpha=0|measure=error_detection,ambiguous:ambigqa_dev_2248395039731877618,ambiguous,0.0,error_detection,0.007577241398394108
ambiguous:user_ambiguous_019|alpha=0|measure=error_detection,ambiguous:user_ambiguous_019,ambiguous,0.0,error_detection,0.07585818320512772
ambiguous:user_ambiguous_063|alpha=0|measure=error_detection,ambiguous:user_ambiguous_063,ambiguous,0.0,error_detection,0.9968273043632507
ambiguous:ambigqa_train_-4290930682953750669|alpha=0|measure=error_detection,ambiguous:ambigqa_train_-4290930682953750669,ambiguous,0.0,error_detection,0.010986942797899246
definite_false:qb_1556|alpha=0|measure=error_detection,definite_false:qb_1556,definite_false,0.0,error_detection,0.01590639166533947
definite_false:bb_4587|alpha=0|measure=error_detection,definite_false:bb_4587,definite_false,0.0,error_detection,0.9997965693473816
definite_correct:qw_1421|alpha=0|measure=error_detection,definite_correct:qw_1421,definite_correct,0.0,error_detection,3.120191104244441e-05
definite_correct:qb_2589|alpha=0|measure=error_detection,definite_correct:qb_2589,definite_correct,0.0,error_detection,0.00023050671734381467
definite_correct:wh_453|alpha=0|measure=error_detection,definite_correct:wh_453,definite_correct,0.0,error_detection,8.481104305246845e-05
definite_correct:qb_916|alpha=0|measure=error_detection,definite_correct:qb_916,definite_correct,0.0,error_detection,0.0008040859247557819
definite_false:qw_6106|alpha=0|measure=error_detection,definite_false:qw_6106,definite_false,0.0,error_detection,0.9953904151916504
definite_false:bb_5659|alpha=0|measure=error_detection,definite_false:bb_5659,definite_false,0.0,error_detection,0.999841570854187
definite_correct:bb_1467|alpha=0|measure=error_detection,definite_correct:bb_1467,definite_correct,0.0,error_detection,0.000552778597921133
definite_correct:dpql_3447|alpha=0|measure=error_detection,definite_correct:dpql_3447,definite_correct,0.0,error_detection,8.481104305246845e-05
definite_correct:qb_4336|alpha=0|measure=error_detection,definite_correct:qb_4336,definite_correct,0.0,error_detection,7.889262633398175e-06
definite_correct:bb_500|alpha=0|measure=error_detection,definite_correct:bb_500,definite_correct,0.0,error_detection,0.00015843621804378927
definite_correct:bb_9251|alpha=0|measure=error_detection,definite_correct:bb_9251,definite_correct,0.0,error_detection,5.144221358932555e-05
ambiguous:user_ambiguous_012|alpha=0|measure=error_detection,ambiguous:user_ambiguous_012,ambiguous,0.0,error_detection,0.970687747001648
definite_false:bb_5849|alpha=0|measure=error_detection,definite_false:bb_5849,definite_false,0.0,error_detection,0.9982993006706238
definite_correct:qb_2148|alpha=0|measure=error_detection,definite_correct:qb_2148,definite_correct,0.0,error_detection,2.1444948288262822e-05
definite_correct:bb_9184|alpha=0|measure=error_detection,definite_correct:bb_9184,definite_correct,0.0,error_detection,0.007577241398394108
definite_correct:bb_8732|alpha=0|measure=error_detection,definite_correct:bb_8732,definite_correct,0.0,error_detection,3.120191104244441e-05
definite_correct:qb_10132|alpha=0|measure=error_detection,definite_correct:qb_10132,definite_correct,0.0,error_detection,0.0009110512328334153
definite_correct:qb_7271|alpha=0|measure=error_detection,definite_correct:qb_7271,definite_correct,0.0,error_detection,1.473898100812221e-05
definite_false:qb_6250|alpha=0|measure=error_detection,definite_false:qb_6250,definite_false,0.0,error_detection,0.4378235340118408
definite_correct:dpql_6346|alpha=0|measure=error_detection,definite_correct:dpql_6346,definite_correct,0.0,error_detection,0.0019267345778644085
definite_correct:bb_810|alpha=0|measure=error_detection,definite_correct:bb_810,definite_correct,0.0,error_detection,6.605214002775028e-05
definite_correct:qw_859|alpha=0|measure=error_detection,definite_correct:qw_859,definite_correct,0.0,error_detection,1.6701422282494605e-05
definite_correct:bb_2920|alpha=0|measure=error_detection,definite_correct:bb_2920,definite_correct,0.0,error_detection,1.473898100812221e-05
definite_false:qb_2329|alpha=0|measure=error_detection,definite_false:qb_2329,definite_false,0.0,error_detection,0.9999921321868896
ambiguous:synthetic_ambiguity_736399f8375cbe45|alpha=0|measure=error_detection,ambiguous:synthetic_ambiguity_736399f8375cbe45,ambiguous,0.0,error_detection,0.9994471669197083
definite_false:tc_1535|alpha=0|measure=error_detection,definite_false:tc_1535,definite_false,0.0,error_detection,0.9980732202529907
ambiguous:user_ambiguous_094|alpha=0|measure=error_detection,ambiguous:user_ambiguous_094,ambiguous,0.0,error_detection,0.07585818320512772
ambiguous:user_ambiguous_005|alpha=0|measure=error_detection,ambiguous:user_ambiguous_005,ambiguous,0.0,error_detection,0.037326883524656296
definite_correct:tc_1284|alpha=0|measure=error_detection,definite_correct:tc_1284,definite_correct,0.0,error_detection,5.829126530443318e-05
definite_false:qw_5610|alpha=0|measure=error_detection,definite_false:qw_5610,definite_false,0.0,error_detection,0.007577241398394108
definite_correct:bb_4832|alpha=0|measure=error_detection,definite_correct:bb_4832,definite_correct,0.0,error_detection,0.00037998449988663197
definite_false:qw_5896|alpha=0|measure=error_detection,definite_false:qw_5896,definite_false,0.0,error_detection,0.9933071732521057
ambiguous:ambigqa_train_-2840611200472199951|alpha=0|measure=error_detection,ambiguous:ambigqa_train_-2840611200472199951,ambiguous,0.0,error_detection,0.9890130758285522
ambiguous:synthetic_ambiguity_c51d6353acd62fc1|alpha=0|measure=error_detection,ambiguous:synthetic_ambiguity_c51d6353acd62fc1,ambiguous,0.0,error_detection,0.8807970285415649
ambiguous:ambigqa_dev_-9219689808672072116|alpha=0|measure=error_detection,ambiguous:ambigqa_dev_-9219689808672072116,ambiguous,0.0,error_detection,0.00023050671734381467
definite_false:qb_3225|alpha=0|measure=error_detection,definite_false:qb_3225,definite_false,0.0,error_detection,0.977022647857666
ambiguous:ambigqa_train_-5746040628732928353|alpha=0|measure=error_detection,ambiguous:ambigqa_train_-5746040628732928353,ambiguous,0.0,error_detection,0.01798621006309986
ambiguous:user_ambiguous_037|alpha=0|measure=error_detection,ambiguous:user_ambiguous_037,ambiguous,0.0,error_detection,0.9947799444198608
definite_false:qw_3732|alpha=0|measure=error_detection,definite_false:qw_3732,definite_false,0.0,error_detection,0.0017007224960252643
ambiguous:ambigqa_train_389267376370423320|alpha=0|measure=error_detection,ambiguous:ambigqa_train_389267376370423320,ambiguous,0.0,error_detection,0.02931223064661026
definite_false:wh_3277|alpha=0|measure=error_detection,definite_false:wh_3277,definite_false,0.0,error_detection,0.998498797416687
definite_correct:qb_650|alpha=0|measure=error_detection,definite_correct:qb_650,definite_correct,0.0,error_detection,3.7266393064783188e-06
definite_false:qb_936|alpha=0|measure=error_detection,definite_false:qb_936,definite_false,0.0,error_detection,0.22270014882087708
definite_false:dpql_4053|alpha=0|measure=error_detection,definite_false:dpql_4053,definite_false,0.0,error_detection,0.999373733997345
ambiguous:ambigqa_train_6967337893340565499|alpha=0|measure=error_detection,ambiguous:ambigqa_train_6967337893340565499,ambiguous,0.0,error_detection,0.0019267345778644085
definite_false:qw_2399|alpha=0|measure=error_detection,definite_false:qw_2399,definite_false,0.0,error_detection,0.9999545812606812
definite_false:dpql_4205|alpha=0|measure=error_detection,definite_false:dpql_4205,definite_false,0.0,error_detection,0.2689414322376251
definite_false:qw_4954|alpha=0|measure=error_detection,definite_false:qw_4954,definite_false,0.0,error_detection,0.9999251365661621
ambiguous:user_ambiguous_073|alpha=0|measure=error_detection,ambiguous:user_ambiguous_073,ambiguous,0.0,error_detection,0.9241418242454529
ambiguous:ambigqa_dev_-1684587227477882737|alpha=0|measure=error_detection,ambiguous:ambigqa_dev_-1684587227477882737,ambiguous,0.0,error_detection,0.11920291185379028
definite_correct:qw_45|alpha=0|measure=error_detection,definite_correct:qw_45,definite_correct,0.0,error_detection,0.0011695101857185364
ambiguous:user_ambiguous_054|alpha=0|measure=error_detection,ambiguous:user_ambiguous_054,ambiguous,0.0,error_detection,0.14804719388484955
definite_correct:tc_1602|alpha=0|measure=error_detection,definite_correct:tc_1602,definite_correct,0.0,error_detection,0.2689414322376251
definite_correct:qb_4948|alpha=0|measure=error_detection,definite_correct:qb_4948,definite_correct,0.0,error_detection,0.00037998449988663197
definite_correct:bb_5566|alpha=0|measure=error_detection,definite_correct:bb_5566,definite_correct,0.0,error_detection,0.008577484637498856
definite_false:qw_3161|alpha=0|measure=error_detection,definite_false:qw_3161,definite_false,0.0,error_detection,0.9989677667617798
definite_correct:dpql_2276|alpha=0|measure=error_detection,definite_correct:dpql_2276,definite_correct,0.0,error_detection,1.473898100812221e-05
ambiguous:user_ambiguous_079|alpha=0|measure=error_detection,ambiguous:user_ambiguous_079,ambiguous,0.0,error_detection,0.22270014882087708
ambiguous:ambigqa_train_4887157859291163116|alpha=0|measure=error_detection,ambiguous:ambigqa_train_4887157859291163116,ambiguous,0.0,error_detection,0.010986942797899246
definite_correct:qb_299|alpha=0|measure=error_detection,definite_correct:qb_299,definite_correct,0.0,error_detection,0.0006263342220336199
definite_false:bb_981|alpha=0|measure=error_detection,definite_false:bb_981,definite_false,0.0,error_detection,0.998498797416687
definite_false:dpql_3912|alpha=0|measure=error_detection,definite_false:dpql_3912,definite_false,0.0,error_detection,0.9947799444198608
ambiguous:user_ambiguous_036|alpha=0|measure=error_detection,ambiguous:user_ambiguous_036,ambiguous,0.0,error_detection,0.9947799444198608
ambiguous:user_ambiguous_100|alpha=0|measure=error_detection,ambiguous:user_ambiguous_100,ambiguous,0.0,error_detection,0.977022647857666
ambiguous:user_ambiguous_017|alpha=0|measure=error_detection,ambiguous:user_ambiguous_017,ambiguous,0.0,error_detection,0.9995694756507874
ambiguous:user_ambiguous_024|alpha=0|measure=error_detection,ambiguous:user_ambiguous_024,ambiguous,0.0,error_detection,0.957912266254425
ambiguous:user_ambiguous_075|alpha=0|measure=error_detection,ambiguous:user_ambiguous_075,ambiguous,0.0,error_detection,0.9996199607849121
definite_false:qb_2899|alpha=0|measure=error_detection,definite_false:qb_2899,definite_false,0.0,error_detection,0.9964063763618469
definite_false:dpql_753|alpha=0|measure=error_detection,definite_false:dpql_753,definite_false,0.0,error_detection,0.9998205304145813
ambiguous:user_ambiguous_034|alpha=0|measure=error_detection,ambiguous:user_ambiguous_034,ambiguous,0.0,error_detection,0.9626730680465698
definite_false:qb_9244|alpha=0|measure=error_detection,definite_false:qb_9244,definite_false,0.0,error_detection,0.9914224743843079
definite_correct:qb_2932|alpha=0|measure=error_detection,definite_correct:qb_2932,definite_correct,0.0,error_detection,0.002182716503739357
definite_false:dpql_3319|alpha=0|measure=error_detection,definite_false:dpql_3319,definite_false,0.0,error_detection,0.9989677667617798
definite_correct:tc_954|alpha=0|measure=error_detection,definite_correct:tc_954,definite_correct,0.0,error_detection,0.002800926798954606
definite_correct:qb_365|alpha=0|measure=error_detection,definite_correct:qb_365,definite_correct,0.0,error_detection,2.4300239601871e-05
ambiguous:user_ambiguous_066|alpha=0|measure=error_detection,ambiguous:user_ambiguous_066,ambiguous,0.0,error_detection,0.9975274205207825
ambiguous:ambigqa_train_8480092557592561766|alpha=0|measure=error_detection,ambiguous:ambigqa_train_8480092557592561766,ambiguous,0.0,error_detection,0.9975274205207825
definite_correct:qb_3516|alpha=0|measure=error_detection,definite_correct:qb_3516,definite_correct,0.0,error_detection,0.000552778597921133
definite_false:qw_3582|alpha=0|measure=error_detection,definite_false:qw_3582,definite_false,0.0,error_detection,0.999373733997345
definite_correct:qb_2151|alpha=0|measure=error_detection,definite_correct:qb_2151,definite_correct,0.0,error_detection,6.605214002775028e-05
definite_correct:tc_955|alpha=0|measure=error_detection,definite_correct:tc_955,definite_correct,0.0,error_detection,0.0004878571489825845
definite_correct:qw_132|alpha=0|measure=error_detection,definite_correct:qw_132,definite_correct,0.0,error_detection,0.0019267345778644085
definite_false:qz_6898|alpha=0|measure=error_detection,definite_false:qz_6898,definite_false,0.0,error_detection,0.9988304972648621
ambiguous:synthetic_ambiguity_d830565486f2d0b0|alpha=0|measure=error_detection,ambiguous:synthetic_ambiguity_d830565486f2d0b0,ambiguous,0.0,error_detection,0.9859364032745361
definite_correct:dpql_216|alpha=0|measure=error_detection,definite_correct:dpql_216,definite_correct,0.0,error_detection,0.0015011822106316686
ambiguous:ambigqa_train_-6821663518687506172|alpha=0|measure=error_detection,ambiguous:ambigqa_train_-6821663518687506172,ambiguous,0.0,error_detection,0.09534946084022522
definite_correct:dpql_971|alpha=0|measure=error_detection,definite_correct:dpql_971,definite_correct,0.0,error_detection,0.08509904891252518
definite_correct:qb_3365|alpha=0|measure=error_detection,definite_correct:qb_3365,definite_correct,0.0,error_detection,0.0002611903182696551
definite_false:bb_7609|alpha=0|measure=error_detection,definite_false:bb_7609,definite_false,0.0,error_detection,0.9999958276748657
ambiguous:user_ambiguous_020|alpha=0|measure=error_detection,ambiguous:user_ambiguous_020,ambiguous,0.0,error_detection,0.4378235340118408
ambiguous:synthetic_ambiguity_7462141d7ff09177|alpha=0|measure=error_detection,ambiguous:synthetic_ambiguity_7462141d7ff09177,ambiguous,0.0,error_detection,0.9964063763618469
definite_false:qb_3987|alpha=0|measure=error_detection,definite_false:qb_3987,definite_false,0.0,error_detection,0.9990890026092529
definite_correct:qb_9954|alpha=0|measure=error_detection,definite_correct:qb_9954,definite_correct,0.0,error_detection,1.6701422282494605e-05
ambiguous:synthetic_ambiguity_127bbb74d142df4c|alpha=0|measure=error_detection,ambiguous:synthetic_ambiguity_127bbb74d142df4c,ambiguous,0.0,error_detection,0.8807970285415649
ambiguous:user_ambiguous_041|alpha=0|measure=error_detection,ambiguous:user_ambiguous_041,ambiguous,0.0,error_detection,0.02931223064661026
definite_correct:qw_2634|alpha=0|measure=error_detection,definite_correct:qw_2634,definite_correct,0.0,error_detection,0.022977370768785477
definite_correct:qb_4578|alpha=0|measure=error_detection,definite_correct:qb_4578,definite_correct,0.0,error_detection,3.120191104244441e-05
definite_false:tc_2257|alpha=0|measure=error_detection,definite_false:tc_2257,definite_false,0.0,error_detection,0.999987006187439
definite_false:qb_7085|alpha=0|measure=error_detection,definite_false:qb_7085,definite_false,0.0,error_detection,0.9399133324623108
definite_false:tc_2359|alpha=0|measure=error_detection,definite_false:tc_2359,definite_false,0.0,error_detection,0.9241418242454529
definite_false:qb_3878|alpha=0|measure=error_detection,definite_false:qb_3878,definite_false,0.0,error_detection,0.9990890026092529
definite_correct:wh_4041|alpha=0|measure=error_detection,definite_correct:wh_4041,definite_correct,0.0,error_detection,0.00029595711384899914
definite_correct:qw_4190|alpha=0|measure=error_detection,definite_correct:qw_4190,definite_correct,0.0,error_detection,6.605214002775028e-05
definite_correct:qw_1068|alpha=0|measure=error_detection,definite_correct:qw_1068,definite_correct,0.0,error_detection,0.0009110512328334153
definite_false:bb_2489|alpha=0|measure=error_detection,definite_false:bb_2489,definite_false,0.0,error_detection,0.970687747001648
definite_false:qw_3199|alpha=0|measure=error_detection,definite_false:qw_3199,definite_false,0.0,error_detection,0.9988304972648621
definite_correct:qb_2932|alpha=0|measure=confidence_manipulation_check,definite_correct:qb_2932,definite_correct,0.0,confidence_manipulation_check,0.8358833619749205
definite_false:qb_2901|alpha=0|measure=confidence_manipulation_check,definite_false:qb_2901,definite_false,0.0,confidence_manipulation_check,0.30564485262148083
ambiguous:user_ambiguous_016|alpha=0|measure=confidence_manipulation_check,ambiguous:user_ambiguous_016,ambiguous,0.0,confidence_manipulation_check,0.27612768500111995
ambiguous:user_ambiguous_050|alpha=0|measure=confidence_manipulation_check,ambiguous:user_ambiguous_050,ambiguous,0.0,confidence_manipulation_check,0.5767907947432832
definite_correct:wh_51|alpha=0|measure=confidence_manipulation_check,definite_correct:wh_51,definite_correct,0.0,confidence_manipulation_check,0.8390132562482294
definite_false:bb_3805|alpha=0|measure=confidence_manipulation_check,definite_false:bb_3805,definite_false,0.0,confidence_manipulation_check,0.6366612217649162
definite_false:qw_2399|alpha=0|measure=confidence_manipulation_check,definite_false:qw_2399,definite_false,0.0,confidence_manipulation_check,0.6379497678019106
definite_false:bb_2616|alpha=0|measure=confidence_manipulation_check,definite_false:bb_2616,definite_false,0.0,confidence_manipulation_check,0.3273360776714981
definite_correct:bb_7263|alpha=0|measure=confidence_manipulation_check,definite_correct:bb_7263,definite_correct,0.0,confidence_manipulation_check,0.6604509464930629
definite_correct:wh_3778|alpha=0|measure=confidence_manipulation_check,definite_correct:wh_3778,definite_correct,0.0,confidence_manipulation_check,0.7766179863902379
definite_false:qb_3987|alpha=0|measure=confidence_manipulation_check,definite_false:qb_3987,definite_false,0.0,confidence_manipulation_check,0.37049005541484803
definite_correct:bb_1467|alpha=0|measure=confidence_manipulation_check,definite_correct:bb_1467,definite_correct,0.0,confidence_manipulation_check,0.7218118606797361
definite_false:dpql_4977|alpha=0|measure=confidence_manipulation_check,definite_false:dpql_4977,definite_false,0.0,confidence_manipulation_check,0.7102629458068577
definite_false:qb_4397|alpha=0|measure=confidence_manipulation_check,definite_false:qb_4397,definite_false,0.0,confidence_manipulation_check,0.3142193710664287
ambiguous:user_ambiguous_038|alpha=0|measure=confidence_manipulation_check,ambiguous:user_ambiguous_038,ambiguous,0.0,confidence_manipulation_check,0.3294299549306743
ambiguous:ambigqa_train_-6821663518687506172|alpha=0|measure=confidence_manipulation_check,ambiguous:ambigqa_train_-6821663518687506172,ambiguous,0.0,confidence_manipulation_check,0.6456491986988112
definite_false:dpql_3092|alpha=0|measure=confidence_manipulation_check,definite_false:dpql_3092,definite_false,0.0,confidence_manipulation_check,0.2639449577312917
ambiguous:user_ambiguous_078|alpha=0|measure=confidence_manipulation_check,ambiguous:user_ambiguous_078,ambiguous,0.0,confidence_manipulation_check,0.7535754217405269
definite_correct:bb_5550|alpha=0|measure=confidence_manipulation_check,definite_correct:bb_5550,definite_correct,0.0,confidence_manipulation_check,0.713764566974669
definite_false:dpql_4319|alpha=0|measure=confidence_manipulation_check,definite_false:dpql_4319,definite_false,0.0,confidence_manipulation_check,0.599210305151064
ambiguous:ambigqa_dev_-2928173928559810904|alpha=0|measure=confidence_manipulation_check,ambiguous:ambigqa_dev_-2928173928559810904,ambiguous,0.0,confidence_manipulation_check,0.6190094657028566
ambiguous:synthetic_ambiguity_7462141d7ff09177|alpha=0|measure=confidence_manipulation_check,ambiguous:synthetic_ambiguity_7462141d7ff09177,ambiguous,0.0,confidence_manipulation_check,0.3728201114630792
definite_correct:qb_10132|alpha=0|measure=confidence_manipulation_check,definite_correct:qb_10132,definite_correct,0.0,confidence_manipulation_check,0.8333864646705876
definite_false:tc_2257|alpha=0|measure=confidence_manipulation_check,definite_false:tc_2257,definite_false,0.0,confidence_manipulation_check,0.20938693116186188
definite_correct:qb_7921|alpha=0|measure=confidence_manipulation_check,definite_correct:qb_7921,definite_correct,0.0,confidence_manipulation_check,0.7401921526647072
definite_correct:qb_2151|alpha=0|measure=confidence_manipulation_check,definite_correct:qb_2151,definite_correct,0.0,confidence_manipulation_check,0.7648705213459266
definite_false:qb_936|alpha=0|measure=confidence_manipulation_check,definite_false:qb_936,definite_false,0.0,confidence_manipulation_check,0.7725617902918884
definite_false:tc_540|alpha=0|measure=confidence_manipulation_check,definite_false:tc_540,definite_false,0.0,confidence_manipulation_check,0.6517071449707147
definite_correct:qb_8074|alpha=0|measure=confidence_manipulation_check,definite_correct:qb_8074,definite_correct,0.0,confidence_manipulation_check,0.7814832930916509
definite_false:qw_5298|alpha=0|measure=confidence_manipulation_check,definite_false:qw_5298,definite_false,0.0,confidence_manipulation_check,0.39120854893699286
definite_false:qw_3582|alpha=0|measure=confidence_manipulation_check,definite_false:qw_3582,definite_false,0.0,confidence_manipulation_check,0.36058064410462976
definite_correct:qw_243|alpha=0|measure=confidence_manipulation_check,definite_correct:qw_243,definite_correct,0.0,confidence_manipulation_check,0.7966382436582962
definite_correct:bb_1135|alpha=0|measure=confidence_manipulation_check,definite_correct:bb_1135,definite_correct,0.0,confidence_manipulation_check,0.6828558117397889
ambiguous:user_ambiguous_075|alpha=0|measure=confidence_manipulation_check,ambiguous:user_ambiguous_075,ambiguous,0.0,confidence_manipulation_check,0.27149730382079723
definite_false:wh_451|alpha=0|measure=confidence_manipulation_check,definite_false:wh_451,definite_false,0.0,confidence_manipulation_check,0.28838543572928754
ambiguous:synthetic_ambiguity_77277aded01ef92e|alpha=0|measure=confidence_manipulation_check,ambiguous:synthetic_ambiguity_77277aded01ef92e,ambiguous,0.0,confidence_manipulation_check,0.7406797380493572
definite_correct:tc_1602|alpha=0|measure=confidence_manipulation_check,definite_correct:tc_1602,definite_correct,0.0,confidence_manipulation_check,0.6737991360070736
ambiguous:user_ambiguous_090|alpha=0|measure=confidence_manipulation_check,ambiguous:user_ambiguous_090,ambiguous,0.0,confidence_manipulation_check,0.6299474303757734
ambiguous:user_ambiguous_066|alpha=0|measure=confidence_manipulation_check,ambiguous:user_ambiguous_066,ambiguous,0.0,confidence_manipulation_check,0.25676099737174807
ambiguous:ambigqa_train_4887157859291163116|alpha=0|measure=confidence_manipulation_check,ambiguous:ambigqa_train_4887157859291163116,ambiguous,0.0,confidence_manipulation_check,0.6467111021043365
ambiguous:ambigqa_train_6967337893340565499|alpha=0|measure=confidence_manipulation_check,ambiguous:ambigqa_train_6967337893340565499,ambiguous,0.0,confidence_manipulation_check,0.6711597254351459
definite_correct:dpql_6346|alpha=0|measure=confidence_manipulation_check,definite_correct:dpql_6346,definite_correct,0.0,confidence_manipulation_check,0.7346197366162073
definite_false:qz_2428|alpha=0|measure=confidence_manipulation_check,definite_false:qz_2428,definite_false,0.0,confidence_manipulation_check,0.6022899333853274
ambiguous:synthetic_ambiguity_736399f8375cbe45|alpha=0|measure=confidence_manipulation_check,ambiguous:synthetic_ambiguity_736399f8375cbe45,ambiguous,0.0,confidence_manipulation_check,0.25501802408252844
definite_correct:wh_1933|alpha=0|measure=confidence_manipulation_check,definite_correct:wh_1933,definite_correct,0.0,confidence_manipulation_check,0.8339771796825006
definite_false:bb_8112|alpha=0|measure=confidence_manipulation_check,definite_false:bb_8112,definite_false,0.0,confidence_manipulation_check,0.7063927545907746
definite_correct:dpql_6083|alpha=0|measure=confidence_manipulation_check,definite_correct:dpql_6083,definite_correct,0.0,confidence_manipulation_check,0.7318071002637907
ambiguous:user_ambiguous_041|alpha=0|measure=confidence_manipulation_check,ambiguous:user_ambiguous_041,ambiguous,0.0,confidence_manipulation_check,0.6829710709023175
definite_false:dpql_4053|alpha=0|measure=confidence_manipulation_check,definite_false:dpql_4053,definite_false,0.0,confidence_manipulation_check,0.48274939386174087
definite_correct:qb_6581|alpha=0|measure=confidence_manipulation_check,definite_correct:qb_6581,definite_correct,0.0,confidence_manipulation_check,0.6945570979388321
definite_correct:qb_6086|alpha=0|measure=confidence_manipulation_check,definite_correct:qb_6086,definite_correct,0.0,confidence_manipulation_check,0.7527273073087258
ambiguous:user_ambiguous_001|alpha=0|measure=confidence_manipulation_check,ambiguous:user_ambiguous_001,ambiguous,0.0,confidence_manipulation_check,0.24843814021442087
ambiguous:user_ambiguous_008|alpha=0|measure=confidence_manipulation_check,ambiguous:user_ambiguous_008,ambiguous,0.0,confidence_manipulation_check,0.7030695292509336
definite_false:qw_3500|alpha=0|measure=confidence_manipulation_check,definite_false:qw_3500,definite_false,0.0,confidence_manipulation_check,0.733258348013851
definite_false:dpql_3827|alpha=0|measure=confidence_manipulation_check,definite_false:dpql_3827,definite_false,0.0,confidence_manipulation_check,0.6138012208451983
definite_correct:bb_8732|alpha=0|measure=confidence_manipulation_check,definite_correct:bb_8732,definite_correct,0.0,confidence_manipulation_check,0.7110629245269365
ambiguous:user_ambiguous_037|alpha=0|measure=confidence_manipulation_check,ambiguous:user_ambiguous_037,ambiguous,0.0,confidence_manipulation_check,0.5749582971839118
definite_correct:qb_299|alpha=0|measure=confidence_manipulation_check,definite_correct:qb_299,definite_correct,0.0,confidence_manipulation_check,0.833369583448473
definite_false:dpql_151|alpha=0|measure=confidence_manipulation_check,definite_false:dpql_151,definite_false,0.0,confidence_manipulation_check,0.7118748295091791
definite_false:dpql_3319|alpha=0|measure=confidence_manipulation_check,definite_false:dpql_3319,definite_false,0.0,confidence_manipulation_check,0.30353936010214966
definite_false:qb_4446|alpha=0|measure=confidence_manipulation_check,definite_false:qb_4446,definite_false,0.0,confidence_manipulation_check,0.4215074369276408
definite_false:bb_6487|alpha=0|measure=confidence_manipulation_check,definite_false:bb_6487,definite_false,0.0,confidence_manipulation_check,0.6573414971342572
definite_false:qz_3440|alpha=0|measure=confidence_manipulation_check,definite_false:qz_3440,definite_false,0.0,confidence_manipulation_check,0.3692234796239063
definite_false:qb_525|alpha=0|measure=confidence_manipulation_check,definite_false:qb_525,definite_false,0.0,confidence_manipulation_check,0.38124958171974865
definite_false:dpql_4205|alpha=0|measure=confidence_manipulation_check,definite_false:dpql_4205,definite_false,0.0,confidence_manipulation_check,0.7315629664656171
definite_false:dpql_3912|alpha=0|measure=confidence_manipulation_check,definite_false:dpql_3912,definite_false,0.0,confidence_manipulation_check,0.6710975367663196
definite_false:qb_2928|alpha=0|measure=confidence_manipulation_check,definite_false:qb_2928,definite_false,0.0,confidence_manipulation_check,0.3763558252481744
definite_correct:qb_2148|alpha=0|measure=confidence_manipulation_check,definite_correct:qb_2148,definite_correct,0.0,confidence_manipulation_check,0.7927467320648021
definite_false:qb_1556|alpha=0|measure=confidence_manipulation_check,definite_false:qb_1556,definite_false,0.0,confidence_manipulation_check,0.44903425345546566
definite_correct:tc_954|alpha=0|measure=confidence_manipulation_check,definite_correct:tc_954,definite_correct,0.0,confidence_manipulation_check,0.8632459018362397
definite_correct:dpql_5846|alpha=0|measure=confidence_manipulation_check,definite_correct:dpql_5846,definite_correct,0.0,confidence_manipulation_check,0.7966865497277922
ambiguous:user_ambiguous_079|alpha=0|measure=confidence_manipulation_check,ambiguous:user_ambiguous_079,ambiguous,0.0,confidence_manipulation_check,0.6701727453174158
definite_false:bb_4519|alpha=0|measure=confidence_manipulation_check,definite_false:bb_4519,definite_false,0.0,confidence_manipulation_check,0.6763621215563035
ambiguous:ambigqa_train_-5746040628732928353|alpha=0|measure=confidence_manipulation_check,ambiguous:ambigqa_train_-5746040628732928353,ambiguous,0.0,confidence_manipulation_check,0.6627677446676784
definite_correct:dpql_633|alpha=0|measure=confidence_manipulation_check,definite_correct:dpql_633,definite_correct,0.0,confidence_manipulation_check,0.7076557454001886
definite_correct:qb_9954|alpha=0|measure=confidence_manipulation_check,definite_correct:qb_9954,definite_correct,0.0,confidence_manipulation_check,0.6822037280563733
definite_correct:qb_6665|alpha=0|measure=confidence_manipulation_check,definite_correct:qb_6665,definite_correct,0.0,confidence_manipulation_check,0.7806006829708849
ambiguous:user_ambiguous_064|alpha=0|measure=confidence_manipulation_check,ambiguous:user_ambiguous_064,ambiguous,0.0,confidence_manipulation_check,0.383905634050825
definite_false:qw_3353|alpha=0|measure=confidence_manipulation_check,definite_false:qw_3353,definite_false,0.0,confidence_manipulation_check,0.35600740782101636
definite_false:bb_981|alpha=0|measure=confidence_manipulation_check,definite_false:bb_981,definite_false,0.0,confidence_manipulation_check,0.7210126683872659
definite_false:wh_2424|alpha=0|measure=confidence_manipulation_check,definite_false:wh_2424,definite_false,0.0,confidence_manipulation_check,0.6840897763745033
ambiguous:user_ambiguous_004|alpha=0|measure=confidence_manipulation_check,ambiguous:user_ambiguous_004,ambiguous,0.0,confidence_manipulation_check,0.6655799552339885
definite_correct:qb_2497|alpha=0|measure=confidence_manipulation_check,definite_correct:qb_2497,definite_correct,0.0,confidence_manipulation_check,0.8236057473397068
definite_correct:qb_916|alpha=0|measure=confidence_manipulation_check,definite_correct:qb_916,definite_correct,0.0,confidence_manipulation_check,0.8211739667864691
ambiguous:user_ambiguous_071|alpha=0|measure=confidence_manipulation_check,ambiguous:user_ambiguous_071,ambiguous,0.0,confidence_manipulation_check,0.6131228245933016
definite_false:bb_5659|alpha=0|measure=confidence_manipulation_check,definite_false:bb_5659,definite_false,0.0,confidence_manipulation_check,0.5427396816783585
ambiguous:user_ambiguous_099|alpha=0|measure=confidence_manipulation_check,ambiguous:user_ambiguous_099,ambiguous,0.0,confidence_manipulation_check,0.7553849697611895
definite_correct:qz_1139|alpha=0|measure=confidence_manipulation_check,definite_correct:qz_1139,definite_correct,0.0,confidence_manipulation_check,0.6771808084201438
definite_false:qw_3199|alpha=0|measure=confidence_manipulation_check,definite_false:qw_3199,definite_false,0.0,confidence_manipulation_check,0.41973511963151394
definite_correct:bb_436|alpha=0|measure=confidence_manipulation_check,definite_correct:bb_436,definite_correct,0.0,confidence_manipulation_check,0.7317911218650807
ambiguous:ambigqa_dev_2248395039731877618|alpha=0|measure=confidence_manipulation_check,ambiguous:ambigqa_dev_2248395039731877618,ambiguous,0.0,confidence_manipulation_check,0.6344378134046564
definite_correct:qb_4415|alpha=0|measure=confidence_manipulation_check,definite_correct:qb_4415,definite_correct,0.0,confidence_manipulation_check,0.7299782268509489
ambiguous:user_ambiguous_062|alpha=0|measure=confidence_manipulation_check,ambiguous:user_ambiguous_062,ambiguous,0.0,confidence_manipulation_check,0.4530287379748188
definite_correct:bb_9184|alpha=0|measure=confidence_manipulation_check,definite_correct:bb_9184,definite_correct,0.0,confidence_manipulation_check,0.6903991865301576
definite_correct:qb_3365|alpha=0|measure=confidence_manipulation_check,definite_correct:qb_3365,definite_correct,0.0,confidence_manipulation_check,0.7903586006226078
definite_false:qw_3344|alpha=0|measure=confidence_manipulation_check,definite_false:qw_3344,definite_false,0.0,confidence_manipulation_check,0.5570452934596688
definite_correct:qb_4336|alpha=0|measure=confidence_manipulation_check,definite_correct:qb_4336,definite_correct,0.0,confidence_manipulation_check,0.7416469823710884
definite_false:qw_3161|alpha=0|measure=confidence_manipulation_check,definite_false:qw_3161,definite_false,0.0,confidence_manipulation_check,0.34311709123139733
definite_correct:qb_2589|alpha=0|measure=confidence_manipulation_check,definite_correct:qb_2589,definite_correct,0.0,confidence_manipulation_check,0.8056313997644282
ambiguous:ambigqa_train_4701094121253884727|alpha=0|measure=confidence_manipulation_check,ambiguous:ambigqa_train_4701094121253884727,ambiguous,0.0,confidence_manipulation_check,0.6580042450120345
ambiguous:user_ambiguous_056|alpha=0|measure=confidence_manipulation_check,ambiguous:user_ambiguous_056,ambiguous,0.0,confidence_manipulation_check,0.5905294851923827
definite_false:qw_1298|alpha=0|measure=confidence_manipulation_check,definite_false:qw_1298,definite_false,0.0,confidence_manipulation_check,0.17599137807264928
ambiguous:user_ambiguous_089|alpha=0|measure=confidence_manipulation_check,ambiguous:user_ambiguous_089,ambiguous,0.0,confidence_manipulation_check,0.4654471708228812
definite_false:dpql_2259|alpha=0|measure=confidence_manipulation_check,definite_false:dpql_2259,definite_false,0.0,confidence_manipulation_check,0.7578022519509886
ambiguous:ambigqa_train_8846306718324708097|alpha=0|measure=confidence_manipulation_check,ambiguous:ambigqa_train_8846306718324708097,ambiguous,0.0,confidence_manipulation_check,0.7302596704902612
definite_correct:bb_121|alpha=0|measure=confidence_manipulation_check,definite_correct:bb_121,definite_correct,0.0,confidence_manipulation_check,0.6534223456966174
definite_false:wh_1706|alpha=0|measure=confidence_manipulation_check,definite_false:wh_1706,definite_false,0.0,confidence_manipulation_check,0.35207768287509683
definite_correct:dpql_3467|alpha=0|measure=confidence_manipulation_check,definite_correct:dpql_3467,definite_correct,0.0,confidence_manipulation_check,0.7348989471644074
definite_false:tc_2556|alpha=0|measure=confidence_manipulation_check,definite_false:tc_2556,definite_false,0.0,confidence_manipulation_check,0.298679216648452
definite_correct:wh_4041|alpha=0|measure=confidence_manipulation_check,definite_correct:wh_4041,definite_correct,0.0,confidence_manipulation_check,0.8199956300895935
definite_correct:qw_4882|alpha=0|measure=confidence_manipulation_check,definite_correct:qw_4882,definite_correct,0.0,confidence_manipulation_check,0.655291646454134
definite_false:dpql_753|alpha=0|measure=confidence_manipulation_check,definite_false:dpql_753,definite_false,0.0,confidence_manipulation_check,0.36088704543653877
ambiguous:synthetic_ambiguity_db564851e7629ffa|alpha=0|measure=confidence_manipulation_check,ambiguous:synthetic_ambiguity_db564851e7629ffa,ambiguous,0.0,confidence_manipulation_check,0.5836092921817908
definite_false:tc_1535|alpha=0|measure=confidence_manipulation_check,definite_false:tc_1535,definite_false,0.0,confidence_manipulation_check,0.5936681577237323
ambiguous:user_ambiguous_046|alpha=0|measure=confidence_manipulation_check,ambiguous:user_ambiguous_046,ambiguous,0.0,confidence_manipulation_check,0.7181262615225307
definite_false:qb_3427|alpha=0|measure=confidence_manipulation_check,definite_false:qb_3427,definite_false,0.0,confidence_manipulation_check,0.5989803911536
definite_false:bb_5317|alpha=0|measure=confidence_manipulation_check,definite_false:bb_5317,definite_false,0.0,confidence_manipulation_check,0.32005635295063256
ambiguous:user_ambiguous_054|alpha=0|measure=confidence_manipulation_check,ambiguous:user_ambiguous_054,ambiguous,0.0,confidence_manipulation_check,0.6589085864742287
definite_correct:qb_9283|alpha=0|measure=confidence_manipulation_check,definite_correct:qb_9283,definite_correct,0.0,confidence_manipulation_check,0.7793984449766157
definite_correct:qw_1816|alpha=0|measure=confidence_manipulation_check,definite_correct:qw_1816,definite_correct,0.0,confidence_manipulation_check,0.839167425531332
definite_false:qz_6898|alpha=0|measure=confidence_manipulation_check,definite_false:qz_6898,definite_false,0.0,confidence_manipulation_check,0.7484888707447681
ambiguous:ambigqa_train_-4290930682953750669|alpha=0|measure=confidence_manipulation_check,ambiguous:ambigqa_train_-4290930682953750669,ambiguous,0.0,confidence_manipulation_check,0.6681979835073207
ambiguous:user_ambiguous_026|alpha=0|measure=confidence_manipulation_check,ambiguous:user_ambiguous_026,ambiguous,0.0,confidence_manipulation_check,0.5596008853488457
definite_correct:dpql_3447|alpha=0|measure=confidence_manipulation_check,definite_correct:dpql_3447,definite_correct,0.0,confidence_manipulation_check,0.8244539054153677
ambiguous:user_ambiguous_063|alpha=0|measure=confidence_manipulation_check,ambiguous:user_ambiguous_063,ambiguous,0.0,confidence_manipulation_check,0.316786733554909
ambiguous:user_ambiguous_025|alpha=0|measure=confidence_manipulation_check,ambiguous:user_ambiguous_025,ambiguous,0.0,confidence_manipulation_check,0.662019290146236
ambiguous:user_ambiguous_092|alpha=0|measure=confidence_manipulation_check,ambiguous:user_ambiguous_092,ambiguous,0.0,confidence_manipulation_check,0.591594352509128
definite_correct:qb_9452|alpha=0|measure=confidence_manipulation_check,definite_correct:qb_9452,definite_correct,0.0,confidence_manipulation_check,0.7766431637575408
ambiguous:ambigqa_train_-4847378126974715981|alpha=0|measure=confidence_manipulation_check,ambiguous:ambigqa_train_-4847378126974715981,ambiguous,0.0,confidence_manipulation_check,0.6438019876447014
definite_correct:qb_4578|alpha=0|measure=confidence_manipulation_check,definite_correct:qb_4578,definite_correct,0.0,confidence_manipulation_check,0.8370055918950343
definite_false:bb_1220|alpha=0|measure=confidence_manipulation_check,definite_false:bb_1220,definite_false,0.0,confidence_manipulation_check,0.48929957547225056
definite_false:bb_77|alpha=0|measure=confidence_manipulation_check,definite_false:bb_77,definite_false,0.0,confidence_manipulation_check,0.30871382350233034
ambiguous:ambigqa_dev_-1684587227477882737|alpha=0|measure=confidence_manipulation_check,ambiguous:ambigqa_dev_-1684587227477882737,ambiguous,0.0,confidence_manipulation_check,0.5991785370817524
ambiguous:ambigqa_dev_-9219689808672072116|alpha=0|measure=confidence_manipulation_check,ambiguous:ambigqa_dev_-9219689808672072116,ambiguous,0.0,confidence_manipulation_check,0.7074142944055438
definite_false:qb_3225|alpha=0|measure=confidence_manipulation_check,definite_false:qb_3225,definite_false,0.0,confidence_manipulation_check,0.44317011898383496
definite_correct:bb_2326|alpha=0|measure=confidence_manipulation_check,definite_correct:bb_2326,definite_correct,0.0,confidence_manipulation_check,0.8135689237277064
definite_correct:qb_1456|alpha=0|measure=confidence_manipulation_check,definite_correct:qb_1456,definite_correct,0.0,confidence_manipulation_check,0.6973767005098579
definite_correct:qb_8036|alpha=0|measure=confidence_manipulation_check,definite_correct:qb_8036,definite_correct,0.0,confidence_manipulation_check,0.7431812826094812
ambiguous:user_ambiguous_093|alpha=0|measure=confidence_manipulation_check,ambiguous:user_ambiguous_093,ambiguous,0.0,confidence_manipulation_check,0.6980986804183772
definite_correct:qw_1421|alpha=0|measure=confidence_manipulation_check,definite_correct:qw_1421,definite_correct,0.0,confidence_manipulation_check,0.7299759879255333
definite_false:bb_596|alpha=0|measure=confidence_manipulation_check,definite_false:bb_596,definite_false,0.0,confidence_manipulation_check,0.25362170218722896
definite_false:qw_6106|alpha=0|measure=confidence_manipulation_check,definite_false:qw_6106,definite_false,0.0,confidence_manipulation_check,0.448877671174705
ambiguous:user_ambiguous_012|alpha=0|measure=confidence_manipulation_check,ambiguous:user_ambiguous_012,ambiguous,0.0,confidence_manipulation_check,0.7446825691364212
ambiguous:ambigqa_train_8480092557592561766|alpha=0|measure=confidence_manipulation_check,ambiguous:ambigqa_train_8480092557592561766,ambiguous,0.0,confidence_manipulation_check,0.20677318125963212
ambiguous:ambigqa_train_-6615422287569447999|alpha=0|measure=confidence_manipulation_check,ambiguous:ambigqa_train_-6615422287569447999,ambiguous,0.0,confidence_manipulation_check,0.3304170543753571
definite_false:tc_2359|alpha=0|measure=confidence_manipulation_check,definite_false:tc_2359,definite_false,0.0,confidence_manipulation_check,0.6304921288130573
ambiguous:user_ambiguous_074|alpha=0|measure=confidence_manipulation_check,ambiguous:user_ambiguous_074,ambiguous,0.0,confidence_manipulation_check,0.3472892129793763
definite_false:wh_2928|alpha=0|measure=confidence_manipulation_check,definite_false:wh_2928,definite_false,0.0,confidence_manipulation_check,0.7741722875973209
definite_correct:qb_4948|alpha=0|measure=confidence_manipulation_check,definite_correct:qb_4948,definite_correct,0.0,confidence_manipulation_check,0.7120391766110514
ambiguous:user_ambiguous_043|alpha=0|measure=confidence_manipulation_check,ambiguous:user_ambiguous_043,ambiguous,0.0,confidence_manipulation_check,0.6602758211763102
definite_false:qb_4987|alpha=0|measure=confidence_manipulation_check,definite_false:qb_4987,definite_false,0.0,confidence_manipulation_check,0.3401404478005134
definite_false:qb_7085|alpha=0|measure=confidence_manipulation_check,definite_false:qb_7085,definite_false,0.0,confidence_manipulation_check,0.7491877587963246
definite_false:dpql_1059|alpha=0|measure=confidence_manipulation_check,definite_false:dpql_1059,definite_false,0.0,confidence_manipulation_check,0.7484400923091471
definite_correct:bb_2920|alpha=0|measure=confidence_manipulation_check,definite_correct:bb_2920,definite_correct,0.0,confidence_manipulation_check,0.7839998965712142
definite_false:qb_3869|alpha=0|measure=confidence_manipulation_check,definite_false:qb_3869,definite_false,0.0,confidence_manipulation_check,0.6718757112161257
definite_false:bb_8893|alpha=0|measure=confidence_manipulation_check,definite_false:bb_8893,definite_false,0.0,confidence_manipulation_check,0.7316206510245592
ambiguous:user_ambiguous_069|alpha=0|measure=confidence_manipulation_check,ambiguous:user_ambiguous_069,ambiguous,0.0,confidence_manipulation_check,0.6987519018519606
definite_correct:qb_8861|alpha=0|measure=confidence_manipulation_check,definite_correct:qb_8861,definite_correct,0.0,confidence_manipulation_check,0.7483374855549301
definite_correct:qb_8250|alpha=0|measure=confidence_manipulation_check,definite_correct:qb_8250,definite_correct,0.0,confidence_manipulation_check,0.7350449916356411
ambiguous:user_ambiguous_100|alpha=0|measure=confidence_manipulation_check,ambiguous:user_ambiguous_100,ambiguous,0.0,confidence_manipulation_check,0.2935671594234009
ambiguous:user_ambiguous_035|alpha=0|measure=confidence_manipulation_check,ambiguous:user_ambiguous_035,ambiguous,0.0,confidence_manipulation_check,0.6271627528847602
definite_correct:qw_1253|alpha=0|measure=confidence_manipulation_check,definite_correct:qw_1253,definite_correct,0.0,confidence_manipulation_check,0.6828387106660443
ambiguous:user_ambiguous_031|alpha=0|measure=confidence_manipulation_check,ambiguous:user_ambiguous_031,ambiguous,0.0,confidence_manipulation_check,0.21399330753192772
ambiguous:synthetic_ambiguity_127bbb74d142df4c|alpha=0|measure=confidence_manipulation_check,ambiguous:synthetic_ambiguity_127bbb74d142df4c,ambiguous,0.0,confidence_manipulation_check,0.7419037095740805
ambiguous:synthetic_ambiguity_befa9c239cfadb1e|alpha=0|measure=confidence_manipulation_check,ambiguous:synthetic_ambiguity_befa9c239cfadb1e,ambiguous,0.0,confidence_manipulation_check,0.30677002407028336
definite_false:qz_1393|alpha=0|measure=confidence_manipulation_check,definite_false:qz_1393,definite_false,0.0,confidence_manipulation_check,0.7122344627190614
definite_correct:wh_1303|alpha=0|measure=confidence_manipulation_check,definite_correct:wh_1303,definite_correct,0.0,confidence_manipulation_check,0.8264734353795689
definite_false:wh_527|alpha=0|measure=confidence_manipulation_check,definite_false:wh_527,definite_false,0.0,confidence_manipulation_check,0.31581970294937495
definite_correct:qb_5063|alpha=0|measure=confidence_manipulation_check,definite_correct:qb_5063,definite_correct,0.0,confidence_manipulation_check,0.8001272187090138
definite_false:bb_968|alpha=0|measure=confidence_manipulation_check,definite_false:bb_968,definite_false,0.0,confidence_manipulation_check,0.7364425068197307
definite_correct:bb_20|alpha=0|measure=confidence_manipulation_check,definite_correct:bb_20,definite_correct,0.0,confidence_manipulation_check,0.7195301874184395
definite_false:qw_4953|alpha=0|measure=confidence_manipulation_check,definite_false:qw_4953,definite_false,0.0,confidence_manipulation_check,0.3970984360435978
definite_correct:qw_1211|alpha=0|measure=confidence_manipulation_check,definite_correct:qw_1211,definite_correct,0.0,confidence_manipulation_check,0.8152685039241917
definite_false:qw_3732|alpha=0|measure=confidence_manipulation_check,definite_false:qw_3732,definite_false,0.0,confidence_manipulation_check,0.7320247622645638
definite_false:dpql_2396|alpha=0|measure=confidence_manipulation_check,definite_false:dpql_2396,definite_false,0.0,confidence_manipulation_check,0.645173823236837
ambiguous:user_ambiguous_036|alpha=0|measure=confidence_manipulation_check,ambiguous:user_ambiguous_036,ambiguous,0.0,confidence_manipulation_check,0.6451750844284107
ambiguous:user_ambiguous_020|alpha=0|measure=confidence_manipulation_check,ambiguous:user_ambiguous_020,ambiguous,0.0,confidence_manipulation_check,0.650777361231394
definite_correct:qb_3684|alpha=0|measure=confidence_manipulation_check,definite_correct:qb_3684,definite_correct,0.0,confidence_manipulation_check,0.7497283510416309
definite_false:bb_7609|alpha=0|measure=confidence_manipulation_check,definite_false:bb_7609,definite_false,0.0,confidence_manipulation_check,0.29431719889398666
ambiguous:user_ambiguous_070|alpha=0|measure=confidence_manipulation_check,ambiguous:user_ambiguous_070,ambiguous,0.0,confidence_manipulation_check,0.29674857324644105
definite_correct:qw_4190|alpha=0|measure=confidence_manipulation_check,definite_correct:qw_4190,definite_correct,0.0,confidence_manipulation_check,0.7875999821701782
ambiguous:user_ambiguous_084|alpha=0|measure=confidence_manipulation_check,ambiguous:user_ambiguous_084,ambiguous,0.0,confidence_manipulation_check,0.6327486378866866
definite_correct:bb_9251|alpha=0|measure=confidence_manipulation_check,definite_correct:bb_9251,definite_correct,0.0,confidence_manipulation_check,0.7628586407294734
ambiguous:user_ambiguous_029|alpha=0|measure=confidence_manipulation_check,ambiguous:user_ambiguous_029,ambiguous,0.0,confidence_manipulation_check,0.6713716593005301
ambiguous:synthetic_ambiguity_c51d6353acd62fc1|alpha=0|measure=confidence_manipulation_check,ambiguous:synthetic_ambiguity_c51d6353acd62fc1,ambiguous,0.0,confidence_manipulation_check,0.6536612767989936
definite_false:tc_3016|alpha=0|measure=confidence_manipulation_check,definite_false:tc_3016,definite_false,0.0,confidence_manipulation_check,0.4277129886671901
definite_false:bb_6668|alpha=0|measure=confidence_manipulation_check,definite_false:bb_6668,definite_false,0.0,confidence_manipulation_check,0.3305288915988058
definite_false:tc_2506|alpha=0|measure=confidence_manipulation_check,definite_false:tc_2506,definite_false,0.0,confidence_manipulation_check,0.4679597756825387
ambiguous:user_ambiguous_042|alpha=0|measure=confidence_manipulation_check,ambiguous:user_ambiguous_042,ambiguous,0.0,confidence_manipulation_check,0.7649734884410009
definite_false:bb_4587|alpha=0|measure=confidence_manipulation_check,definite_false:bb_4587,definite_false,0.0,confidence_manipulation_check,0.33951167126651854
ambiguous:user_ambiguous_076|alpha=0|measure=confidence_manipulation_check,ambiguous:user_ambiguous_076,ambiguous,0.0,confidence_manipulation_check,0.6639008256705893
definite_correct:qw_2634|alpha=0|measure=confidence_manipulation_check,definite_correct:qw_2634,definite_correct,0.0,confidence_manipulation_check,0.8140260603409843
ambiguous:user_ambiguous_034|alpha=0|measure=confidence_manipulation_check,ambiguous:user_ambiguous_034,ambiguous,0.0,confidence_manipulation_check,0.5927751637151232
ambiguous:ambigqa_train_-282133277527244056|alpha=0|measure=confidence_manipulation_check,ambiguous:ambigqa_train_-282133277527244056,ambiguous,0.0,confidence_manipulation_check,0.6253221665021556
ambiguous:synthetic_ambiguity_0fb6efbc1bf0ec38|alpha=0|measure=confidence_manipulation_check,ambiguous:synthetic_ambiguity_0fb6efbc1bf0ec38,ambiguous,0.0,confidence_manipulation_check,0.6021597001735245
definite_correct:qb_1172|alpha=0|measure=confidence_manipulation_check,definite_correct:qb_1172,definite_correct,0.0,confidence_manipulation_check,0.72619856227534
definite_correct:qw_393|alpha=0|measure=confidence_manipulation_check,definite_correct:qw_393,definite_correct,0.0,confidence_manipulation_check,0.77089204294804
definite_correct:bb_5094|alpha=0|measure=confidence_manipulation_check,definite_correct:bb_5094,definite_correct,0.0,confidence_manipulation_check,0.6747823957951424
ambiguous:synthetic_ambiguity_d830565486f2d0b0|alpha=0|measure=confidence_manipulation_check,ambiguous:synthetic_ambiguity_d830565486f2d0b0,ambiguous,0.0,confidence_manipulation_check,0.6075835296589503
definite_false:bb_5849|alpha=0|measure=confidence_manipulation_check,definite_false:bb_5849,definite_false,0.0,confidence_manipulation_check,0.4927176852244884
definite_correct:qw_132|alpha=0|measure=confidence_manipulation_check,definite_correct:qw_132,definite_correct,0.0,confidence_manipulation_check,0.7419148908711293
definite_false:dpql_1695|alpha=0|measure=confidence_manipulation_check,definite_false:dpql_1695,definite_false,0.0,confidence_manipulation_check,0.3205780762480572
definite_correct:qz_3927|alpha=0|measure=confidence_manipulation_check,definite_correct:qz_3927,definite_correct,0.0,confidence_manipulation_check,0.7041728914083023
definite_correct:bb_6024|alpha=0|measure=confidence_manipulation_check,definite_correct:bb_6024,definite_correct,0.0,confidence_manipulation_check,0.7573985168770831
definite_correct:dpql_2276|alpha=0|measure=confidence_manipulation_check,definite_correct:dpql_2276,definite_correct,0.0,confidence_manipulation_check,0.706179432240674
definite_correct:dpql_216|alpha=0|measure=confidence_manipulation_check,definite_correct:dpql_216,definite_correct,0.0,confidence_manipulation_check,0.7804683698687654
definite_false:qb_3878|alpha=0|measure=confidence_manipulation_check,definite_false:qb_3878,definite_false,0.0,confidence_manipulation_check,0.30066350472625347
ambiguous:ambigqa_train_-4861369907584367396|alpha=0|measure=confidence_manipulation_check,ambiguous:ambigqa_train_-4861369907584367396,ambiguous,0.0,confidence_manipulation_check,0.6361232990819189
definite_correct:qb_1435|alpha=0|measure=confidence_manipulation_check,definite_correct:qb_1435,definite_correct,0.0,confidence_manipulation_check,0.8368841090136471
definite_false:dpql_3261|alpha=0|measure=confidence_manipulation_check,definite_false:dpql_3261,definite_false,0.0,confidence_manipulation_check,0.2891170362883713
definite_correct:qb_34|alpha=0|measure=confidence_manipulation_check,definite_correct:qb_34,definite_correct,0.0,confidence_manipulation_check,0.7890653024657751
definite_correct:tc_1284|alpha=0|measure=confidence_manipulation_check,definite_correct:tc_1284,definite_correct,0.0,confidence_manipulation_check,0.8089446620713602
definite_correct:dpql_5223|alpha=0|measure=confidence_manipulation_check,definite_correct:dpql_5223,definite_correct,0.0,confidence_manipulation_check,0.6849366147363298
definite_correct:qw_5335|alpha=0|measure=confidence_manipulation_check,definite_correct:qw_5335,definite_correct,0.0,confidence_manipulation_check,0.7407213775279615
ambiguous:synthetic_ambiguity_eccd45548d369037|alpha=0|measure=confidence_manipulation_check,ambiguous:synthetic_ambiguity_eccd45548d369037,ambiguous,0.0,confidence_manipulation_check,0.33917178002575377
definite_false:bb_4598|alpha=0|measure=confidence_manipulation_check,definite_false:bb_4598,definite_false,0.0,confidence_manipulation_check,0.31910015842295253
ambiguous:user_ambiguous_045|alpha=0|measure=confidence_manipulation_check,ambiguous:user_ambiguous_045,ambiguous,0.0,confidence_manipulation_check,0.6324191022241393
definite_correct:dpql_971|alpha=0|measure=confidence_manipulation_check,definite_correct:dpql_971,definite_correct,0.0,confidence_manipulation_check,0.6538577575495764
definite_false:wh_3277|alpha=0|measure=confidence_manipulation_check,definite_false:wh_3277,definite_false,0.0,confidence_manipulation_check,0.3873119275900535
definite_false:tc_349|alpha=0|measure=confidence_manipulation_check,definite_false:tc_349,definite_false,0.0,confidence_manipulation_check,0.6602148212958128
ambiguous:synthetic_ambiguity_39e9eaa2e03e1780|alpha=0|measure=confidence_manipulation_check,ambiguous:synthetic_ambiguity_39e9eaa2e03e1780,ambiguous,0.0,confidence_manipulation_check,0.3567585637967568
definite_correct:qw_859|alpha=0|measure=confidence_manipulation_check,definite_correct:qw_859,definite_correct,0.0,confidence_manipulation_check,0.76138747713278
definite_false:tc_2728|alpha=0|measure=confidence_manipulation_check,definite_false:tc_2728,definite_false,0.0,confidence_manipulation_check,0.35957368311937893
ambiguous:user_ambiguous_024|alpha=0|measure=confidence_manipulation_check,ambiguous:user_ambiguous_024,ambiguous,0.0,confidence_manipulation_check,0.6528254578464839
definite_correct:dpql_2538|alpha=0|measure=confidence_manipulation_check,definite_correct:dpql_2538,definite_correct,0.0,confidence_manipulation_check,0.7690805836641289
definite_correct:wh_4358|alpha=0|measure=confidence_manipulation_check,definite_correct:wh_4358,definite_correct,0.0,confidence_manipulation_check,0.7805272524007136
ambiguous:user_ambiguous_068|alpha=0|measure=confidence_manipulation_check,ambiguous:user_ambiguous_068,ambiguous,0.0,confidence_manipulation_check,0.2579874149509124
definite_false:qb_6250|alpha=0|measure=confidence_manipulation_check,definite_false:qb_6250,definite_false,0.0,confidence_manipulation_check,0.6883134359944961
definite_correct:bb_6117|alpha=0|measure=confidence_manipulation_check,definite_correct:bb_6117,definite_correct,0.0,confidence_manipulation_check,0.8089956418896833
definite_correct:qb_365|alpha=0|measure=confidence_manipulation_check,definite_correct:qb_365,definite_correct,0.0,confidence_manipulation_check,0.7239284637708578
ambiguous:user_ambiguous_082|alpha=0|measure=confidence_manipulation_check,ambiguous:user_ambiguous_082,ambiguous,0.0,confidence_manipulation_check,0.659480935679835
definite_false:qw_5896|alpha=0|measure=confidence_manipulation_check,definite_false:qw_5896,definite_false,0.0,confidence_manipulation_check,0.6254234417719999
ambiguous:user_ambiguous_060|alpha=0|measure=confidence_manipulation_check,ambiguous:user_ambiguous_060,ambiguous,0.0,confidence_manipulation_check,0.48452692833816396
ambiguous:user_ambiguous_061|alpha=0|measure=confidence_manipulation_check,ambiguous:user_ambiguous_061,ambiguous,0.0,confidence_manipulation_check,0.7119647805202476
definite_false:qw_4954|alpha=0|measure=confidence_manipulation_check,definite_false:qw_4954,definite_false,0.0,confidence_manipulation_check,0.29797371653839944
definite_false:dpql_4754|alpha=0|measure=confidence_manipulation_check,definite_false:dpql_4754,definite_false,0.0,confidence_manipulation_check,0.7214529474571464
definite_correct:bb_500|alpha=0|measure=confidence_manipulation_check,definite_correct:bb_500,definite_correct,0.0,confidence_manipulation_check,0.7467121210155029
definite_false:qw_5610|alpha=0|measure=confidence_manipulation_check,definite_false:qw_5610,definite_false,0.0,confidence_manipulation_check,0.7242351208107721
definite_false:dpql_5545|alpha=0|measure=confidence_manipulation_check,definite_false:dpql_5545,definite_false,0.0,confidence_manipulation_check,0.6846224040258675
ambiguous:user_ambiguous_094|alpha=0|measure=confidence_manipulation_check,ambiguous:user_ambiguous_094,ambiguous,0.0,confidence_manipulation_check,0.6631275095181763
ambiguous:ambigqa_train_3267103377301376828|alpha=0|measure=confidence_manipulation_check,ambiguous:ambigqa_train_3267103377301376828,ambiguous,0.0,confidence_manipulation_check,0.5416130068857457
ambiguous:ambigqa_train_-4829972042995259834|alpha=0|measure=confidence_manipulation_check,ambiguous:ambigqa_train_-4829972042995259834,ambiguous,0.0,confidence_manipulation_check,0.7209844479382355
definite_correct:qb_7271|alpha=0|measure=confidence_manipulation_check,definite_correct:qb_7271,definite_correct,0.0,confidence_manipulation_check,0.7766340812072259
definite_correct:bb_5566|alpha=0|measure=confidence_manipulation_check,definite_correct:bb_5566,definite_correct,0.0,confidence_manipulation_check,0.710917923999341
definite_false:qb_2370|alpha=0|measure=confidence_manipulation_check,definite_false:qb_2370,definite_false,0.0,confidence_manipulation_check,0.45785157243954017
definite_correct:bb_810|alpha=0|measure=confidence_manipulation_check,definite_correct:bb_810,definite_correct,0.0,confidence_manipulation_check,0.7255661692121123
ambiguous:user_ambiguous_019|alpha=0|measure=confidence_manipulation_check,ambiguous:user_ambiguous_019,ambiguous,0.0,confidence_manipulation_check,0.8039328450406515
ambiguous:user_ambiguous_049|alpha=0|measure=confidence_manipulation_check,ambiguous:user_ambiguous_049,ambiguous,0.0,confidence_manipulation_check,0.3524256218050141
definite_false:qb_919|alpha=0|measure=confidence_manipulation_check,definite_false:qb_919,definite_false,0.0,confidence_manipulation_check,0.6904771764474276
ambiguous:user_ambiguous_032|alpha=0|measure=confidence_manipulation_check,ambiguous:user_ambiguous_032,ambiguous,0.0,confidence_manipulation_check,0.6519218074798119
definite_false:qb_355|alpha=0|measure=confidence_manipulation_check,definite_false:qb_355,definite_false,0.0,confidence_manipulation_check,0.7821245428218391
ambiguous:user_ambiguous_005|alpha=0|measure=confidence_manipulation_check,ambiguous:user_ambiguous_005,ambiguous,0.0,confidence_manipulation_check,0.7824916991491335
definite_correct:tc_955|alpha=0|measure=confidence_manipulation_check,definite_correct:tc_955,definite_correct,0.0,confidence_manipulation_check,0.786711180381343
ambiguous:user_ambiguous_088|alpha=0|measure=confidence_manipulation_check,ambiguous:user_ambiguous_088,ambiguous,0.0,confidence_manipulation_check,0.5329144436080241
definite_false:qb_5694|alpha=0|measure=confidence_manipulation_check,definite_false:qb_5694,definite_false,0.0,confidence_manipulation_check,0.6747487287182594
ambiguous:user_ambiguous_017|alpha=0|measure=confidence_manipulation_check,ambiguous:user_ambiguous_017,ambiguous,0.0,confidence_manipulation_check,0.28140085253398867
ambiguous:ambigqa_dev_-2861341002123248407|alpha=0|measure=confidence_manipulation_check,ambiguous:ambigqa_dev_-2861341002123248407,ambiguous,0.0,confidence_manipulation_check,0.5044570546742762
definite_correct:qz_340|alpha=0|measure=confidence_manipulation_check,definite_correct:qz_340,definite_correct,0.0,confidence_manipulation_check,0.8173014560178615
definite_correct:qb_3191|alpha=0|measure=confidence_manipulation_check,definite_correct:qb_3191,definite_correct,0.0,confidence_manipulation_check,0.7828556077410184
ambiguous:user_ambiguous_073|alpha=0|measure=confidence_manipulation_check,ambiguous:user_ambiguous_073,ambiguous,0.0,confidence_manipulation_check,0.6794024140292549
definite_correct:wh_453|alpha=0|measure=confidence_manipulation_check,definite_correct:wh_453,definite_correct,0.0,confidence_manipulation_check,0.7111868945455853
definite_correct:qw_1068|alpha=0|measure=confidence_manipulation_check,definite_correct:qw_1068,definite_correct,0.0,confidence_manipulation_check,0.8274658363588402
ambiguous:user_ambiguous_027|alpha=0|measure=confidence_manipulation_check,ambiguous:user_ambiguous_027,ambiguous,0.0,confidence_manipulation_check,0.6430252989255905
definite_correct:qb_2934|alpha=0|measure=confidence_manipulation_check,definite_correct:qb_2934,definite_correct,0.0,confidence_manipulation_check,0.690623217123732
definite_correct:tc_1323|alpha=0|measure=confidence_manipulation_check,definite_correct:tc_1323,definite_correct,0.0,confidence_manipulation_check,0.740106379116608
ambiguous:ambigqa_train_389267376370423320|alpha=0|measure=confidence_manipulation_check,ambiguous:ambigqa_train_389267376370423320,ambiguous,0.0,confidence_manipulation_check,0.6402263377440249
ambiguous:user_ambiguous_033|alpha=0|measure=confidence_manipulation_check,ambiguous:user_ambiguous_033,ambiguous,0.0,confidence_manipulation_check,0.2765585391491186
definite_false:qb_2899|alpha=0|measure=confidence_manipulation_check,definite_false:qb_2899,definite_false,0.0,confidence_manipulation_check,0.4379171837354079
definite_correct:qw_5716|alpha=0|measure=confidence_manipulation_check,definite_correct:qw_5716,definite_correct,0.0,confidence_manipulation_check,0.6563993517140942
definite_false:qb_9244|alpha=0|measure=confidence_manipulation_check,definite_false:qb_9244,definite_false,0.0,confidence_manipulation_check,0.39245933734055144
definite_false:bb_2489|alpha=0|measure=confidence_manipulation_check,definite_false:bb_2489,definite_false,0.0,confidence_manipulation_check,0.5861134349062923
definite_false:qb_2329|alpha=0|measure=confidence_manipulation_check,definite_false:qb_2329,definite_false,0.0,confidence_manipulation_check,0.3596175622427836
ambiguous:user_ambiguous_039|alpha=0|measure=confidence_manipulation_check,ambiguous:user_ambiguous_039,ambiguous,0.0,confidence_manipulation_check,0.7277623171159121
ambiguous:ambigqa_train_6622540978806844416|alpha=0|measure=confidence_manipulation_check,ambiguous:ambigqa_train_6622540978806844416,ambiguous,0.0,confidence_manipulation_check,0.6508459812392402
ambiguous:user_ambiguous_007|alpha=0|measure=confidence_manipulation_check,ambiguous:user_ambiguous_007,ambiguous,0.0,confidence_manipulation_check,0.6877766086751363
definite_correct:qb_3516|alpha=0|measure=confidence_manipulation_check,definite_correct:qb_3516,definite_correct,0.0,confidence_manipulation_check,0.7822658010057694
ambiguous:user_ambiguous_048|alpha=0|measure=confidence_manipulation_check,ambiguous:user_ambiguous_048,ambiguous,0.0,confidence_manipulation_check,0.6759036562490109
definite_false:qb_3624|alpha=0|measure=confidence_manipulation_check,definite_false:qb_3624,definite_false,0.0,confidence_manipulation_check,0.31169737785239704
definite_false:tc_3120|alpha=0|measure=confidence_manipulation_check,definite_false:tc_3120,definite_false,0.0,confidence_manipulation_check,0.680805614534438
ambiguous:user_ambiguous_055|alpha=0|measure=confidence_manipulation_check,ambiguous:user_ambiguous_055,ambiguous,0.0,confidence_manipulation_check,0.6290561636476013
ambiguous:user_ambiguous_015|alpha=0|measure=confidence_manipulation_check,ambiguous:user_ambiguous_015,ambiguous,0.0,confidence_manipulation_check,0.7056687039459575
ambiguous:ambigqa_train_-2840611200472199951|alpha=0|measure=confidence_manipulation_check,ambiguous:ambigqa_train_-2840611200472199951,ambiguous,0.0,confidence_manipulation_check,0.3545243269647471
definite_false:dpql_384|alpha=0|measure=confidence_manipulation_check,definite_false:dpql_384,definite_false,0.0,confidence_manipulation_check,0.3955150452908129
ambiguous:user_ambiguous_081|alpha=0|measure=confidence_manipulation_check,ambiguous:user_ambiguous_081,ambiguous,0.0,confidence_manipulation_check,0.6631796814166591
ambiguous:user_ambiguous_018|alpha=0|measure=confidence_manipulation_check,ambiguous:user_ambiguous_018,ambiguous,0.0,confidence_manipulation_check,0.7886141042053737
definite_correct:bb_4832|alpha=0|measure=confidence_manipulation_check,definite_correct:bb_4832,definite_correct,0.0,confidence_manipulation_check,0.754529084794774
ambiguous:ambigqa_train_-5327098669371634148|alpha=0|measure=confidence_manipulation_check,ambiguous:ambigqa_train_-5327098669371634148,ambiguous,0.0,confidence_manipulation_check,0.5744463105751492
definite_false:qb_3296|alpha=0|measure=confidence_manipulation_check,definite_false:qb_3296,definite_false,0.0,confidence_manipulation_check,0.3758383559063077
definite_false:dpql_5115|alpha=0|measure=confidence_manipulation_check,definite_false:dpql_5115,definite_false,0.0,confidence_manipulation_check,0.34293266604654493
definite_false:wh_252|alpha=0|measure=confidence_manipulation_check,definite_false:wh_252,definite_false,0.0,confidence_manipulation_check,0.6232709411517134
definite_correct:qw_45|alpha=0|measure=confidence_manipulation_check,definite_correct:qw_45,definite_correct,0.0,confidence_manipulation_check,0.798080259742801
definite_correct:qb_650|alpha=0|measure=confidence_manipulation_check,definite_correct:qb_650,definite_correct,0.0,confidence_manipulation_check,0.7161487061487036
definite_correct:qz_5801|alpha=0|measure=confidence_manipulation_check,definite_correct:qz_5801,definite_correct,0.0,confidence_manipulation_check,0.800837551910405
definite_false:qb_9682|alpha=0|measure=confidence_manipulation_check,definite_false:qb_9682,definite_false,0.0,confidence_manipulation_check,0.4581556281249504
definite_false:bb_8205|alpha=0|measure=confidence_manipulation_check,definite_false:bb_8205,definite_false,0.0,confidence_manipulation_check,0.6830769098130987
ambiguous:user_ambiguous_059|alpha=0|measure=confidence_manipulation_check,ambiguous:user_ambiguous_059,ambiguous,0.0,confidence_manipulation_check,0.6385338342361137
definite_correct:qw_6782|alpha=0|measure=confidence_manipulation_check,definite_correct:qw_6782,definite_correct,0.0,confidence_manipulation_check,0.7195267009826238
definite_correct:bb_6465|alpha=0|measure=confidence_manipulation_check,definite_correct:bb_6465,definite_correct,0.0,confidence_manipulation_check,0.7653182832311813
definite_correct:tc_2317|alpha=0|measure=confidence_manipulation_check,definite_correct:tc_2317,definite_correct,0.0,confidence_manipulation_check,0.7149446765403809
ambiguous:user_ambiguous_091|alpha=0|measure=confidence_manipulation_check,ambiguous:user_ambiguous_091,ambiguous,0.0,confidence_manipulation_check,0.5402823967931909
definite_false:tc_540|alpha=10|measure=wager_abstention,definite_false:tc_540,definite_false,10.0,wager_abstention,0.9978172779083252
definite_false:wh_527|alpha=10|measure=wager_abstention,definite_false:wh_527,definite_false,10.0,wager_abstention,0.999841570854187
ambiguous:ambigqa_dev_-1684587227477882737|alpha=10|measure=wager_abstention,ambiguous:ambigqa_dev_-1684587227477882737,ambiguous,10.0,wager_abstention,0.9992903470993042
definite_false:qb_6250|alpha=10|measure=wager_abstention,definite_false:qb_6250,definite_false,10.0,wager_abstention,0.9968273043632507
definite_false:qb_3987|alpha=10|measure=wager_abstention,definite_false:qb_3987,definite_false,10.0,wager_abstention,0.9989677667617798
definite_false:dpql_4754|alpha=10|measure=wager_abstention,definite_false:dpql_4754,definite_false,10.0,wager_abstention,0.9890130758285522
definite_correct:qz_1139|alpha=10|measure=wager_abstention,definite_correct:qz_1139,definite_correct,10.0,wager_abstention,9.610241977497935e-05
definite_correct:qb_6665|alpha=10|measure=wager_abstention,definite_correct:qb_6665,definite_correct,10.0,wager_abstention,0.8807970285415649
definite_false:qb_9244|alpha=10|measure=wager_abstention,definite_false:qb_9244,definite_false,10.0,wager_abstention,0.09534946084022522
definite_correct:dpql_5223|alpha=10|measure=wager_abstention,definite_correct:dpql_5223,definite_correct,10.0,wager_abstention,0.9820137619972229
definite_correct:qz_340|alpha=10|measure=wager_abstention,definite_correct:qz_340,definite_correct,10.0,wager_abstention,0.0007096704212017357
ambiguous:user_ambiguous_019|alpha=10|measure=wager_abstention,ambiguous:user_ambiguous_019,ambiguous,10.0,wager_abstention,0.2689414322376251
ambiguous:user_ambiguous_008|alpha=10|measure=wager_abstention,ambiguous:user_ambiguous_008,ambiguous,10.0,wager_abstention,0.9964063763618469
definite_correct:dpql_5846|alpha=10|measure=wager_abstention,definite_correct:dpql_5846,definite_correct,10.0,wager_abstention,0.000552778597921133
ambiguous:user_ambiguous_100|alpha=10|measure=wager_abstention,ambiguous:user_ambiguous_100,ambiguous,10.0,wager_abstention,0.7772998809814453
ambiguous:ambigqa_dev_-9219689808672072116|alpha=10|measure=wager_abstention,ambiguous:ambigqa_dev_-9219689808672072116,ambiguous,10.0,wager_abstention,0.9989677667617798
definite_correct:bb_1467|alpha=10|measure=wager_abstention,definite_correct:bb_1467,definite_correct,10.0,wager_abstention,0.562176525592804
definite_correct:qb_6086|alpha=10|measure=wager_abstention,definite_correct:qb_6086,definite_correct,10.0,wager_abstention,0.9890130758285522
definite_correct:qw_859|alpha=10|measure=wager_abstention,definite_correct:qw_859,definite_correct,10.0,wager_abstention,0.0007096704212017357
definite_correct:qb_3684|alpha=10|measure=wager_abstention,definite_correct:qb_3684,definite_correct,10.0,wager_abstention,0.0001795279822545126
definite_correct:bb_6117|alpha=10|measure=wager_abstention,definite_correct:bb_6117,definite_correct,10.0,wager_abstention,0.9740425944328308
definite_false:bb_4519|alpha=10|measure=wager_abstention,definite_false:bb_4519,definite_false,10.0,wager_abstention,0.9998601675033569
definite_correct:dpql_633|alpha=10|measure=wager_abstention,definite_correct:dpql_633,definite_correct,10.0,wager_abstention,0.000552778597921133
ambiguous:user_ambiguous_093|alpha=10|measure=wager_abstention,ambiguous:user_ambiguous_093,ambiguous,10.0,wager_abstention,0.9975274205207825
definite_false:qb_9682|alpha=10|measure=wager_abstention,definite_false:qb_9682,definite_false,10.0,wager_abstention,0.9978172779083252
definite_correct:qb_3191|alpha=10|measure=wager_abstention,definite_correct:qb_3191,definite_correct,10.0,wager_abstention,0.00020342698553577065
definite_correct:qw_5716|alpha=10|measure=wager_abstention,definite_correct:qw_5716,definite_correct,10.0,wager_abstention,0.9990890026092529
definite_false:qw_3732|alpha=10|measure=wager_abstention,definite_false:qw_3732,definite_false,10.0,wager_abstention,0.9902915358543396
definite_false:qb_3878|alpha=10|measure=wager_abstention,definite_false:qb_3878,definite_false,10.0,wager_abstention,0.8519527316093445
definite_correct:wh_1933|alpha=10|measure=wager_abstention,definite_correct:wh_1933,definite_correct,10.0,wager_abstention,0.0002611903182696551
definite_false:wh_252|alpha=10|measure=wager_abstention,definite_false:wh_252,definite_false,10.0,wager_abstention,0.9820137619972229
definite_false:qb_4987|alpha=10|measure=wager_abstention,definite_false:qb_4987,definite_false,10.0,wager_abstention,0.9994471669197083
ambiguous:ambigqa_train_-4829972042995259834|alpha=10|measure=wager_abstention,ambiguous:ambigqa_train_-4829972042995259834,ambiguous,10.0,wager_abstention,0.14804719388484955
ambiguous:user_ambiguous_099|alpha=10|measure=wager_abstention,ambiguous:user_ambiguous_099,ambiguous,10.0,wager_abstention,0.9982993006706238
definite_false:bb_2616|alpha=10|measure=wager_abstention,definite_false:bb_2616,definite_false,10.0,wager_abstention,0.9940890073776245
ambiguous:user_ambiguous_024|alpha=10|measure=wager_abstention,ambiguous:user_ambiguous_024,ambiguous,10.0,wager_abstention,0.9994471669197083
ambiguous:ambigqa_train_6622540978806844416|alpha=10|measure=wager_abstention,ambiguous:ambigqa_train_6622540978806844416,ambiguous,10.0,wager_abstention,0.9964063763618469
ambiguous:user_ambiguous_088|alpha=10|measure=wager_abstention,ambiguous:user_ambiguous_088,ambiguous,10.0,wager_abstention,0.9324532747268677
definite_correct:qb_9954|alpha=10|measure=wager_abstention,definite_correct:qb_9954,definite_correct,10.0,wager_abstention,6.605214002775028e-05
definite_correct:qw_243|alpha=10|measure=wager_abstention,definite_correct:qw_243,definite_correct,10.0,wager_abstention,0.8354835510253906
ambiguous:user_ambiguous_066|alpha=10|measure=wager_abstention,ambiguous:user_ambiguous_066,ambiguous,10.0,wager_abstention,0.9998766183853149
definite_correct:wh_51|alpha=10|measure=wager_abstention,definite_correct:wh_51,definite_correct,10.0,wager_abstention,0.957912266254425
definite_false:tc_3016|alpha=10|measure=wager_abstention,definite_false:tc_3016,definite_false,10.0,wager_abstention,0.998498797416687
ambiguous:user_ambiguous_075|alpha=10|measure=wager_abstention,ambiguous:user_ambiguous_075,ambiguous,10.0,wager_abstention,0.9999417066574097
definite_false:qb_2899|alpha=10|measure=wager_abstention,definite_false:qb_2899,definite_false,10.0,wager_abstention,0.8519527316093445
definite_correct:qb_4336|alpha=10|measure=wager_abstention,definite_correct:qb_4336,definite_correct,10.0,wager_abstention,3.535625000949949e-05
definite_correct:tc_1602|alpha=10|measure=wager_abstention,definite_correct:tc_1602,definite_correct,10.0,wager_abstention,0.9626730680465698
definite_correct:qb_2932|alpha=10|measure=wager_abstention,definite_correct:qb_2932,definite_correct,10.0,wager_abstention,0.8175744414329529
ambiguous:user_ambiguous_031|alpha=10|measure=wager_abstention,ambiguous:user_ambiguous_031,ambiguous,10.0,wager_abstention,0.957912266254425
ambiguous:ambigqa_train_3267103377301376828|alpha=10|measure=wager_abstention,ambiguous:ambigqa_train_3267103377301376828,ambiguous,10.0,wager_abstention,0.3775406777858734
ambiguous:ambigqa_train_-4861369907584367396|alpha=10|measure=wager_abstention,ambiguous:ambigqa_train_-4861369907584367396,ambiguous,10.0,wager_abstention,0.01798621006309986
ambiguous:ambigqa_train_4887157859291163116|alpha=10|measure=wager_abstention,ambiguous:ambigqa_train_4887157859291163116,ambiguous,10.0,wager_abstention,0.18242551386356354
definite_false:dpql_753|alpha=10|measure=wager_abstention,definite_false:dpql_753,definite_false,10.0,wager_abstention,0.9980732202529907
definite_false:qw_4953|alpha=10|measure=wager_abstention,definite_false:qw_4953,definite_false,10.0,wager_abstention,0.9968273043632507
ambiguous:user_ambiguous_073|alpha=10|measure=wager_abstention,ambiguous:user_ambiguous_073,ambiguous,10.0,wager_abstention,0.9995694756507874
definite_false:bb_1220|alpha=10|measure=wager_abstention,definite_false:bb_1220,definite_false,10.0,wager_abstention,0.9968273043632507
ambiguous:user_ambiguous_081|alpha=10|measure=wager_abstention,ambiguous:user_ambiguous_081,ambiguous,10.0,wager_abstention,0.11920291185379028
definite_false:qw_5896|alpha=10|measure=wager_abstention,definite_false:qw_5896,definite_false,10.0,wager_abstention,0.9859364032745361
definite_false:bb_77|alpha=10|measure=wager_abstention,definite_false:bb_77,definite_false,10.0,wager_abstention,0.9975274205207825
definite_correct:qb_2497|alpha=10|measure=wager_abstention,definite_correct:qb_2497,definite_correct,10.0,wager_abstention,6.605214002775028e-05
ambiguous:user_ambiguous_050|alpha=10|measure=wager_abstention,ambiguous:user_ambiguous_050,ambiguous,10.0,wager_abstention,0.9046505093574524
ambiguous:user_ambiguous_061|alpha=10|measure=wager_abstention,ambiguous:user_ambiguous_061,ambiguous,10.0,wager_abstention,0.622459352016449
ambiguous:user_ambiguous_054|alpha=10|measure=wager_abstention,ambiguous:user_ambiguous_054,ambiguous,10.0,wager_abstention,0.3208213150501251
ambiguous:user_ambiguous_071|alpha=10|measure=wager_abstention,ambiguous:user_ambiguous_071,ambiguous,10.0,wager_abstention,0.9241418242454529
definite_correct:qw_4882|alpha=10|measure=wager_abstention,definite_correct:qw_4882,definite_correct,10.0,wager_abstention,0.002800926798954606
definite_correct:dpql_2538|alpha=10|measure=wager_abstention,definite_correct:dpql_2538,definite_correct,10.0,wager_abstention,0.9940890073776245
definite_correct:bb_810|alpha=10|measure=wager_abstention,definite_correct:bb_810,definite_correct,10.0,wager_abstention,0.562176525592804
ambiguous:ambigqa_dev_-2861341002123248407|alpha=10|measure=wager_abstention,ambiguous:ambigqa_dev_-2861341002123248407,ambiguous,10.0,wager_abstention,0.9740425944328308
definite_false:tc_349|alpha=10|measure=wager_abstention,definite_false:tc_349,definite_false,10.0,wager_abstention,0.622459352016449
definite_correct:wh_4358|alpha=10|measure=wager_abstention,definite_correct:wh_4358,definite_correct,10.0,wager_abstention,0.622459352016449
ambiguous:ambigqa_dev_-2928173928559810904|alpha=10|measure=wager_abstention,ambiguous:ambigqa_dev_-2928173928559810904,ambiguous,10.0,wager_abstention,0.22270014882087708
definite_false:dpql_3092|alpha=10|measure=wager_abstention,definite_false:dpql_3092,definite_false,10.0,wager_abstention,0.9992903470993042
definite_correct:qb_916|alpha=10|measure=wager_abstention,definite_correct:qb_916,definite_correct,10.0,wager_abstention,0.9875683188438416
definite_correct:bb_5566|alpha=10|measure=wager_abstention,definite_correct:bb_5566,definite_correct,10.0,wager_abstention,0.0007096704212017357
ambiguous:user_ambiguous_027|alpha=10|measure=wager_abstention,ambiguous:user_ambiguous_027,ambiguous,10.0,wager_abstention,0.9986749291419983
definite_false:dpql_384|alpha=10|measure=wager_abstention,definite_false:dpql_384,definite_false,10.0,wager_abstention,0.9992903470993042
definite_false:dpql_3827|alpha=10|measure=wager_abstention,definite_false:dpql_3827,definite_false,10.0,wager_abstention,0.022977370768785477
definite_correct:tc_1323|alpha=10|measure=wager_abstention,definite_correct:tc_1323,definite_correct,10.0,wager_abstention,0.4378235340118408
ambiguous:user_ambiguous_039|alpha=10|measure=wager_abstention,ambiguous:user_ambiguous_039,ambiguous,10.0,wager_abstention,0.7310585975646973
ambiguous:user_ambiguous_037|alpha=10|measure=wager_abstention,ambiguous:user_ambiguous_037,ambiguous,10.0,wager_abstention,0.8807970285415649
definite_false:qb_355|alpha=10|measure=wager_abstention,definite_false:qb_355,definite_false,10.0,wager_abstention,0.02931223064661026
definite_correct:qw_45|alpha=10|measure=wager_abstention,definite_correct:qw_45,definite_correct,10.0,wager_abstention,0.8670357465744019
ambiguous:ambigqa_train_-5327098669371634148|alpha=10|measure=wager_abstention,ambiguous:ambigqa_train_-5327098669371634148,ambiguous,10.0,wager_abstention,0.9988304972648621
ambiguous:user_ambiguous_059|alpha=10|measure=wager_abstention,ambiguous:user_ambiguous_059,ambiguous,10.0,wager_abstention,0.4378235340118408
definite_correct:qb_9452|alpha=10|measure=wager_abstention,definite_correct:qb_9452,definite_correct,10.0,wager_abstention,0.0001795279822545126
ambiguous:user_ambiguous_004|alpha=10|measure=wager_abstention,ambiguous:user_ambiguous_004,ambiguous,10.0,wager_abstention,0.005911069456487894
ambiguous:user_ambiguous_064|alpha=10|measure=wager_abstention,ambiguous:user_ambiguous_064,ambiguous,10.0,wager_abstention,0.9988304972648621
ambiguous:user_ambiguous_033|alpha=10|measure=wager_abstention,ambiguous:user_ambiguous_033,ambiguous,10.0,wager_abstention,0.8519527316093445
definite_correct:dpql_6083|alpha=10|measure=wager_abstention,definite_correct:dpql_6083,definite_correct,10.0,wager_abstention,0.0001795279822545126
definite_false:bb_8205|alpha=10|measure=wager_abstention,definite_false:bb_8205,definite_false,10.0,wager_abstention,0.8175744414329529
definite_correct:tc_955|alpha=10|measure=wager_abstention,definite_correct:tc_955,definite_correct,10.0,wager_abstention,0.9525741338729858
definite_false:tc_1535|alpha=10|measure=wager_abstention,definite_false:tc_1535,definite_false,10.0,wager_abstention,0.9996646642684937
definite_false:qb_2901|alpha=10|measure=wager_abstention,definite_false:qb_2901,definite_false,10.0,wager_abstention,0.9995121955871582
definite_false:qb_4446|alpha=10|measure=wager_abstention,definite_false:qb_4446,definite_false,10.0,wager_abstention,0.9840936064720154
ambiguous:ambigqa_train_8846306718324708097|alpha=10|measure=wager_abstention,ambiguous:ambigqa_train_8846306718324708097,ambiguous,10.0,wager_abstention,0.014063626527786255
ambiguous:user_ambiguous_084|alpha=10|measure=wager_abstention,ambiguous:user_ambiguous_084,ambiguous,10.0,wager_abstention,0.9994471669197083
definite_false:qb_3296|alpha=10|measure=wager_abstention,definite_false:qb_3296,definite_false,10.0,wager_abstention,0.4378235340118408
ambiguous:synthetic_ambiguity_d830565486f2d0b0|alpha=10|measure=wager_abstention,ambiguous:synthetic_ambiguity_d830565486f2d0b0,ambiguous,10.0,wager_abstention,0.9997387528419495
ambiguous:user_ambiguous_041|alpha=10|measure=wager_abstention,ambiguous:user_ambiguous_041,ambiguous,10.0,wager_abstention,0.08509904891252518
definite_correct:qw_1421|alpha=10|measure=wager_abstention,definite_correct:qw_1421,definite_correct,10.0,wager_abstention,0.9947799444198608
definite_false:qb_3869|alpha=10|measure=wager_abstention,definite_false:qb_3869,definite_false,10.0,wager_abstention,0.9999151229858398
ambiguous:user_ambiguous_035|alpha=10|measure=wager_abstention,ambiguous:user_ambiguous_035,ambiguous,10.0,wager_abstention,0.9991958737373352
definite_false:dpql_2259|alpha=10|measure=wager_abstention,definite_false:dpql_2259,definite_false,10.0,wager_abstention,0.9953904151916504
definite_correct:qb_5063|alpha=10|measure=wager_abstention,definite_correct:qb_5063,definite_correct,10.0,wager_abstention,0.0004878571489825845
definite_correct:dpql_3447|alpha=10|measure=wager_abstention,definite_correct:dpql_3447,definite_correct,10.0,wager_abstention,0.00029595711384899914
definite_correct:tc_2317|alpha=10|measure=wager_abstention,definite_correct:tc_2317,definite_correct,10.0,wager_abstention,0.0004878571489825845
definite_false:qb_4397|alpha=10|measure=wager_abstention,definite_false:qb_4397,definite_false,10.0,wager_abstention,0.9995694756507874
definite_false:qb_2928|alpha=10|measure=wager_abstention,definite_false:qb_2928,definite_false,10.0,wager_abstention,0.9997040629386902
definite_false:dpql_5545|alpha=10|measure=wager_abstention,definite_false:dpql_5545,definite_false,10.0,wager_abstention,0.8175744414329529
definite_correct:wh_1303|alpha=10|measure=wager_abstention,definite_correct:wh_1303,definite_correct,10.0,wager_abstention,0.9399133324623108
ambiguous:user_ambiguous_005|alpha=10|measure=wager_abstention,ambiguous:user_ambiguous_005,ambiguous,10.0,wager_abstention,0.9971990585327148
definite_false:qw_2399|alpha=10|measure=wager_abstention,definite_false:qw_2399,definite_false,10.0,wager_abstention,0.9978172779083252
definite_false:tc_2728|alpha=10|measure=wager_abstention,definite_false:tc_2728,definite_false,10.0,wager_abstention,0.9998766183853149
definite_correct:qw_1211|alpha=10|measure=wager_abstention,definite_correct:qw_1211,definite_correct,10.0,wager_abstention,0.0001795279822545126
definite_correct:wh_453|alpha=10|measure=wager_abstention,definite_correct:wh_453,definite_correct,10.0,wager_abstention,0.0015011822106316686
definite_correct:qw_2634|alpha=10|measure=wager_abstention,definite_correct:qw_2634,definite_correct,10.0,wager_abstention,0.22270014882087708
definite_correct:qw_132|alpha=10|measure=wager_abstention,definite_correct:qw_132,definite_correct,10.0,wager_abstention,0.6791787147521973
ambiguous:user_ambiguous_078|alpha=10|measure=wager_abstention,ambiguous:user_ambiguous_078,ambiguous,10.0,wager_abstention,0.007577241398394108
definite_correct:qw_4190|alpha=10|measure=wager_abstention,definite_correct:qw_4190,definite_correct,10.0,wager_abstention,0.0001398220774717629
ambiguous:user_ambiguous_038|alpha=10|measure=wager_abstention,ambiguous:user_ambiguous_038,ambiguous,10.0,wager_abstention,0.9924227595329285
definite_correct:dpql_2276|alpha=10|measure=wager_abstention,definite_correct:dpql_2276,definite_correct,10.0,wager_abstention,0.00012339458044152707
ambiguous:ambigqa_dev_2248395039731877618|alpha=10|measure=wager_abstention,ambiguous:ambigqa_dev_2248395039731877618,ambiguous,10.0,wager_abstention,0.9991958737373352
definite_correct:qb_2151|alpha=10|measure=wager_abstention,definite_correct:qb_2151,definite_correct,10.0,wager_abstention,0.9971990585327148
definite_correct:qb_3516|alpha=10|measure=wager_abstention,definite_correct:qb_3516,definite_correct,10.0,wager_abstention,0.7310585975646973
definite_correct:qb_10132|alpha=10|measure=wager_abstention,definite_correct:qb_10132,definite_correct,10.0,wager_abstention,1.8925147742265835e-05
definite_false:bb_968|alpha=10|measure=wager_abstention,definite_false:bb_968,definite_false,10.0,wager_abstention,0.9933071732521057
definite_false:qb_525|alpha=10|measure=wager_abstention,definite_false:qb_525,definite_false,10.0,wager_abstention,0.9997695088386536
definite_correct:qb_2589|alpha=10|measure=wager_abstention,definite_correct:qb_2589,definite_correct,10.0,wager_abstention,0.7549149990081787
definite_false:tc_2556|alpha=10|measure=wager_abstention,definite_false:tc_2556,definite_false,10.0,wager_abstention,0.999373733997345
ambiguous:ambigqa_train_-4290930682953750669|alpha=10|measure=wager_abstention,ambiguous:ambigqa_train_-4290930682953750669,ambiguous,10.0,wager_abstention,0.02931223064661026
definite_false:qb_5694|alpha=10|measure=wager_abstention,definite_false:qb_5694,definite_false,10.0,wager_abstention,0.9988304972648621
definite_false:qw_3199|alpha=10|measure=wager_abstention,definite_false:qw_3199,definite_false,10.0,wager_abstention,0.9997387528419495
ambiguous:synthetic_ambiguity_eccd45548d369037|alpha=10|measure=wager_abstention,ambiguous:synthetic_ambiguity_eccd45548d369037,ambiguous,10.0,wager_abstention,0.9989677667617798
definite_correct:qb_7271|alpha=10|measure=wager_abstention,definite_correct:qb_7271,definite_correct,10.0,wager_abstention,0.9740425944328308
definite_false:qb_3624|alpha=10|measure=wager_abstention,definite_false:qb_3624,definite_false,10.0,wager_abstention,0.9986749291419983
definite_correct:bb_7263|alpha=10|measure=wager_abstention,definite_correct:bb_7263,definite_correct,10.0,wager_abstention,0.0019267345778644085
ambiguous:user_ambiguous_094|alpha=10|measure=wager_abstention,ambiguous:user_ambiguous_094,ambiguous,10.0,wager_abstention,0.9968273043632507
definite_false:qz_6898|alpha=10|measure=wager_abstention,definite_false:qz_6898,definite_false,10.0,wager_abstention,0.9964063763618469
definite_correct:qb_650|alpha=10|measure=wager_abstention,definite_correct:qb_650,definite_correct,10.0,wager_abstention,5.144221358932555e-05
definite_false:qw_1298|alpha=10|measure=wager_abstention,definite_false:qw_1298,definite_false,10.0,wager_abstention,0.9988304972648621
definite_correct:bb_1135|alpha=10|measure=wager_abstention,definite_correct:bb_1135,definite_correct,10.0,wager_abstention,0.970687747001648
definite_false:bb_2489|alpha=10|measure=wager_abstention,definite_false:bb_2489,definite_false,10.0,wager_abstention,0.14804719388484955
definite_correct:bb_436|alpha=10|measure=wager_abstention,definite_correct:bb_436,definite_correct,10.0,wager_abstention,0.18242551386356354
ambiguous:user_ambiguous_068|alpha=10|measure=wager_abstention,ambiguous:user_ambiguous_068,ambiguous,10.0,wager_abstention,0.9999251365661621
ambiguous:user_ambiguous_082|alpha=10|measure=wager_abstention,ambiguous:user_ambiguous_082,ambiguous,10.0,wager_abstention,0.9989677667617798
definite_correct:qb_4578|alpha=10|measure=wager_abstention,definite_correct:qb_4578,definite_correct,10.0,wager_abstention,0.07585818320512772
definite_correct:wh_4041|alpha=10|measure=wager_abstention,definite_correct:wh_4041,definite_correct,10.0,wager_abstention,0.9525741338729858
definite_correct:bb_5550|alpha=10|measure=wager_abstention,definite_correct:bb_5550,definite_correct,10.0,wager_abstention,0.6513549089431763
definite_false:dpql_3319|alpha=10|measure=wager_abstention,definite_false:dpql_3319,definite_false,10.0,wager_abstention,0.9980732202529907
definite_false:qz_1393|alpha=10|measure=wager_abstention,definite_false:qz_1393,definite_false,10.0,wager_abstention,0.9525741338729858
definite_false:bb_596|alpha=10|measure=wager_abstention,definite_false:bb_596,definite_false,10.0,wager_abstention,0.999841570854187
definite_false:wh_3277|alpha=10|measure=wager_abstention,definite_false:wh_3277,definite_false,10.0,wager_abstention,0.9959298968315125
ambiguous:user_ambiguous_025|alpha=10|measure=wager_abstention,ambiguous:user_ambiguous_025,ambiguous,10.0,wager_abstention,0.8807970285415649
definite_correct:bb_20|alpha=10|measure=wager_abstention,definite_correct:bb_20,definite_correct,10.0,wager_abstention,0.01590639166533947
ambiguous:user_ambiguous_016|alpha=10|measure=wager_abstention,ambiguous:user_ambiguous_016,ambiguous,10.0,wager_abstention,0.9995694756507874
definite_false:bb_6668|alpha=10|measure=wager_abstention,definite_false:bb_6668,definite_false,10.0,wager_abstention,0.9971990585327148
ambiguous:synthetic_ambiguity_0fb6efbc1bf0ec38|alpha=10|measure=wager_abstention,ambiguous:synthetic_ambiguity_0fb6efbc1bf0ec38,ambiguous,10.0,wager_abstention,0.9995121955871582
ambiguous:user_ambiguous_001|alpha=10|measure=wager_abstention,ambiguous:user_ambiguous_001,ambiguous,10.0,wager_abstention,0.9980732202529907
definite_false:dpql_4205|alpha=10|measure=wager_abstention,definite_false:dpql_4205,definite_false,10.0,wager_abstention,0.9840936064720154
ambiguous:user_ambiguous_043|alpha=10|measure=wager_abstention,ambiguous:user_ambiguous_043,ambiguous,10.0,wager_abstention,0.9992903470993042
definite_false:bb_3805|alpha=10|measure=wager_abstention,definite_false:bb_3805,definite_false,10.0,wager_abstention,0.04208773002028465
definite_false:dpql_3261|alpha=10|measure=wager_abstention,definite_false:dpql_3261,definite_false,10.0,wager_abstention,0.9995121955871582
definite_correct:qb_7921|alpha=10|measure=wager_abstention,definite_correct:qb_7921,definite_correct,10.0,wager_abstention,0.9046505093574524
ambiguous:ambigqa_train_389267376370423320|alpha=10|measure=wager_abstention,ambiguous:ambigqa_train_389267376370423320,ambiguous,10.0,wager_abstention,0.9971990585327148
ambiguous:user_ambiguous_055|alpha=10|measure=wager_abstention,ambiguous:user_ambiguous_055,ambiguous,10.0,wager_abstention,0.7310585975646973
definite_correct:qb_1456|alpha=10|measure=wager_abstention,definite_correct:qb_1456,definite_correct,10.0,wager_abstention,7.484622619813308e-05
definite_correct:qb_2934|alpha=10|measure=wager_abstention,definite_correct:qb_2934,definite_correct,10.0,wager_abstention,0.970687747001648
definite_correct:qb_1435|alpha=10|measure=wager_abstention,definite_correct:qb_1435,definite_correct,10.0,wager_abstention,1.8925147742265835e-05
definite_correct:tc_1284|alpha=10|measure=wager_abstention,definite_correct:tc_1284,definite_correct,10.0,wager_abstention,0.00012339458044152707
definite_correct:qb_299|alpha=10|measure=wager_abstention,definite_correct:qb_299,definite_correct,10.0,wager_abstention,0.000552778597921133
definite_correct:bb_121|alpha=10|measure=wager_abstention,definite_correct:bb_121,definite_correct,10.0,wager_abstention,0.0002611903182696551
definite_false:tc_2359|alpha=10|measure=wager_abstention,definite_false:tc_2359,definite_false,10.0,wager_abstention,0.9924227595329285
ambiguous:user_ambiguous_026|alpha=10|measure=wager_abstention,ambiguous:user_ambiguous_026,ambiguous,10.0,wager_abstention,0.9989677667617798
definite_false:dpql_4977|alpha=10|measure=wager_abstention,definite_false:dpql_4977,definite_false,10.0,wager_abstention,0.9626730680465698
ambiguous:ambigqa_train_4701094121253884727|alpha=10|measure=wager_abstention,ambiguous:ambigqa_train_4701094121253884727,ambiguous,10.0,wager_abstention,0.9953904151916504
definite_false:tc_2257|alpha=10|measure=wager_abstention,definite_false:tc_2257,definite_false,10.0,wager_abstention,0.999841570854187
ambiguous:ambigqa_train_-5746040628732928353|alpha=10|measure=wager_abstention,ambiguous:ambigqa_train_-5746040628732928353,ambiguous,10.0,wager_abstention,0.9996199607849121
definite_false:dpql_2396|alpha=10|measure=wager_abstention,definite_false:dpql_2396,definite_false,10.0,wager_abstention,0.3208213150501251
ambiguous:user_ambiguous_029|alpha=10|measure=wager_abstention,ambiguous:user_ambiguous_029,ambiguous,10.0,wager_abstention,0.8519527316093445
ambiguous:ambigqa_train_-6821663518687506172|alpha=10|measure=wager_abstention,ambiguous:ambigqa_train_-6821663518687506172,ambiguous,10.0,wager_abstention,0.9986749291419983
definite_correct:qb_4948|alpha=10|measure=wager_abstention,definite_correct:qb_4948,definite_correct,10.0,wager_abstention,0.0011695101857185364
ambiguous:synthetic_ambiguity_7462141d7ff09177|alpha=10|measure=wager_abstention,ambiguous:synthetic_ambiguity_7462141d7ff09177,ambiguous,10.0,wager_abstention,0.9999417066574097
definite_correct:qb_2148|alpha=10|measure=wager_abstention,definite_correct:qb_2148,definite_correct,10.0,wager_abstention,0.9740425944328308
definite_correct:qb_34|alpha=10|measure=wager_abstention,definite_correct:qb_34,definite_correct,10.0,wager_abstention,0.562176525592804
definite_false:bb_8112|alpha=10|measure=wager_abstention,definite_false:bb_8112,definite_false,10.0,wager_abstention,0.9975274205207825
definite_correct:bb_2326|alpha=10|measure=wager_abstention,definite_correct:bb_2326,definite_correct,10.0,wager_abstention,8.481104305246845e-05
ambiguous:user_ambiguous_018|alpha=10|measure=wager_abstention,ambiguous:user_ambiguous_018,ambiguous,10.0,wager_abstention,0.562176525592804
definite_false:dpql_4319|alpha=10|measure=wager_abstention,definite_false:dpql_4319,definite_false,10.0,wager_abstention,0.998498797416687
ambiguous:user_ambiguous_020|alpha=10|measure=wager_abstention,ambiguous:user_ambiguous_020,ambiguous,10.0,wager_abstention,0.5
definite_false:tc_3120|alpha=10|measure=wager_abstention,definite_false:tc_3120,definite_false,10.0,wager_abstention,0.9990890026092529
definite_false:bb_7609|alpha=10|measure=wager_abstention,definite_false:bb_7609,definite_false,10.0,wager_abstention,0.9988304972648621
definite_correct:tc_954|alpha=10|measure=wager_abstention,definite_correct:tc_954,definite_correct,10.0,wager_abstention,0.3775406777858734
ambiguous:user_ambiguous_092|alpha=10|measure=wager_abstention,ambiguous:user_ambiguous_092,ambiguous,10.0,wager_abstention,0.18242551386356354
definite_correct:qz_5801|alpha=10|measure=wager_abstention,definite_correct:qz_5801,definite_correct,10.0,wager_abstention,0.00029595711384899914
definite_false:qz_3440|alpha=10|measure=wager_abstention,definite_false:qz_3440,definite_false,10.0,wager_abstention,0.9940890073776245
definite_correct:bb_6024|alpha=10|measure=wager_abstention,definite_correct:bb_6024,definite_correct,10.0,wager_abstention,0.0009110512328334153
ambiguous:ambigqa_train_-6615422287569447999|alpha=10|measure=wager_abstention,ambiguous:ambigqa_train_-6615422287569447999,ambiguous,10.0,wager_abstention,0.999373733997345
definite_false:qw_3161|alpha=10|measure=wager_abstention,definite_false:qw_3161,definite_false,10.0,wager_abstention,0.9859364032745361
definite_false:dpql_1695|alpha=10|measure=wager_abstention,definite_false:dpql_1695,definite_false,10.0,wager_abstention,0.9982993006706238
definite_correct:qw_1253|alpha=10|measure=wager_abstention,definite_correct:qw_1253,definite_correct,10.0,wager_abstention,0.00029595711384899914
definite_false:bb_5849|alpha=10|measure=wager_abstention,definite_false:bb_5849,definite_false,10.0,wager_abstention,0.9875683188438416
ambiguous:synthetic_ambiguity_127bbb74d142df4c|alpha=10|measure=wager_abstention,ambiguous:synthetic_ambiguity_127bbb74d142df4c,ambiguous,10.0,wager_abstention,0.9994471669197083
definite_false:dpql_151|alpha=10|measure=wager_abstention,definite_false:dpql_151,definite_false,10.0,wager_abstention,0.002800926798954606
definite_false:qb_936|alpha=10|measure=wager_abstention,definite_false:qb_936,definite_false,10.0,wager_abstention,0.8175744414329529
definite_correct:qb_365|alpha=10|measure=wager_abstention,definite_correct:qb_365,definite_correct,10.0,wager_abstention,4.539786823443137e-05
ambiguous:user_ambiguous_032|alpha=10|measure=wager_abstention,ambiguous:user_ambiguous_032,ambiguous,10.0,wager_abstention,0.9465966820716858
ambiguous:user_ambiguous_045|alpha=10|measure=wager_abstention,ambiguous:user_ambiguous_045,ambiguous,10.0,wager_abstention,0.18242551386356354
definite_correct:bb_4832|alpha=10|measure=wager_abstention,definite_correct:bb_4832,definite_correct,10.0,wager_abstention,0.08509904891252518
ambiguous:user_ambiguous_074|alpha=10|measure=wager_abstention,ambiguous:user_ambiguous_074,ambiguous,10.0,wager_abstention,0.9902915358543396
definite_correct:qw_393|alpha=10|measure=wager_abstention,definite_correct:qw_393,definite_correct,10.0,wager_abstention,0.00029595711384899914
ambiguous:user_ambiguous_076|alpha=10|measure=wager_abstention,ambiguous:user_ambiguous_076,ambiguous,10.0,wager_abstention,0.7772998809814453
definite_false:qw_5610|alpha=10|measure=wager_abstention,definite_false:qw_5610,definite_false,10.0,wager_abstention,0.0006263342220336199
ambiguous:user_ambiguous_036|alpha=10|measure=wager_abstention,ambiguous:user_ambiguous_036,ambiguous,10.0,wager_abstention,0.9988304972648621
ambiguous:user_ambiguous_048|alpha=10|measure=wager_abstention,ambiguous:user_ambiguous_048,ambiguous,10.0,wager_abstention,0.9959298968315125
definite_correct:dpql_971|alpha=10|measure=wager_abstention,definite_correct:dpql_971,definite_correct,10.0,wager_abstention,0.8519527316093445
definite_false:bb_4587|alpha=10|measure=wager_abstention,definite_false:bb_4587,definite_false,10.0,wager_abstention,0.9978172779083252
ambiguous:user_ambiguous_042|alpha=10|measure=wager_abstention,ambiguous:user_ambiguous_042,ambiguous,10.0,wager_abstention,0.7310585975646973
ambiguous:user_ambiguous_089|alpha=10|measure=wager_abstention,ambiguous:user_ambiguous_089,ambiguous,10.0,wager_abstention,0.14804719388484955
ambiguous:ambigqa_train_-4847378126974715981|alpha=10|measure=wager_abstention,ambiguous:ambigqa_train_-4847378126974715981,ambiguous,10.0,wager_abstention,0.5
ambiguous:user_ambiguous_063|alpha=10|measure=wager_abstention,ambiguous:user_ambiguous_063,ambiguous,10.0,wager_abstention,0.999373733997345
ambiguous:ambigqa_train_-2840611200472199951|alpha=10|measure=wager_abstention,ambiguous:ambigqa_train_-2840611200472199951,ambiguous,10.0,wager_abstention,0.9980732202529907
ambiguous:user_ambiguous_079|alpha=10|measure=wager_abstention,ambiguous:user_ambiguous_079,ambiguous,10.0,wager_abstention,0.9149009585380554
definite_correct:bb_2920|alpha=10|measure=wager_abstention,definite_correct:bb_2920,definite_correct,10.0,wager_abstention,0.00010889690020121634
ambiguous:user_ambiguous_049|alpha=10|measure=wager_abstention,ambiguous:user_ambiguous_049,ambiguous,10.0,wager_abstention,0.9997040629386902
definite_correct:qw_1068|alpha=10|measure=wager_abstention,definite_correct:qw_1068,definite_correct,10.0,wager_abstention,0.0001795279822545126
ambiguous:user_ambiguous_062|alpha=10|measure=wager_abstention,ambiguous:user_ambiguous_062,ambiguous,10.0,wager_abstention,0.9902915358543396
ambiguous:user_ambiguous_091|alpha=10|measure=wager_abstention,ambiguous:user_ambiguous_091,ambiguous,10.0,wager_abstention,0.8519527316093445
definite_false:wh_2928|alpha=10|measure=wager_abstention,definite_false:wh_2928,definite_false,10.0,wager_abstention,0.8933094143867493
definite_correct:qb_4415|alpha=10|measure=wager_abstention,definite_correct:qb_4415,definite_correct,10.0,wager_abstention,0.002182716503739357
definite_false:bb_5317|alpha=10|measure=wager_abstention,definite_false:bb_5317,definite_false,10.0,wager_abstention,0.9998205304145813
definite_correct:wh_3778|alpha=10|measure=wager_abstention,definite_correct:wh_3778,definite_correct,10.0,wager_abstention,0.7549149990081787
definite_correct:qb_8074|alpha=10|measure=wager_abstention,definite_correct:qb_8074,definite_correct,10.0,wager_abstention,9.610241977497935e-05
definite_false:qb_919|alpha=10|measure=wager_abstention,definite_false:qb_919,definite_false,10.0,wager_abstention,0.0004305570910219103
definite_correct:dpql_3467|alpha=10|measure=wager_abstention,definite_correct:dpql_3467,definite_correct,10.0,wager_abstention,0.0035936026833951473
definite_correct:qw_6782|alpha=10|measure=wager_abstention,definite_correct:qw_6782,definite_correct,10.0,wager_abstention,0.0007096704212017357
definite_correct:qb_8861|alpha=10|measure=wager_abstention,definite_correct:qb_8861,definite_correct,10.0,wager_abstention,0.0006263342220336199
ambiguous:ambigqa_train_8480092557592561766|alpha=10|measure=wager_abstention,ambiguous:ambigqa_train_8480092557592561766,ambiguous,10.0,wager_abstention,0.9399133324623108
definite_false:qb_3427|alpha=10|measure=wager_abstention,definite_false:qb_3427,definite_false,10.0,wager_abstention,0.9982993006706238
definite_false:qw_4954|alpha=10|measure=wager_abstention,definite_false:qw_4954,definite_false,10.0,wager_abstention,0.9980732202529907
definite_correct:qz_3927|alpha=10|measure=wager_abstention,definite_correct:qz_3927,definite_correct,10.0,wager_abstention,0.02931223064661026
ambiguous:synthetic_ambiguity_db564851e7629ffa|alpha=10|measure=wager_abstention,ambiguous:synthetic_ambiguity_db564851e7629ffa,ambiguous,10.0,wager_abstention,0.8354835510253906
definite_correct:bb_5094|alpha=10|measure=wager_abstention,definite_correct:bb_5094,definite_correct,10.0,wager_abstention,0.7310585975646973
ambiguous:user_ambiguous_015|alpha=10|measure=wager_abstention,ambiguous:user_ambiguous_015,ambiguous,10.0,wager_abstention,0.22270014882087708
definite_correct:dpql_6346|alpha=10|measure=wager_abstention,definite_correct:dpql_6346,definite_correct,10.0,wager_abstention,0.00033535013790242374
definite_false:dpql_4053|alpha=10|measure=wager_abstention,definite_false:dpql_4053,definite_false,10.0,wager_abstention,0.999373733997345
ambiguous:user_ambiguous_070|alpha=10|measure=wager_abstention,ambiguous:user_ambiguous_070,ambiguous,10.0,wager_abstention,0.9902915358543396
definite_false:wh_1706|alpha=10|measure=wager_abstention,definite_false:wh_1706,definite_false,10.0,wager_abstention,0.9940890073776245
definite_false:bb_8893|alpha=10|measure=wager_abstention,definite_false:bb_8893,definite_false,10.0,wager_abstention,0.005220125894993544
definite_false:qw_6106|alpha=10|measure=wager_abstention,definite_false:qw_6106,definite_false,10.0,wager_abstention,0.9986749291419983
ambiguous:user_ambiguous_034|alpha=10|measure=wager_abstention,ambiguous:user_ambiguous_034,ambiguous,10.0,wager_abstention,0.6791787147521973
ambiguous:user_ambiguous_060|alpha=10|measure=wager_abstention,ambiguous:user_ambiguous_060,ambiguous,10.0,wager_abstention,0.977022647857666
definite_false:bb_981|alpha=10|measure=wager_abstention,definite_false:bb_981,definite_false,10.0,wager_abstention,0.9924227595329285
ambiguous:user_ambiguous_012|alpha=10|measure=wager_abstention,ambiguous:user_ambiguous_012,ambiguous,10.0,wager_abstention,0.998498797416687
definite_false:qw_3344|alpha=10|measure=wager_abstention,definite_false:qw_3344,definite_false,10.0,wager_abstention,0.9525741338729858
ambiguous:synthetic_ambiguity_736399f8375cbe45|alpha=10|measure=wager_abstention,ambiguous:synthetic_ambiguity_736399f8375cbe45,ambiguous,10.0,wager_abstention,0.999373733997345
definite_false:qb_3225|alpha=10|measure=wager_abstention,definite_false:qb_3225,definite_false,10.0,wager_abstention,0.9995694756507874
definite_false:qw_5298|alpha=10|measure=wager_abstention,definite_false:qw_5298,definite_false,10.0,wager_abstention,0.998498797416687
definite_correct:qb_1172|alpha=10|measure=wager_abstention,definite_correct:qb_1172,definite_correct,10.0,wager_abstention,0.10669060051441193
definite_correct:qb_3365|alpha=10|measure=wager_abstention,definite_correct:qb_3365,definite_correct,10.0,wager_abstention,0.8175744414329529
definite_correct:bb_500|alpha=10|measure=wager_abstention,definite_correct:bb_500,definite_correct,10.0,wager_abstention,0.00020342698553577065
ambiguous:user_ambiguous_069|alpha=10|measure=wager_abstention,ambiguous:user_ambiguous_069,ambiguous,10.0,wager_abstention,0.562176525592804
ambiguous:user_ambiguous_046|alpha=10|measure=wager_abstention,ambiguous:user_ambiguous_046,ambiguous,10.0,wager_abstention,0.9959298968315125
definite_false:dpql_1059|alpha=10|measure=wager_abstention,definite_false:dpql_1059,definite_false,10.0,wager_abstention,0.00970847625285387
definite_false:qw_3500|alpha=10|measure=wager_abstention,definite_false:qw_3500,definite_false,10.0,wager_abstention,0.562176525592804
definite_false:qw_3353|alpha=10|measure=wager_abstention,definite_false:qw_3353,definite_false,10.0,wager_abstention,0.9982993006706238
ambiguous:synthetic_ambiguity_c51d6353acd62fc1|alpha=10|measure=wager_abstention,ambiguous:synthetic_ambiguity_c51d6353acd62fc1,ambiguous,10.0,wager_abstention,0.7772998809814453
ambiguous:user_ambiguous_056|alpha=10|measure=wager_abstention,ambiguous:user_ambiguous_056,ambiguous,10.0,wager_abstention,0.7772998809814453
ambiguous:ambigqa_train_6967337893340565499|alpha=10|measure=wager_abstention,ambiguous:ambigqa_train_6967337893340565499,ambiguous,10.0,wager_abstention,0.14804719388484955
definite_false:wh_2424|alpha=10|measure=wager_abstention,definite_false:wh_2424,definite_false,10.0,wager_abstention,0.0006263342220336199
definite_false:qz_2428|alpha=10|measure=wager_abstention,definite_false:qz_2428,definite_false,10.0,wager_abstention,0.977022647857666
ambiguous:user_ambiguous_090|alpha=10|measure=wager_abstention,ambiguous:user_ambiguous_090,ambiguous,10.0,wager_abstention,0.9989677667617798
definite_false:tc_2506|alpha=10|measure=wager_abstention,definite_false:tc_2506,definite_false,10.0,wager_abstention,0.9971990585327148
ambiguous:synthetic_ambiguity_befa9c239cfadb1e|alpha=10|measure=wager_abstention,ambiguous:synthetic_ambiguity_befa9c239cfadb1e,ambiguous,10.0,wager_abstention,0.9998205304145813
ambiguous:user_ambiguous_017|alpha=10|measure=wager_abstention,ambiguous:user_ambiguous_017,ambiguous,10.0,wager_abstention,0.622459352016449
definite_false:dpql_3912|alpha=10|measure=wager_abstention,definite_false:dpql_3912,definite_false,10.0,wager_abstention,0.9902915358543396
definite_correct:bb_9251|alpha=10|measure=wager_abstention,definite_correct:bb_9251,definite_correct,10.0,wager_abstention,0.6513549089431763
definite_correct:qb_8036|alpha=10|measure=wager_abstention,definite_correct:qb_8036,definite_correct,10.0,wager_abstention,0.9149009585380554
definite_correct:dpql_216|alpha=10|measure=wager_abstention,definite_correct:dpql_216,definite_correct,10.0,wager_abstention,0.6791787147521973
definite_false:qb_2329|alpha=10|measure=wager_abstention,definite_false:qb_2329,definite_false,10.0,wager_abstention,0.9997695088386536
definite_false:qb_7085|alpha=10|measure=wager_abstention,definite_false:qb_7085,definite_false,10.0,wager_abstention,0.9626730680465698
definite_false:qw_3582|alpha=10|measure=wager_abstention,definite_false:qw_3582,definite_false,10.0,wager_abstention,0.9989677667617798
definite_correct:bb_8732|alpha=10|measure=wager_abstention,definite_correct:bb_8732,definite_correct,10.0,wager_abstention,0.0002611903182696551
ambiguous:synthetic_ambiguity_39e9eaa2e03e1780|alpha=10|measure=wager_abstention,ambiguous:synthetic_ambiguity_39e9eaa2e03e1780,ambiguous,10.0,wager_abstention,0.9875683188438416
definite_false:bb_5659|alpha=10|measure=wager_abstention,definite_false:bb_5659,definite_false,10.0,wager_abstention,0.999373733997345
definite_correct:qb_8250|alpha=10|measure=wager_abstention,definite_correct:qb_8250,definite_correct,10.0,wager_abstention,0.9914224743843079
definite_correct:qb_6581|alpha=10|measure=wager_abstention,definite_correct:qb_6581,definite_correct,10.0,wager_abstention,0.00247262348420918
definite_false:qb_1556|alpha=10|measure=wager_abstention,definite_false:qb_1556,definite_false,10.0,wager_abstention,0.053403329104185104
definite_false:bb_4598|alpha=10|measure=wager_abstention,definite_false:bb_4598,definite_false,10.0,wager_abstention,0.9995121955871582
definite_correct:qw_1816|alpha=10|measure=wager_abstention,definite_correct:qw_1816,definite_correct,10.0,wager_abstention,0.5
definite_correct:qb_9283|alpha=10|measure=wager_abstention,definite_correct:qb_9283,definite_correct,10.0,wager_abstention,0.8807970285415649
definite_correct:qw_5335|alpha=10|measure=wager_abstention,definite_correct:qw_5335,definite_correct,10.0,wager_abstention,0.562176525592804
definite_correct:bb_9184|alpha=10|measure=wager_abstention,definite_correct:bb_9184,definite_correct,10.0,wager_abstention,0.8670357465744019
definite_correct:bb_6465|alpha=10|measure=wager_abstention,definite_correct:bb_6465,definite_correct,10.0,wager_abstention,5.829126530443318e-05
definite_false:bb_6487|alpha=10|measure=wager_abstention,definite_false:bb_6487,definite_false,10.0,wager_abstention,0.9914224743843079
ambiguous:user_ambiguous_007|alpha=10|measure=wager_abstention,ambiguous:user_ambiguous_007,ambiguous,10.0,wager_abstention,0.9978172779083252
ambiguous:synthetic_ambiguity_77277aded01ef92e|alpha=10|measure=wager_abstention,ambiguous:synthetic_ambiguity_77277aded01ef92e,ambiguous,10.0,wager_abstention,0.9991958737373352
definite_false:dpql_5115|alpha=10|measure=wager_abstention,definite_false:dpql_5115,definite_false,10.0,wager_abstention,0.9997040629386902
definite_false:wh_451|alpha=10|measure=wager_abstention,definite_false:wh_451,definite_false,10.0,wager_abstention,0.9988304972648621
ambiguous:ambigqa_train_-282133277527244056|alpha=10|measure=wager_abstention,ambiguous:ambigqa_train_-282133277527244056,ambiguous,10.0,wager_abstention,0.9989677667617798
definite_false:qb_2370|alpha=10|measure=wager_abstention,definite_false:qb_2370,definite_false,10.0,wager_abstention,0.999373733997345
ambiguous:user_ambiguous_029|alpha=15|measure=confidence_manipulation_check,ambiguous:user_ambiguous_029,ambiguous,15.0,confidence_manipulation_check,0.6486460972297892
definite_correct:qb_2148|alpha=15|measure=confidence_manipulation_check,definite_correct:qb_2148,definite_correct,15.0,confidence_manipulation_check,0.8027455296683628
definite_correct:qb_2151|alpha=15|measure=confidence_manipulation_check,definite_correct:qb_2151,definite_correct,15.0,confidence_manipulation_check,0.795331310645247
ambiguous:user_ambiguous_042|alpha=15|measure=confidence_manipulation_check,ambiguous:user_ambiguous_042,ambiguous,15.0,confidence_manipulation_check,0.7999912959254346
ambiguous:ambigqa_train_-4290930682953750669|alpha=15|measure=confidence_manipulation_check,ambiguous:ambigqa_train_-4290930682953750669,ambiguous,15.0,confidence_manipulation_check,0.7213357141100175
definite_correct:qb_9954|alpha=15|measure=confidence_manipulation_check,definite_correct:qb_9954,definite_correct,15.0,confidence_manipulation_check,0.6949362639686227
definite_correct:qb_8074|alpha=15|measure=confidence_manipulation_check,definite_correct:qb_8074,definite_correct,15.0,confidence_manipulation_check,0.8140301087471244
ambiguous:user_ambiguous_060|alpha=15|measure=confidence_manipulation_check,ambiguous:user_ambiguous_060,ambiguous,15.0,confidence_manipulation_check,0.6550526274426374
definite_correct:qb_2497|alpha=15|measure=confidence_manipulation_check,definite_correct:qb_2497,definite_correct,15.0,confidence_manipulation_check,0.8170636580144673
ambiguous:synthetic_ambiguity_db564851e7629ffa|alpha=15|measure=confidence_manipulation_check,ambiguous:synthetic_ambiguity_db564851e7629ffa,ambiguous,15.0,confidence_manipulation_check,0.683374603377888
definite_correct:dpql_6083|alpha=15|measure=confidence_manipulation_check,definite_correct:dpql_6083,definite_correct,15.0,confidence_manipulation_check,0.7575574604986741
definite_false:qb_3869|alpha=15|measure=confidence_manipulation_check,definite_false:qb_3869,definite_false,15.0,confidence_manipulation_check,0.8316851514890005
definite_correct:qb_10132|alpha=15|measure=confidence_manipulation_check,definite_correct:qb_10132,definite_correct,15.0,confidence_manipulation_check,0.848475813861353
definite_correct:bb_500|alpha=15|measure=confidence_manipulation_check,definite_correct:bb_500,definite_correct,15.0,confidence_manipulation_check,0.7963550817045644
definite_false:qz_1393|alpha=15|measure=confidence_manipulation_check,definite_false:qz_1393,definite_false,15.0,confidence_manipulation_check,0.7985013988475885
ambiguous:ambigqa_train_-2840611200472199951|alpha=15|measure=confidence_manipulation_check,ambiguous:ambigqa_train_-2840611200472199951,ambiguous,15.0,confidence_manipulation_check,0.6376856210674304
definite_false:dpql_4977|alpha=15|measure=confidence_manipulation_check,definite_false:dpql_4977,definite_false,15.0,confidence_manipulation_check,0.7445256358116581
definite_correct:qb_365|alpha=15|measure=confidence_manipulation_check,definite_correct:qb_365,definite_correct,15.0,confidence_manipulation_check,0.7304906970258571
definite_false:qb_2901|alpha=15|measure=confidence_manipulation_check,definite_false:qb_2901,definite_false,15.0,confidence_manipulation_check,0.6999547661871475
definite_false:wh_2424|alpha=15|measure=confidence_manipulation_check,definite_false:wh_2424,definite_false,15.0,confidence_manipulation_check,0.7108003075263241
definite_correct:bb_1135|alpha=15|measure=confidence_manipulation_check,definite_correct:bb_1135,definite_correct,15.0,confidence_manipulation_check,0.7083101043540054
definite_false:qz_6898|alpha=15|measure=confidence_manipulation_check,definite_false:qz_6898,definite_false,15.0,confidence_manipulation_check,0.8200623024228663
ambiguous:user_ambiguous_055|alpha=15|measure=confidence_manipulation_check,ambiguous:user_ambiguous_055,ambiguous,15.0,confidence_manipulation_check,0.654054283736059
ambiguous:user_ambiguous_073|alpha=15|measure=confidence_manipulation_check,ambiguous:user_ambiguous_073,ambiguous,15.0,confidence_manipulation_check,0.7105890120928962
definite_false:qb_1556|alpha=15|measure=confidence_manipulation_check,definite_false:qb_1556,definite_false,15.0,confidence_manipulation_check,0.6843072530595237
definite_false:qb_5694|alpha=15|measure=confidence_manipulation_check,definite_false:qb_5694,definite_false,15.0,confidence_manipulation_check,0.8028647148267282
ambiguous:user_ambiguous_078|alpha=15|measure=confidence_manipulation_check,ambiguous:user_ambiguous_078,ambiguous,15.0,confidence_manipulation_check,0.7771065495872819
definite_false:qw_3344|alpha=15|measure=confidence_manipulation_check,definite_false:qw_3344,definite_false,15.0,confidence_manipulation_check,0.8195989838334299
definite_correct:qw_1421|alpha=15|measure=confidence_manipulation_check,definite_correct:qw_1421,definite_correct,15.0,confidence_manipulation_check,0.7549462072567195
ambiguous:user_ambiguous_079|alpha=15|measure=confidence_manipulation_check,ambiguous:user_ambiguous_079,ambiguous,15.0,confidence_manipulation_check,0.6591561510643373
definite_correct:qb_299|alpha=15|measure=confidence_manipulation_check,definite_correct:qb_299,definite_correct,15.0,confidence_manipulation_check,0.8419947955758517
definite_correct:wh_3778|alpha=15|measure=confidence_manipulation_check,definite_correct:wh_3778,definite_correct,15.0,confidence_manipulation_check,0.7974127835871115
ambiguous:user_ambiguous_027|alpha=15|measure=confidence_manipulation_check,ambiguous:user_ambiguous_027,ambiguous,15.0,confidence_manipulation_check,0.6503753254710659
definite_correct:qz_5801|alpha=15|measure=confidence_manipulation_check,definite_correct:qz_5801,definite_correct,15.0,confidence_manipulation_check,0.8253836373090281
definite_false:wh_2928|alpha=15|measure=confidence_manipulation_check,definite_false:wh_2928,definite_false,15.0,confidence_manipulation_check,0.7939855720656396
definite_false:dpql_1695|alpha=15|measure=confidence_manipulation_check,definite_false:dpql_1695,definite_false,15.0,confidence_manipulation_check,0.7194272452368751
definite_false:qb_2329|alpha=15|measure=confidence_manipulation_check,definite_false:qb_2329,definite_false,15.0,confidence_manipulation_check,0.38878009960171767
definite_correct:qb_4415|alpha=15|measure=confidence_manipulation_check,definite_correct:qb_4415,definite_correct,15.0,confidence_manipulation_check,0.7665978305919794
definite_false:qb_936|alpha=15|measure=confidence_manipulation_check,definite_false:qb_936,definite_false,15.0,confidence_manipulation_check,0.8008690404021707
ambiguous:user_ambiguous_033|alpha=15|measure=confidence_manipulation_check,ambiguous:user_ambiguous_033,ambiguous,15.0,confidence_manipulation_check,0.4445562237291597
ambiguous:user_ambiguous_071|alpha=15|measure=confidence_manipulation_check,ambiguous:user_ambiguous_071,ambiguous,15.0,confidence_manipulation_check,0.581186257115769
definite_correct:bb_20|alpha=15|measure=confidence_manipulation_check,definite_correct:bb_20,definite_correct,15.0,confidence_manipulation_check,0.7837448120557667
definite_correct:bb_6024|alpha=15|measure=confidence_manipulation_check,definite_correct:bb_6024,definite_correct,15.0,confidence_manipulation_check,0.8353562049196626
definite_false:bb_4519|alpha=15|measure=confidence_manipulation_check,definite_false:bb_4519,definite_false,15.0,confidence_manipulation_check,0.7095076219461247
definite_correct:qb_8861|alpha=15|measure=confidence_manipulation_check,definite_correct:qb_8861,definite_correct,15.0,confidence_manipulation_check,0.7778560770703052
ambiguous:user_ambiguous_094|alpha=15|measure=confidence_manipulation_check,ambiguous:user_ambiguous_094,ambiguous,15.0,confidence_manipulation_check,0.6862291909773489
definite_correct:bb_4832|alpha=15|measure=confidence_manipulation_check,definite_correct:bb_4832,definite_correct,15.0,confidence_manipulation_check,0.7586457256950866
definite_correct:qb_9452|alpha=15|measure=confidence_manipulation_check,definite_correct:qb_9452,definite_correct,15.0,confidence_manipulation_check,0.8301835576223198
definite_false:wh_252|alpha=15|measure=confidence_manipulation_check,definite_false:wh_252,definite_false,15.0,confidence_manipulation_check,0.7022417599563141
ambiguous:user_ambiguous_081|alpha=15|measure=confidence_manipulation_check,ambiguous:user_ambiguous_081,ambiguous,15.0,confidence_manipulation_check,0.6956856999503542
ambiguous:user_ambiguous_043|alpha=15|measure=confidence_manipulation_check,ambiguous:user_ambiguous_043,ambiguous,15.0,confidence_manipulation_check,0.6774427629173261
definite_correct:qw_1253|alpha=15|measure=confidence_manipulation_check,definite_correct:qw_1253,definite_correct,15.0,confidence_manipulation_check,0.6809788350761493
definite_false:bb_77|alpha=15|measure=confidence_manipulation_check,definite_false:bb_77,definite_false,15.0,confidence_manipulation_check,0.3232837491836108
ambiguous:ambigqa_train_-4861369907584367396|alpha=15|measure=confidence_manipulation_check,ambiguous:ambigqa_train_-4861369907584367396,ambiguous,15.0,confidence_manipulation_check,0.6582604093734744
definite_correct:qb_1456|alpha=15|measure=confidence_manipulation_check,definite_correct:qb_1456,definite_correct,15.0,confidence_manipulation_check,0.7343117943720926
definite_false:bb_5317|alpha=15|measure=confidence_manipulation_check,definite_false:bb_5317,definite_false,15.0,confidence_manipulation_check,0.7221218386024703
definite_false:dpql_5115|alpha=15|measure=confidence_manipulation_check,definite_false:dpql_5115,definite_false,15.0,confidence_manipulation_check,0.43957826136611405
definite_correct:wh_4358|alpha=15|measure=confidence_manipulation_check,definite_correct:wh_4358,definite_correct,15.0,confidence_manipulation_check,0.8239744862113412
definite_false:bb_3805|alpha=15|measure=confidence_manipulation_check,definite_false:bb_3805,definite_false,15.0,confidence_manipulation_check,0.6599320288107718
definite_correct:qb_8250|alpha=15|measure=confidence_manipulation_check,definite_correct:qb_8250,definite_correct,15.0,confidence_manipulation_check,0.733293981497809
definite_correct:bb_1467|alpha=15|measure=confidence_manipulation_check,definite_correct:bb_1467,definite_correct,15.0,confidence_manipulation_check,0.7486791979424765
ambiguous:synthetic_ambiguity_77277aded01ef92e|alpha=15|measure=confidence_manipulation_check,ambiguous:synthetic_ambiguity_77277aded01ef92e,ambiguous,15.0,confidence_manipulation_check,0.7547416701111388
ambiguous:ambigqa_train_-4847378126974715981|alpha=15|measure=confidence_manipulation_check,ambiguous:ambigqa_train_-4847378126974715981,ambiguous,15.0,confidence_manipulation_check,0.6646703614930742
definite_false:dpql_4319|alpha=15|measure=confidence_manipulation_check,definite_false:dpql_4319,definite_false,15.0,confidence_manipulation_check,0.6939650305252144
ambiguous:user_ambiguous_056|alpha=15|measure=confidence_manipulation_check,ambiguous:user_ambiguous_056,ambiguous,15.0,confidence_manipulation_check,0.6756340463603919
definite_correct:dpql_3447|alpha=15|measure=confidence_manipulation_check,definite_correct:dpql_3447,definite_correct,15.0,confidence_manipulation_check,0.8341231028644217
ambiguous:user_ambiguous_062|alpha=15|measure=confidence_manipulation_check,ambiguous:user_ambiguous_062,ambiguous,15.0,confidence_manipulation_check,0.5542833291518036
definite_false:qb_2370|alpha=15|measure=confidence_manipulation_check,definite_false:qb_2370,definite_false,15.0,confidence_manipulation_check,0.757295394567518
definite_correct:bb_2326|alpha=15|measure=confidence_manipulation_check,definite_correct:bb_2326,definite_correct,15.0,confidence_manipulation_check,0.8210453563458373
definite_correct:qw_132|alpha=15|measure=confidence_manipulation_check,definite_correct:qw_132,definite_correct,15.0,confidence_manipulation_check,0.7854964172308613
ambiguous:user_ambiguous_031|alpha=15|measure=confidence_manipulation_check,ambiguous:user_ambiguous_031,ambiguous,15.0,confidence_manipulation_check,0.1566124476667028
definite_false:bb_6668|alpha=15|measure=confidence_manipulation_check,definite_false:bb_6668,definite_false,15.0,confidence_manipulation_check,0.713595899781194
definite_correct:bb_5550|alpha=15|measure=confidence_manipulation_check,definite_correct:bb_5550,definite_correct,15.0,confidence_manipulation_check,0.7397789768926486
definite_false:qz_2428|alpha=15|measure=confidence_manipulation_check,definite_false:qz_2428,definite_false,15.0,confidence_manipulation_check,0.7022014802374087
ambiguous:ambigqa_train_-282133277527244056|alpha=15|measure=confidence_manipulation_check,ambiguous:ambigqa_train_-282133277527244056,ambiguous,15.0,confidence_manipulation_check,0.6491846083277778
definite_correct:wh_4041|alpha=15|measure=confidence_manipulation_check,definite_correct:wh_4041,definite_correct,15.0,confidence_manipulation_check,0.8322342653028856
definite_false:bb_8205|alpha=15|measure=confidence_manipulation_check,definite_false:bb_8205,definite_false,15.0,confidence_manipulation_check,0.7689811067643177
ambiguous:synthetic_ambiguity_befa9c239cfadb1e|alpha=15|measure=confidence_manipulation_check,ambiguous:synthetic_ambiguity_befa9c239cfadb1e,ambiguous,15.0,confidence_manipulation_check,0.30255562718666623
ambiguous:synthetic_ambiguity_39e9eaa2e03e1780|alpha=15|measure=confidence_manipulation_check,ambiguous:synthetic_ambiguity_39e9eaa2e03e1780,ambiguous,15.0,confidence_manipulation_check,0.3380642057105433
definite_correct:dpql_6346|alpha=15|measure=confidence_manipulation_check,definite_correct:dpql_6346,definite_correct,15.0,confidence_manipulation_check,0.7742732668601207
definite_false:dpql_384|alpha=15|measure=confidence_manipulation_check,definite_false:dpql_384,definite_false,15.0,confidence_manipulation_check,0.670693637784825
ambiguous:user_ambiguous_064|alpha=15|measure=confidence_manipulation_check,ambiguous:user_ambiguous_064,ambiguous,15.0,confidence_manipulation_check,0.5724023046092043
definite_correct:qb_7921|alpha=15|measure=confidence_manipulation_check,definite_correct:qb_7921,definite_correct,15.0,confidence_manipulation_check,0.7603967145527519
ambiguous:ambigqa_train_4701094121253884727|alpha=15|measure=confidence_manipulation_check,ambiguous:ambigqa_train_4701094121253884727,ambiguous,15.0,confidence_manipulation_check,0.7130768264583821
ambiguous:ambigqa_train_-6821663518687506172|alpha=15|measure=confidence_manipulation_check,ambiguous:ambigqa_train_-6821663518687506172,ambiguous,15.0,confidence_manipulation_check,0.688352713643053
definite_false:dpql_5545|alpha=15|measure=confidence_manipulation_check,definite_false:dpql_5545,definite_false,15.0,confidence_manipulation_check,0.8400673716128949
definite_correct:qw_1068|alpha=15|measure=confidence_manipulation_check,definite_correct:qw_1068,definite_correct,15.0,confidence_manipulation_check,0.8357627610469082
definite_correct:tc_2317|alpha=15|measure=confidence_manipulation_check,definite_correct:tc_2317,definite_correct,15.0,confidence_manipulation_check,0.7108991394756913
definite_correct:qw_5335|alpha=15|measure=confidence_manipulation_check,definite_correct:qw_5335,definite_correct,15.0,confidence_manipulation_check,0.7793983673731418
definite_false:qw_3199|alpha=15|measure=confidence_manipulation_check,definite_false:qw_3199,definite_false,15.0,confidence_manipulation_check,0.6084665628848598
ambiguous:ambigqa_train_6967337893340565499|alpha=15|measure=confidence_manipulation_check,ambiguous:ambigqa_train_6967337893340565499,ambiguous,15.0,confidence_manipulation_check,0.718208357131732
definite_correct:qb_3516|alpha=15|measure=confidence_manipulation_check,definite_correct:qb_3516,definite_correct,15.0,confidence_manipulation_check,0.7989382218792344
ambiguous:user_ambiguous_090|alpha=15|measure=confidence_manipulation_check,ambiguous:user_ambiguous_090,ambiguous,15.0,confidence_manipulation_check,0.609724863044437
definite_false:qb_9244|alpha=15|measure=confidence_manipulation_check,definite_false:qb_9244,definite_false,15.0,confidence_manipulation_check,0.6912074053583409
definite_false:dpql_3261|alpha=15|measure=confidence_manipulation_check,definite_false:dpql_3261,definite_false,15.0,confidence_manipulation_check,0.38654825795529174
definite_correct:qb_1172|alpha=15|measure=confidence_manipulation_check,definite_correct:qb_1172,definite_correct,15.0,confidence_manipulation_check,0.7550156931973561
definite_correct:qw_243|alpha=15|measure=confidence_manipulation_check,definite_correct:qw_243,definite_correct,15.0,confidence_manipulation_check,0.8077364072585098
ambiguous:user_ambiguous_088|alpha=15|measure=confidence_manipulation_check,ambiguous:user_ambiguous_088,ambiguous,15.0,confidence_manipulation_check,0.5876903750402562
definite_correct:qz_340|alpha=15|measure=confidence_manipulation_check,definite_correct:qz_340,definite_correct,15.0,confidence_manipulation_check,0.8202513219730975
definite_false:tc_1535|alpha=15|measure=confidence_manipulation_check,definite_false:tc_1535,definite_false,15.0,confidence_manipulation_check,0.780633394159463
definite_false:dpql_4205|alpha=15|measure=confidence_manipulation_check,definite_false:dpql_4205,definite_false,15.0,confidence_manipulation_check,0.7347651109280037
definite_correct:dpql_5223|alpha=15|measure=confidence_manipulation_check,definite_correct:dpql_5223,definite_correct,15.0,confidence_manipulation_check,0.7383426075904481
definite_false:qw_5896|alpha=15|measure=confidence_manipulation_check,definite_false:qw_5896,definite_false,15.0,confidence_manipulation_check,0.6858397636238805
definite_false:dpql_1059|alpha=15|measure=confidence_manipulation_check,definite_false:dpql_1059,definite_false,15.0,confidence_manipulation_check,0.7531589493022353
definite_false:qb_4987|alpha=15|measure=confidence_manipulation_check,definite_false:qb_4987,definite_false,15.0,confidence_manipulation_check,0.8010312234182039
definite_false:bb_5849|alpha=15|measure=confidence_manipulation_check,definite_false:bb_5849,definite_false,15.0,confidence_manipulation_check,0.7750945678148128
definite_false:qb_525|alpha=15|measure=confidence_manipulation_check,definite_false:qb_525,definite_false,15.0,confidence_manipulation_check,0.7170565071458441
definite_false:tc_3120|alpha=15|measure=confidence_manipulation_check,definite_false:tc_3120,definite_false,15.0,confidence_manipulation_check,0.7804520185548882
definite_correct:qw_4190|alpha=15|measure=confidence_manipulation_check,definite_correct:qw_4190,definite_correct,15.0,confidence_manipulation_check,0.8282744344332031
definite_correct:bb_5566|alpha=15|measure=confidence_manipulation_check,definite_correct:bb_5566,definite_correct,15.0,confidence_manipulation_check,0.7494658453174678
definite_correct:dpql_2538|alpha=15|measure=confidence_manipulation_check,definite_correct:dpql_2538,definite_correct,15.0,confidence_manipulation_check,0.8011692273286031
definite_false:bb_8112|alpha=15|measure=confidence_manipulation_check,definite_false:bb_8112,definite_false,15.0,confidence_manipulation_check,0.744641959955527
definite_false:dpql_3092|alpha=15|measure=confidence_manipulation_check,definite_false:dpql_3092,definite_false,15.0,confidence_manipulation_check,0.5153441458009184
definite_false:bb_596|alpha=15|measure=confidence_manipulation_check,definite_false:bb_596,definite_false,15.0,confidence_manipulation_check,0.32194494758150544
ambiguous:user_ambiguous_063|alpha=15|measure=confidence_manipulation_check,ambiguous:user_ambiguous_063,ambiguous,15.0,confidence_manipulation_check,0.6330540578474029
ambiguous:user_ambiguous_099|alpha=15|measure=confidence_manipulation_check,ambiguous:user_ambiguous_099,ambiguous,15.0,confidence_manipulation_check,0.8002512129259857
definite_false:tc_540|alpha=15|measure=confidence_manipulation_check,definite_false:tc_540,definite_false,15.0,confidence_manipulation_check,0.7945881961540182
definite_false:qw_4954|alpha=15|measure=confidence_manipulation_check,definite_false:qw_4954,definite_false,15.0,confidence_manipulation_check,0.7555119194104919
definite_correct:bb_436|alpha=15|measure=confidence_manipulation_check,definite_correct:bb_436,definite_correct,15.0,confidence_manipulation_check,0.7624638654366436
definite_false:qb_2928|alpha=15|measure=confidence_manipulation_check,definite_false:qb_2928,definite_false,15.0,confidence_manipulation_check,0.8634459686636546
definite_correct:qw_1816|alpha=15|measure=confidence_manipulation_check,definite_correct:qw_1816,definite_correct,15.0,confidence_manipulation_check,0.8781643480459933
definite_false:qb_6250|alpha=15|measure=confidence_manipulation_check,definite_false:qb_6250,definite_false,15.0,confidence_manipulation_check,0.7296413339372748
ambiguous:synthetic_ambiguity_c51d6353acd62fc1|alpha=15|measure=confidence_manipulation_check,ambiguous:synthetic_ambiguity_c51d6353acd62fc1,ambiguous,15.0,confidence_manipulation_check,0.6738288603687351
definite_correct:qz_1139|alpha=15|measure=confidence_manipulation_check,definite_correct:qz_1139,definite_correct,15.0,confidence_manipulation_check,0.6786544953828865
definite_false:bb_981|alpha=15|measure=confidence_manipulation_check,definite_false:bb_981,definite_false,15.0,confidence_manipulation_check,0.7314348634823773
definite_false:qw_3500|alpha=15|measure=confidence_manipulation_check,definite_false:qw_3500,definite_false,15.0,confidence_manipulation_check,0.7519839621540996
definite_correct:qb_3365|alpha=15|measure=confidence_manipulation_check,definite_correct:qb_3365,definite_correct,15.0,confidence_manipulation_check,0.8078787827518511
definite_false:qb_2899|alpha=15|measure=confidence_manipulation_check,definite_false:qb_2899,definite_false,15.0,confidence_manipulation_check,0.6555374881127136
definite_false:dpql_3319|alpha=15|measure=confidence_manipulation_check,definite_false:dpql_3319,definite_false,15.0,confidence_manipulation_check,0.6926092950126076
ambiguous:user_ambiguous_025|alpha=15|measure=confidence_manipulation_check,ambiguous:user_ambiguous_025,ambiguous,15.0,confidence_manipulation_check,0.669696114466194
definite_correct:wh_453|alpha=15|measure=confidence_manipulation_check,definite_correct:wh_453,definite_correct,15.0,confidence_manipulation_check,0.7563536477074336
definite_false:dpql_2259|alpha=15|measure=confidence_manipulation_check,definite_false:dpql_2259,definite_false,15.0,confidence_manipulation_check,0.7969745292474159
ambiguous:user_ambiguous_082|alpha=15|measure=confidence_manipulation_check,ambiguous:user_ambiguous_082,ambiguous,15.0,confidence_manipulation_check,0.691569128650326
ambiguous:user_ambiguous_026|alpha=15|measure=confidence_manipulation_check,ambiguous:user_ambiguous_026,ambiguous,15.0,confidence_manipulation_check,0.5646002345747547
definite_false:qw_2399|alpha=15|measure=confidence_manipulation_check,definite_false:qw_2399,definite_false,15.0,confidence_manipulation_check,0.6923821509335538
ambiguous:user_ambiguous_075|alpha=15|measure=confidence_manipulation_check,ambiguous:user_ambiguous_075,ambiguous,15.0,confidence_manipulation_check,0.26904994015640116
ambiguous:user_ambiguous_034|alpha=15|measure=confidence_manipulation_check,ambiguous:user_ambiguous_034,ambiguous,15.0,confidence_manipulation_check,0.596305188725819
ambiguous:user_ambiguous_093|alpha=15|measure=confidence_manipulation_check,ambiguous:user_ambiguous_093,ambiguous,15.0,confidence_manipulation_check,0.756649577767746
definite_correct:qb_8036|alpha=15|measure=confidence_manipulation_check,definite_correct:qb_8036,definite_correct,15.0,confidence_manipulation_check,0.7872357827047552
ambiguous:user_ambiguous_005|alpha=15|measure=confidence_manipulation_check,ambiguous:user_ambiguous_005,ambiguous,15.0,confidence_manipulation_check,0.8020121358087892
definite_false:tc_2556|alpha=15|measure=confidence_manipulation_check,definite_false:tc_2556,definite_false,15.0,confidence_manipulation_check,0.7677951511337597
ambiguous:ambigqa_train_3267103377301376828|alpha=15|measure=confidence_manipulation_check,ambiguous:ambigqa_train_3267103377301376828,ambiguous,15.0,confidence_manipulation_check,0.6030664411940961
ambiguous:user_ambiguous_089|alpha=15|measure=confidence_manipulation_check,ambiguous:user_ambiguous_089,ambiguous,15.0,confidence_manipulation_check,0.6724704264612228
definite_false:qw_5298|alpha=15|measure=confidence_manipulation_check,definite_false:qw_5298,definite_false,15.0,confidence_manipulation_check,0.6883092234906144
definite_false:qb_919|alpha=15|measure=confidence_manipulation_check,definite_false:qb_919,definite_false,15.0,confidence_manipulation_check,0.7319354325407403
ambiguous:user_ambiguous_100|alpha=15|measure=confidence_manipulation_check,ambiguous:user_ambiguous_100,ambiguous,15.0,confidence_manipulation_check,0.2829807600941422
definite_false:bb_4598|alpha=15|measure=confidence_manipulation_check,definite_false:bb_4598,definite_false,15.0,confidence_manipulation_check,0.7102726796110801
definite_false:bb_4587|alpha=15|measure=confidence_manipulation_check,definite_false:bb_4587,definite_false,15.0,confidence_manipulation_check,0.6700728575815447
definite_false:qb_7085|alpha=15|measure=confidence_manipulation_check,definite_false:qb_7085,definite_false,15.0,confidence_manipulation_check,0.7934748743299962
definite_false:bb_5659|alpha=15|measure=confidence_manipulation_check,definite_false:bb_5659,definite_false,15.0,confidence_manipulation_check,0.725576890330467
ambiguous:user_ambiguous_041|alpha=15|measure=confidence_manipulation_check,ambiguous:user_ambiguous_041,ambiguous,15.0,confidence_manipulation_check,0.7153505405751673
ambiguous:user_ambiguous_076|alpha=15|measure=confidence_manipulation_check,ambiguous:user_ambiguous_076,ambiguous,15.0,confidence_manipulation_check,0.6533355141490802
definite_correct:qw_6782|alpha=15|measure=confidence_manipulation_check,definite_correct:qw_6782,definite_correct,15.0,confidence_manipulation_check,0.7569871234965149
definite_correct:qb_3684|alpha=15|measure=confidence_manipulation_check,definite_correct:qb_3684,definite_correct,15.0,confidence_manipulation_check,0.7538549813791178
definite_correct:qb_1435|alpha=15|measure=confidence_manipulation_check,definite_correct:qb_1435,definite_correct,15.0,confidence_manipulation_check,0.8494888432303753
ambiguous:ambigqa_train_8480092557592561766|alpha=15|measure=confidence_manipulation_check,ambiguous:ambigqa_train_8480092557592561766,ambiguous,15.0,confidence_manipulation_check,0.2140956177841872
definite_correct:bb_9251|alpha=15|measure=confidence_manipulation_check,definite_correct:bb_9251,definite_correct,15.0,confidence_manipulation_check,0.7640604919180077
ambiguous:ambigqa_dev_-2928173928559810904|alpha=15|measure=confidence_manipulation_check,ambiguous:ambigqa_dev_-2928173928559810904,ambiguous,15.0,confidence_manipulation_check,0.6386127517559089
definite_correct:bb_9184|alpha=15|measure=confidence_manipulation_check,definite_correct:bb_9184,definite_correct,15.0,confidence_manipulation_check,0.7030391335566947
definite_false:qb_3987|alpha=15|measure=confidence_manipulation_check,definite_false:qb_3987,definite_false,15.0,confidence_manipulation_check,0.7538122881494929
ambiguous:ambigqa_dev_-1684587227477882737|alpha=15|measure=confidence_manipulation_check,ambiguous:ambigqa_dev_-1684587227477882737,ambiguous,15.0,confidence_manipulation_check,0.6244695138386305
ambiguous:ambigqa_train_6622540978806844416|alpha=15|measure=confidence_manipulation_check,ambiguous:ambigqa_train_6622540978806844416,ambiguous,15.0,confidence_manipulation_check,0.6687386717467233
definite_false:bb_2616|alpha=15|measure=confidence_manipulation_check,definite_false:bb_2616,definite_false,15.0,confidence_manipulation_check,0.752586936649459
definite_false:qb_9682|alpha=15|measure=confidence_manipulation_check,definite_false:qb_9682,definite_false,15.0,confidence_manipulation_check,0.7301828507318646
ambiguous:synthetic_ambiguity_127bbb74d142df4c|alpha=15|measure=confidence_manipulation_check,ambiguous:synthetic_ambiguity_127bbb74d142df4c,ambiguous,15.0,confidence_manipulation_check,0.8133069153152178
definite_correct:qb_3191|alpha=15|measure=confidence_manipulation_check,definite_correct:qb_3191,definite_correct,15.0,confidence_manipulation_check,0.8132380457028604
ambiguous:user_ambiguous_035|alpha=15|measure=confidence_manipulation_check,ambiguous:user_ambiguous_035,ambiguous,15.0,confidence_manipulation_check,0.6285879273730984
ambiguous:user_ambiguous_069|alpha=15|measure=confidence_manipulation_check,ambiguous:user_ambiguous_069,ambiguous,15.0,confidence_manipulation_check,0.747021887285257
ambiguous:ambigqa_dev_2248395039731877618|alpha=15|measure=confidence_manipulation_check,ambiguous:ambigqa_dev_2248395039731877618,ambiguous,15.0,confidence_manipulation_check,0.6548271855440134
definite_correct:wh_1933|alpha=15|measure=confidence_manipulation_check,definite_correct:wh_1933,definite_correct,15.0,confidence_manipulation_check,0.8382885943966415
ambiguous:user_ambiguous_046|alpha=15|measure=confidence_manipulation_check,ambiguous:user_ambiguous_046,ambiguous,15.0,confidence_manipulation_check,0.7329654652656842
definite_correct:qb_5063|alpha=15|measure=confidence_manipulation_check,definite_correct:qb_5063,definite_correct,15.0,confidence_manipulation_check,0.8011269971345655
definite_correct:qb_4948|alpha=15|measure=confidence_manipulation_check,definite_correct:qb_4948,definite_correct,15.0,confidence_manipulation_check,0.7616777817595902
definite_correct:qb_2932|alpha=15|measure=confidence_manipulation_check,definite_correct:qb_2932,definite_correct,15.0,confidence_manipulation_check,0.8520201503404294
definite_false:wh_1706|alpha=15|measure=confidence_manipulation_check,definite_false:wh_1706,definite_false,15.0,confidence_manipulation_check,0.6231281122367364
ambiguous:user_ambiguous_037|alpha=15|measure=confidence_manipulation_check,ambiguous:user_ambiguous_037,ambiguous,15.0,confidence_manipulation_check,0.7129996457250399
definite_false:qz_3440|alpha=15|measure=confidence_manipulation_check,definite_false:qz_3440,definite_false,15.0,confidence_manipulation_check,0.6907521596527658
definite_false:dpql_2396|alpha=15|measure=confidence_manipulation_check,definite_false:dpql_2396,definite_false,15.0,confidence_manipulation_check,0.7491666633126328
definite_false:bb_8893|alpha=15|measure=confidence_manipulation_check,definite_false:bb_8893,definite_false,15.0,confidence_manipulation_check,0.7874354852544401
definite_correct:tc_1602|alpha=15|measure=confidence_manipulation_check,definite_correct:tc_1602,definite_correct,15.0,confidence_manipulation_check,0.6985531327854005
definite_correct:qb_2589|alpha=15|measure=confidence_manipulation_check,definite_correct:qb_2589,definite_correct,15.0,confidence_manipulation_check,0.8151026292584078
definite_correct:qw_859|alpha=15|measure=confidence_manipulation_check,definite_correct:qw_859,definite_correct,15.0,confidence_manipulation_check,0.7725963109531108
ambiguous:user_ambiguous_032|alpha=15|measure=confidence_manipulation_check,ambiguous:user_ambiguous_032,ambiguous,15.0,confidence_manipulation_check,0.5866881885449402
definite_correct:bb_810|alpha=15|measure=confidence_manipulation_check,definite_correct:bb_810,definite_correct,15.0,confidence_manipulation_check,0.7553775659998223
definite_false:tc_349|alpha=15|measure=confidence_manipulation_check,definite_false:tc_349,definite_false,15.0,confidence_manipulation_check,0.762940682702174
ambiguous:user_ambiguous_059|alpha=15|measure=confidence_manipulation_check,ambiguous:user_ambiguous_059,ambiguous,15.0,confidence_manipulation_check,0.6606097162576248
definite_false:wh_3277|alpha=15|measure=confidence_manipulation_check,definite_false:wh_3277,definite_false,15.0,confidence_manipulation_check,0.7724430399542144
definite_correct:tc_955|alpha=15|measure=confidence_manipulation_check,definite_correct:tc_955,definite_correct,15.0,confidence_manipulation_check,0.8025738168688917
definite_false:dpql_4053|alpha=15|measure=confidence_manipulation_check,definite_false:dpql_4053,definite_false,15.0,confidence_manipulation_check,0.7153260803319199
definite_false:wh_451|alpha=15|measure=confidence_manipulation_check,definite_false:wh_451,definite_false,15.0,confidence_manipulation_check,0.4192288561956957
definite_false:qb_4446|alpha=15|measure=confidence_manipulation_check,definite_false:qb_4446,definite_false,15.0,confidence_manipulation_check,0.6211748004323908
ambiguous:user_ambiguous_036|alpha=15|measure=confidence_manipulation_check,ambiguous:user_ambiguous_036,ambiguous,15.0,confidence_manipulation_check,0.7052690571243033
definite_correct:dpql_3467|alpha=15|measure=confidence_manipulation_check,definite_correct:dpql_3467,definite_correct,15.0,confidence_manipulation_check,0.7529303816625316
definite_false:dpql_151|alpha=15|measure=confidence_manipulation_check,definite_false:dpql_151,definite_false,15.0,confidence_manipulation_check,0.7961490586445678
definite_false:bb_7609|alpha=15|measure=confidence_manipulation_check,definite_false:bb_7609,definite_false,15.0,confidence_manipulation_check,0.6888311614628037
ambiguous:user_ambiguous_045|alpha=15|measure=confidence_manipulation_check,ambiguous:user_ambiguous_045,ambiguous,15.0,confidence_manipulation_check,0.6150332024166801
definite_false:qw_5610|alpha=15|measure=confidence_manipulation_check,definite_false:qw_5610,definite_false,15.0,confidence_manipulation_check,0.7614305165305723
definite_correct:qb_6086|alpha=15|measure=confidence_manipulation_check,definite_correct:qb_6086,definite_correct,15.0,confidence_manipulation_check,0.784716253413319
ambiguous:ambigqa_train_8846306718324708097|alpha=15|measure=confidence_manipulation_check,ambiguous:ambigqa_train_8846306718324708097,ambiguous,15.0,confidence_manipulation_check,0.7856379567516342
definite_false:tc_2257|alpha=15|measure=confidence_manipulation_check,definite_false:tc_2257,definite_false,15.0,confidence_manipulation_check,0.3946139360312373
ambiguous:user_ambiguous_007|alpha=15|measure=confidence_manipulation_check,ambiguous:user_ambiguous_007,ambiguous,15.0,confidence_manipulation_check,0.7040158506304436
definite_false:dpql_3827|alpha=15|measure=confidence_manipulation_check,definite_false:dpql_3827,definite_false,15.0,confidence_manipulation_check,0.6985047542974826
definite_correct:qw_393|alpha=15|measure=confidence_manipulation_check,definite_correct:qw_393,definite_correct,15.0,confidence_manipulation_check,0.8173020794130011
definite_correct:bb_6117|alpha=15|measure=confidence_manipulation_check,definite_correct:bb_6117,definite_correct,15.0,confidence_manipulation_check,0.8089922686257637
definite_correct:qz_3927|alpha=15|measure=confidence_manipulation_check,definite_correct:qz_3927,definite_correct,15.0,confidence_manipulation_check,0.7195835992754382
ambiguous:user_ambiguous_038|alpha=15|measure=confidence_manipulation_check,ambiguous:user_ambiguous_038,ambiguous,15.0,confidence_manipulation_check,0.3985539133078419
definite_false:qb_3427|alpha=15|measure=confidence_manipulation_check,definite_false:qb_3427,definite_false,15.0,confidence_manipulation_check,0.6955979357203886
ambiguous:user_ambiguous_001|alpha=15|measure=confidence_manipulation_check,ambiguous:user_ambiguous_001,ambiguous,15.0,confidence_manipulation_check,0.4921578565321397
definite_correct:qb_4578|alpha=15|measure=confidence_manipulation_check,definite_correct:qb_4578,definite_correct,15.0,confidence_manipulation_check,0.83882436731503
definite_correct:wh_51|alpha=15|measure=confidence_manipulation_check,definite_correct:wh_51,definite_correct,15.0,confidence_manipulation_check,0.8420618789206317
definite_false:bb_2489|alpha=15|measure=confidence_manipulation_check,definite_false:bb_2489,definite_false,15.0,confidence_manipulation_check,0.6485184847700566
definite_false:qb_4397|alpha=15|measure=confidence_manipulation_check,definite_false:qb_4397,definite_false,15.0,confidence_manipulation_check,0.7837080883269664
ambiguous:synthetic_ambiguity_eccd45548d369037|alpha=15|measure=confidence_manipulation_check,ambiguous:synthetic_ambiguity_eccd45548d369037,ambiguous,15.0,confidence_manipulation_check,0.3336548177496297
definite_correct:tc_1284|alpha=15|measure=confidence_manipulation_check,definite_correct:tc_1284,definite_correct,15.0,confidence_manipulation_check,0.8345077978234771
definite_correct:bb_5094|alpha=15|measure=confidence_manipulation_check,definite_correct:bb_5094,definite_correct,15.0,confidence_manipulation_check,0.6996426939044795
definite_false:tc_3016|alpha=15|measure=confidence_manipulation_check,definite_false:tc_3016,definite_false,15.0,confidence_manipulation_check,0.7504503576514253
definite_correct:qb_2934|alpha=15|measure=confidence_manipulation_check,definite_correct:qb_2934,definite_correct,15.0,confidence_manipulation_check,0.7073895819842675
definite_correct:qw_4882|alpha=15|measure=confidence_manipulation_check,definite_correct:qw_4882,definite_correct,15.0,confidence_manipulation_check,0.6893924149151701
definite_correct:bb_6465|alpha=15|measure=confidence_manipulation_check,definite_correct:bb_6465,definite_correct,15.0,confidence_manipulation_check,0.8028364582384029
ambiguous:user_ambiguous_020|alpha=15|measure=confidence_manipulation_check,ambiguous:user_ambiguous_020,ambiguous,15.0,confidence_manipulation_check,0.6951732369459023
ambiguous:user_ambiguous_016|alpha=15|measure=confidence_manipulation_check,ambiguous:user_ambiguous_016,ambiguous,15.0,confidence_manipulation_check,0.400657971482724
ambiguous:ambigqa_dev_-9219689808672072116|alpha=15|measure=confidence_manipulation_check,ambiguous:ambigqa_dev_-9219689808672072116,ambiguous,15.0,confidence_manipulation_check,0.7379167589315785
ambiguous:ambigqa_dev_-2861341002123248407|alpha=15|measure=confidence_manipulation_check,ambiguous:ambigqa_dev_-2861341002123248407,ambiguous,15.0,confidence_manipulation_check,0.5236732435630984
ambiguous:synthetic_ambiguity_736399f8375cbe45|alpha=15|measure=confidence_manipulation_check,ambiguous:synthetic_ambiguity_736399f8375cbe45,ambiguous,15.0,confidence_manipulation_check,0.26198395750689085
definite_false:dpql_3912|alpha=15|measure=confidence_manipulation_check,definite_false:dpql_3912,definite_false,15.0,confidence_manipulation_check,0.7241299817419531
ambiguous:user_ambiguous_068|alpha=15|measure=confidence_manipulation_check,ambiguous:user_ambiguous_068,ambiguous,15.0,confidence_manipulation_check,0.28210971877851987
ambiguous:user_ambiguous_024|alpha=15|measure=confidence_manipulation_check,ambiguous:user_ambiguous_024,ambiguous,15.0,confidence_manipulation_check,0.6509825317639638
definite_false:tc_2728|alpha=15|measure=confidence_manipulation_check,definite_false:tc_2728,definite_false,15.0,confidence_manipulation_check,0.7200517245224546
definite_false:tc_2359|alpha=15|measure=confidence_manipulation_check,definite_false:tc_2359,definite_false,15.0,confidence_manipulation_check,0.740779994570562
definite_correct:qb_650|alpha=15|measure=confidence_manipulation_check,definite_correct:qb_650,definite_correct,15.0,confidence_manipulation_check,0.7226315877674665
definite_false:tc_2506|alpha=15|measure=confidence_manipulation_check,definite_false:tc_2506,definite_false,15.0,confidence_manipulation_check,0.8190134888699276
definite_correct:qw_45|alpha=15|measure=confidence_manipulation_check,definite_correct:qw_45,definite_correct,15.0,confidence_manipulation_check,0.8080324599565756
definite_false:wh_527|alpha=15|measure=confidence_manipulation_check,definite_false:wh_527,definite_false,15.0,confidence_manipulation_check,0.8078918406565208
ambiguous:user_ambiguous_017|alpha=15|measure=confidence_manipulation_check,ambiguous:user_ambiguous_017,ambiguous,15.0,confidence_manipulation_check,0.45622748690657317
ambiguous:user_ambiguous_091|alpha=15|measure=confidence_manipulation_check,ambiguous:user_ambiguous_091,ambiguous,15.0,confidence_manipulation_check,0.5909081773897924
definite_false:qw_3582|alpha=15|measure=confidence_manipulation_check,definite_false:qw_3582,definite_false,15.0,confidence_manipulation_check,0.5818607759196311
definite_false:qb_3296|alpha=15|measure=confidence_manipulation_check,definite_false:qb_3296,definite_false,15.0,confidence_manipulation_check,0.7524793923947073
definite_correct:tc_954|alpha=15|measure=confidence_manipulation_check,definite_correct:tc_954,definite_correct,15.0,confidence_manipulation_check,0.8470496959413595
definite_correct:bb_121|alpha=15|measure=confidence_manipulation_check,definite_correct:bb_121,definite_correct,15.0,confidence_manipulation_check,0.66725347686438
ambiguous:ambigqa_train_-5327098669371634148|alpha=15|measure=confidence_manipulation_check,ambiguous:ambigqa_train_-5327098669371634148,ambiguous,15.0,confidence_manipulation_check,0.617065725026623
ambiguous:user_ambiguous_061|alpha=15|measure=confidence_manipulation_check,ambiguous:user_ambiguous_061,ambiguous,15.0,confidence_manipulation_check,0.7373519667503444
definite_false:bb_6487|alpha=15|measure=confidence_manipulation_check,definite_false:bb_6487,definite_false,15.0,confidence_manipulation_check,0.6931207944686093
ambiguous:ambigqa_train_-5746040628732928353|alpha=15|measure=confidence_manipulation_check,ambiguous:ambigqa_train_-5746040628732928353,ambiguous,15.0,confidence_manipulation_check,0.6847022420751955
definite_correct:qb_916|alpha=15|measure=confidence_manipulation_check,definite_correct:qb_916,definite_correct,15.0,confidence_manipulation_check,0.8212796345355969
definite_false:qb_3225|alpha=15|measure=confidence_manipulation_check,definite_false:qb_3225,definite_false,15.0,confidence_manipulation_check,0.6855551294847828
definite_false:dpql_4754|alpha=15|measure=confidence_manipulation_check,definite_false:dpql_4754,definite_false,15.0,confidence_manipulation_check,0.7303011939710814
definite_correct:bb_7263|alpha=15|measure=confidence_manipulation_check,definite_correct:bb_7263,definite_correct,15.0,confidence_manipulation_check,0.6969664463419064
definite_correct:qb_6581|alpha=15|measure=confidence_manipulation_check,definite_correct:qb_6581,definite_correct,15.0,confidence_manipulation_check,0.7201441487272973
ambiguous:user_ambiguous_004|alpha=15|measure=confidence_manipulation_check,ambiguous:user_ambiguous_004,ambiguous,15.0,confidence_manipulation_check,0.693960333737732
definite_false:qw_3161|alpha=15|measure=confidence_manipulation_check,definite_false:qw_3161,definite_false,15.0,confidence_manipulation_check,0.7115253947394649
definite_correct:qb_34|alpha=15|measure=confidence_manipulation_check,definite_correct:qb_34,definite_correct,15.0,confidence_manipulation_check,0.7897249154189524
definite_correct:qw_5716|alpha=15|measure=confidence_manipulation_check,definite_correct:qw_5716,definite_correct,15.0,confidence_manipulation_check,0.6702724660695935
ambiguous:user_ambiguous_092|alpha=15|measure=confidence_manipulation_check,ambiguous:user_ambiguous_092,ambiguous,15.0,confidence_manipulation_check,0.6283177615223394
definite_correct:qb_4336|alpha=15|measure=confidence_manipulation_check,definite_correct:qb_4336,definite_correct,15.0,confidence_manipulation_check,0.77905998223805
definite_correct:qw_1211|alpha=15|measure=confidence_manipulation_check,definite_correct:qw_1211,definite_correct,15.0,confidence_manipulation_check,0.831142335035819
ambiguous:user_ambiguous_012|alpha=15|measure=confidence_manipulation_check,ambiguous:user_ambiguous_012,ambiguous,15.0,confidence_manipulation_check,0.7887306397248267
ambiguous:user_ambiguous_066|alpha=15|measure=confidence_manipulation_check,ambiguous:user_ambiguous_066,ambiguous,15.0,confidence_manipulation_check,0.25019366300402907
definite_false:bb_968|alpha=15|measure=confidence_manipulation_check,definite_false:bb_968,definite_false,15.0,confidence_manipulation_check,0.7867054163631565
definite_correct:bb_2920|alpha=15|measure=confidence_manipulation_check,definite_correct:bb_2920,definite_correct,15.0,confidence_manipulation_check,0.8126409045919388
definite_false:qb_3624|alpha=15|measure=confidence_manipulation_check,definite_false:qb_3624,definite_false,15.0,confidence_manipulation_check,0.3689111376908841
definite_false:qw_4953|alpha=15|measure=confidence_manipulation_check,definite_false:qw_4953,definite_false,15.0,confidence_manipulation_check,0.855856097943115
ambiguous:ambigqa_train_-4829972042995259834|alpha=15|measure=confidence_manipulation_check,ambiguous:ambigqa_train_-4829972042995259834,ambiguous,15.0,confidence_manipulation_check,0.7576326910889293
ambiguous:user_ambiguous_049|alpha=15|measure=confidence_manipulation_check,ambiguous:user_ambiguous_049,ambiguous,15.0,confidence_manipulation_check,0.45744643062353135
ambiguous:user_ambiguous_015|alpha=15|measure=confidence_manipulation_check,ambiguous:user_ambiguous_015,ambiguous,15.0,confidence_manipulation_check,0.6973742176158794
definite_false:qw_3732|alpha=15|measure=confidence_manipulation_check,definite_false:qw_3732,definite_false,15.0,confidence_manipulation_check,0.7413237789628966
ambiguous:ambigqa_train_389267376370423320|alpha=15|measure=confidence_manipulation_check,ambiguous:ambigqa_train_389267376370423320,ambiguous,15.0,confidence_manipulation_check,0.6663660823044665
definite_false:dpql_753|alpha=15|measure=confidence_manipulation_check,definite_false:dpql_753,definite_false,15.0,confidence_manipulation_check,0.5400052993441932
definite_correct:qb_7271|alpha=15|measure=confidence_manipulation_check,definite_correct:qb_7271,definite_correct,15.0,confidence_manipulation_check,0.7904896944058919
definite_correct:qb_9283|alpha=15|measure=confidence_manipulation_check,definite_correct:qb_9283,definite_correct,15.0,confidence_manipulation_check,0.8111022669983868
ambiguous:user_ambiguous_074|alpha=15|measure=confidence_manipulation_check,ambiguous:user_ambiguous_074,ambiguous,15.0,confidence_manipulation_check,0.2820587438218354
ambiguous:user_ambiguous_048|alpha=15|measure=confidence_manipulation_check,ambiguous:user_ambiguous_048,ambiguous,15.0,confidence_manipulation_check,0.688084196468776
ambiguous:user_ambiguous_054|alpha=15|measure=confidence_manipulation_check,ambiguous:user_ambiguous_054,ambiguous,15.0,confidence_manipulation_check,0.6784703413634589
ambiguous:user_ambiguous_019|alpha=15|measure=confidence_manipulation_check,ambiguous:user_ambiguous_019,ambiguous,15.0,confidence_manipulation_check,0.8222308581310188
ambiguous:user_ambiguous_050|alpha=15|measure=confidence_manipulation_check,ambiguous:user_ambiguous_050,ambiguous,15.0,confidence_manipulation_check,0.5725967004706035
definite_false:qw_1298|alpha=15|measure=confidence_manipulation_check,definite_false:qw_1298,definite_false,15.0,confidence_manipulation_check,0.779027796520677
ambiguous:user_ambiguous_018|alpha=15|measure=confidence_manipulation_check,ambiguous:user_ambiguous_018,ambiguous,15.0,confidence_manipulation_check,0.7807073654352905
definite_false:qw_6106|alpha=15|measure=confidence_manipulation_check,definite_false:qw_6106,definite_false,15.0,confidence_manipulation_check,0.7730588111061933
ambiguous:user_ambiguous_008|alpha=15|measure=confidence_manipulation_check,ambiguous:user_ambiguous_008,ambiguous,15.0,confidence_manipulation_check,0.7281430502154763
definite_correct:bb_8732|alpha=15|measure=confidence_manipulation_check,definite_correct:bb_8732,definite_correct,15.0,confidence_manipulation_check,0.7582319417951965
definite_correct:dpql_2276|alpha=15|measure=confidence_manipulation_check,definite_correct:dpql_2276,definite_correct,15.0,confidence_manipulation_check,0.7263814978250593
definite_false:qb_355|alpha=15|measure=confidence_manipulation_check,definite_false:qb_355,definite_false,15.0,confidence_manipulation_check,0.8128580269979011
definite_correct:dpql_633|alpha=15|measure=confidence_manipulation_check,definite_correct:dpql_633,definite_correct,15.0,confidence_manipulation_check,0.7692914747657824
ambiguous:ambigqa_train_-6615422287569447999|alpha=15|measure=confidence_manipulation_check,ambiguous:ambigqa_train_-6615422287569447999,ambiguous,15.0,confidence_manipulation_check,0.5440876842141733
definite_false:qw_3353|alpha=15|measure=confidence_manipulation_check,definite_false:qw_3353,definite_false,15.0,confidence_manipulation_check,0.7125301049493828
ambiguous:ambigqa_train_4887157859291163116|alpha=15|measure=confidence_manipulation_check,ambiguous:ambigqa_train_4887157859291163116,ambiguous,15.0,confidence_manipulation_check,0.6718580164500053
definite_false:qb_3878|alpha=15|measure=confidence_manipulation_check,definite_false:qb_3878,definite_false,15.0,confidence_manipulation_check,0.6985978376620096
ambiguous:user_ambiguous_084|alpha=15|measure=confidence_manipulation_check,ambiguous:user_ambiguous_084,ambiguous,15.0,confidence_manipulation_check,0.6498045303524577
definite_correct:tc_1323|alpha=15|measure=confidence_manipulation_check,definite_correct:tc_1323,definite_correct,15.0,confidence_manipulation_check,0.7633880580350535
definite_correct:dpql_971|alpha=15|measure=confidence_manipulation_check,definite_correct:dpql_971,definite_correct,15.0,confidence_manipulation_check,0.6886626990067497
definite_correct:dpql_216|alpha=15|measure=confidence_manipulation_check,definite_correct:dpql_216,definite_correct,15.0,confidence_manipulation_check,0.8152022458847512
definite_false:bb_1220|alpha=15|measure=confidence_manipulation_check,definite_false:bb_1220,definite_false,15.0,confidence_manipulation_check,0.6934974396135658
ambiguous:synthetic_ambiguity_7462141d7ff09177|alpha=15|measure=confidence_manipulation_check,ambiguous:synthetic_ambiguity_7462141d7ff09177,ambiguous,15.0,confidence_manipulation_check,0.6145679905697761
ambiguous:synthetic_ambiguity_d830565486f2d0b0|alpha=15|measure=confidence_manipulation_check,ambiguous:synthetic_ambiguity_d830565486f2d0b0,ambiguous,15.0,confidence_manipulation_check,0.6228493847056596
definite_correct:wh_1303|alpha=15|measure=confidence_manipulation_check,definite_correct:wh_1303,definite_correct,15.0,confidence_manipulation_check,0.8353199928798631
ambiguous:user_ambiguous_070|alpha=15|measure=confidence_manipulation_check,ambiguous:user_ambiguous_070,ambiguous,15.0,confidence_manipulation_check,0.2610067713132594
definite_correct:dpql_5846|alpha=15|measure=confidence_manipulation_check,definite_correct:dpql_5846,definite_correct,15.0,confidence_manipulation_check,0.8164171889343379
ambiguous:synthetic_ambiguity_0fb6efbc1bf0ec38|alpha=15|measure=confidence_manipulation_check,ambiguous:synthetic_ambiguity_0fb6efbc1bf0ec38,ambiguous,15.0,confidence_manipulation_check,0.5876854268823081
definite_correct:qb_6665|alpha=15|measure=confidence_manipulation_check,definite_correct:qb_6665,definite_correct,15.0,confidence_manipulation_check,0.7378475469875639
definite_correct:qw_2634|alpha=15|measure=confidence_manipulation_check,definite_correct:qw_2634,definite_correct,15.0,confidence_manipulation_check,0.8192547819465901
ambiguous:user_ambiguous_039|alpha=15|measure=confidence_manipulation_check,ambiguous:user_ambiguous_039,ambiguous,15.0,confidence_manipulation_check,0.7106780310468309
ambiguous:user_ambiguous_033|alpha=15|measure=anomaly_forced_choice,ambiguous:user_ambiguous_033,ambiguous,15.0,anomaly_forced_choice,0.9964063763618469
definite_correct:qb_3516|alpha=15|measure=anomaly_forced_choice,definite_correct:qb_3516,definite_correct,15.0,anomaly_forced_choice,0.00033535013790242374
definite_false:qb_919|alpha=15|measure=anomaly_forced_choice,definite_false:qb_919,definite_false,15.0,anomaly_forced_choice,0.06754668802022934
definite_false:qb_4446|alpha=15|measure=anomaly_forced_choice,definite_false:qb_4446,definite_false,15.0,anomaly_forced_choice,0.3775406777858734
definite_false:tc_349|alpha=15|measure=anomaly_forced_choice,definite_false:tc_349,definite_false,15.0,anomaly_forced_choice,0.6791787147521973
definite_false:bb_5317|alpha=15|measure=anomaly_forced_choice,definite_false:bb_5317,definite_false,15.0,anomaly_forced_choice,0.0031726828310638666
definite_correct:qb_9452|alpha=15|measure=anomaly_forced_choice,definite_correct:qb_9452,definite_correct,15.0,anomaly_forced_choice,0.00037998449988663197
ambiguous:ambigqa_train_4701094121253884727|alpha=15|measure=anomaly_forced_choice,ambiguous:ambigqa_train_4701094121253884727,ambiguous,15.0,anomaly_forced_choice,0.4378235340118408
definite_false:bb_8893|alpha=15|measure=anomaly_forced_choice,definite_false:bb_8893,definite_false,15.0,anomaly_forced_choice,0.020332353189587593
definite_correct:qw_132|alpha=15|measure=anomaly_forced_choice,definite_correct:qw_132,definite_correct,15.0,anomaly_forced_choice,0.3775406777858734
definite_correct:bb_5094|alpha=15|measure=anomaly_forced_choice,definite_correct:bb_5094,definite_correct,15.0,anomaly_forced_choice,0.06008664891123772
ambiguous:synthetic_ambiguity_127bbb74d142df4c|alpha=15|measure=anomaly_forced_choice,ambiguous:synthetic_ambiguity_127bbb74d142df4c,ambiguous,15.0,anomaly_forced_choice,0.6791787147521973
ambiguous:user_ambiguous_008|alpha=15|measure=anomaly_forced_choice,ambiguous:user_ambiguous_008,ambiguous,15.0,anomaly_forced_choice,0.11920291185379028
definite_false:qw_1298|alpha=15|measure=anomaly_forced_choice,definite_false:qw_1298,definite_false,15.0,anomaly_forced_choice,0.11920291185379028
ambiguous:user_ambiguous_045|alpha=15|measure=anomaly_forced_choice,ambiguous:user_ambiguous_045,ambiguous,15.0,anomaly_forced_choice,0.005911069456487894
definite_false:dpql_753|alpha=15|measure=anomaly_forced_choice,definite_false:dpql_753,definite_false,15.0,anomaly_forced_choice,0.010986942797899246
definite_false:qw_2399|alpha=15|measure=anomaly_forced_choice,definite_false:qw_2399,definite_false,15.0,anomaly_forced_choice,0.9820137619972229
definite_correct:qb_4948|alpha=15|measure=anomaly_forced_choice,definite_correct:qb_4948,definite_correct,15.0,anomaly_forced_choice,0.04208773002028465
definite_false:qz_3440|alpha=15|measure=anomaly_forced_choice,definite_false:qz_3440,definite_false,15.0,anomaly_forced_choice,0.22270014882087708
definite_correct:qz_3927|alpha=15|measure=anomaly_forced_choice,definite_correct:qz_3927,definite_correct,15.0,anomaly_forced_choice,0.0007096704212017357
definite_false:dpql_4053|alpha=15|measure=anomaly_forced_choice,definite_false:dpql_4053,definite_false,15.0,anomaly_forced_choice,0.5
definite_false:qz_6898|alpha=15|measure=anomaly_forced_choice,definite_false:qz_6898,definite_false,15.0,anomaly_forced_choice,0.0006263342220336199
definite_false:dpql_4205|alpha=15|measure=anomaly_forced_choice,definite_false:dpql_4205,definite_false,15.0,anomaly_forced_choice,0.0002611903182696551
ambiguous:user_ambiguous_081|alpha=15|measure=anomaly_forced_choice,ambiguous:user_ambiguous_081,ambiguous,15.0,anomaly_forced_choice,0.9840936064720154
ambiguous:synthetic_ambiguity_7462141d7ff09177|alpha=15|measure=anomaly_forced_choice,ambiguous:synthetic_ambiguity_7462141d7ff09177,ambiguous,15.0,anomaly_forced_choice,0.14804719388484955
definite_false:dpql_3092|alpha=15|measure=anomaly_forced_choice,definite_false:dpql_3092,definite_false,15.0,anomaly_forced_choice,0.9525741338729858
definite_false:qb_2901|alpha=15|measure=anomaly_forced_choice,definite_false:qb_2901,definite_false,15.0,anomaly_forced_choice,0.998498797416687
definite_correct:bb_1135|alpha=15|measure=anomaly_forced_choice,definite_correct:bb_1135,definite_correct,15.0,anomaly_forced_choice,0.04742587357759476
definite_correct:qb_2151|alpha=15|measure=anomaly_forced_choice,definite_correct:qb_2151,definite_correct,15.0,anomaly_forced_choice,7.484622619813308e-05
ambiguous:user_ambiguous_061|alpha=15|measure=anomaly_forced_choice,ambiguous:user_ambiguous_061,ambiguous,15.0,anomaly_forced_choice,0.00247262348420918
definite_false:qb_355|alpha=15|measure=anomaly_forced_choice,definite_false:qb_355,definite_false,15.0,anomaly_forced_choice,0.0011695101857185364
ambiguous:user_ambiguous_079|alpha=15|measure=anomaly_forced_choice,ambiguous:user_ambiguous_079,ambiguous,15.0,anomaly_forced_choice,0.7310585975646973
definite_correct:bb_2326|alpha=15|measure=anomaly_forced_choice,definite_correct:bb_2326,definite_correct,15.0,anomaly_forced_choice,8.481104305246845e-05
definite_false:bb_6668|alpha=15|measure=anomaly_forced_choice,definite_false:bb_6668,definite_false,15.0,anomaly_forced_choice,0.06754668802022934
definite_false:dpql_5545|alpha=15|measure=anomaly_forced_choice,definite_false:dpql_5545,definite_false,15.0,anomaly_forced_choice,0.9241418242454529
definite_false:wh_527|alpha=15|measure=anomaly_forced_choice,definite_false:wh_527,definite_false,15.0,anomaly_forced_choice,0.970687747001648
ambiguous:ambigqa_dev_-2928173928559810904|alpha=15|measure=anomaly_forced_choice,ambiguous:ambigqa_dev_-2928173928559810904,ambiguous,15.0,anomaly_forced_choice,0.004070138093084097
ambiguous:ambigqa_train_8846306718324708097|alpha=15|measure=anomaly_forced_choice,ambiguous:ambigqa_train_8846306718324708097,ambiguous,15.0,anomaly_forced_choice,0.005220125894993544
ambiguous:synthetic_ambiguity_77277aded01ef92e|alpha=15|measure=anomaly_forced_choice,ambiguous:synthetic_ambiguity_77277aded01ef92e,ambiguous,15.0,anomaly_forced_choice,0.7310585975646973
definite_false:qb_7085|alpha=15|measure=anomaly_forced_choice,definite_false:qb_7085,definite_false,15.0,anomaly_forced_choice,0.9241418242454529
definite_false:bb_8112|alpha=15|measure=anomaly_forced_choice,definite_false:bb_8112,definite_false,15.0,anomaly_forced_choice,0.3208213150501251
definite_correct:wh_1933|alpha=15|measure=anomaly_forced_choice,definite_correct:wh_1933,definite_correct,15.0,anomaly_forced_choice,0.0008040859247557819
definite_false:qb_3869|alpha=15|measure=anomaly_forced_choice,definite_false:qb_3869,definite_false,15.0,anomaly_forced_choice,0.9959298968315125
definite_correct:dpql_216|alpha=15|measure=anomaly_forced_choice,definite_correct:dpql_216,definite_correct,15.0,anomaly_forced_choice,0.020332353189587593
definite_false:bb_3805|alpha=15|measure=anomaly_forced_choice,definite_false:bb_3805,definite_false,15.0,anomaly_forced_choice,0.02931223064661026
definite_correct:tc_1284|alpha=15|measure=anomaly_forced_choice,definite_correct:tc_1284,definite_correct,15.0,anomaly_forced_choice,0.06754668802022934
definite_correct:wh_4358|alpha=15|measure=anomaly_forced_choice,definite_correct:wh_4358,definite_correct,15.0,anomaly_forced_choice,0.0009110512328334153
ambiguous:user_ambiguous_026|alpha=15|measure=anomaly_forced_choice,ambiguous:user_ambiguous_026,ambiguous,15.0,anomaly_forced_choice,0.022977370768785477
ambiguous:user_ambiguous_029|alpha=15|measure=anomaly_forced_choice,ambiguous:user_ambiguous_029,ambiguous,15.0,anomaly_forced_choice,0.9840936064720154
ambiguous:user_ambiguous_039|alpha=15|measure=anomaly_forced_choice,ambiguous:user_ambiguous_039,ambiguous,15.0,anomaly_forced_choice,0.006692850962281227
definite_correct:qw_4882|alpha=15|measure=anomaly_forced_choice,definite_correct:qw_4882,definite_correct,15.0,anomaly_forced_choice,0.18242551386356354
definite_correct:qb_916|alpha=15|measure=anomaly_forced_choice,definite_correct:qb_916,definite_correct,15.0,anomaly_forced_choice,0.09534946084022522
ambiguous:user_ambiguous_060|alpha=15|measure=anomaly_forced_choice,ambiguous:user_ambiguous_060,ambiguous,15.0,anomaly_forced_choice,0.014063626527786255
definite_correct:bb_9251|alpha=15|measure=anomaly_forced_choice,definite_correct:bb_9251,definite_correct,15.0,anomaly_forced_choice,0.0009110512328334153
definite_correct:qb_4415|alpha=15|measure=anomaly_forced_choice,definite_correct:qb_4415,definite_correct,15.0,anomaly_forced_choice,0.0006263342220336199
definite_correct:qb_6581|alpha=15|measure=anomaly_forced_choice,definite_correct:qb_6581,definite_correct,15.0,anomaly_forced_choice,0.622459352016449
ambiguous:user_ambiguous_055|alpha=15|measure=anomaly_forced_choice,ambiguous:user_ambiguous_055,ambiguous,15.0,anomaly_forced_choice,0.622459352016449
ambiguous:user_ambiguous_054|alpha=15|measure=anomaly_forced_choice,ambiguous:user_ambiguous_054,ambiguous,15.0,anomaly_forced_choice,0.004070138093084097
ambiguous:user_ambiguous_056|alpha=15|measure=anomaly_forced_choice,ambiguous:user_ambiguous_056,ambiguous,15.0,anomaly_forced_choice,0.04208773002028465
definite_correct:qb_9954|alpha=15|measure=anomaly_forced_choice,definite_correct:qb_9954,definite_correct,15.0,anomaly_forced_choice,9.610241977497935e-05
ambiguous:synthetic_ambiguity_d830565486f2d0b0|alpha=15|measure=anomaly_forced_choice,ambiguous:synthetic_ambiguity_d830565486f2d0b0,ambiguous,15.0,anomaly_forced_choice,0.037326883524656296
definite_correct:qb_3684|alpha=15|measure=anomaly_forced_choice,definite_correct:qb_3684,definite_correct,15.0,anomaly_forced_choice,7.484622619813308e-05
ambiguous:user_ambiguous_070|alpha=15|measure=anomaly_forced_choice,ambiguous:user_ambiguous_070,ambiguous,15.0,anomaly_forced_choice,0.3775406777858734
ambiguous:user_ambiguous_092|alpha=15|measure=anomaly_forced_choice,ambiguous:user_ambiguous_092,ambiguous,15.0,anomaly_forced_choice,0.5
ambiguous:user_ambiguous_034|alpha=15|measure=anomaly_forced_choice,ambiguous:user_ambiguous_034,ambiguous,15.0,anomaly_forced_choice,0.012431650422513485
definite_false:bb_4598|alpha=15|measure=anomaly_forced_choice,definite_false:bb_4598,definite_false,15.0,anomaly_forced_choice,0.06008664891123772
definite_false:qb_936|alpha=15|measure=anomaly_forced_choice,definite_false:qb_936,definite_false,15.0,anomaly_forced_choice,0.22270014882087708
definite_false:qb_525|alpha=15|measure=anomaly_forced_choice,definite_false:qb_525,definite_false,15.0,anomaly_forced_choice,0.022977370768785477
definite_false:wh_1706|alpha=15|measure=anomaly_forced_choice,definite_false:wh_1706,definite_false,15.0,anomaly_forced_choice,0.0013250223128125072
definite_false:dpql_4977|alpha=15|measure=anomaly_forced_choice,definite_false:dpql_4977,definite_false,15.0,anomaly_forced_choice,0.00029595711384899914
ambiguous:user_ambiguous_048|alpha=15|measure=anomaly_forced_choice,ambiguous:user_ambiguous_048,ambiguous,15.0,anomaly_forced_choice,0.22270014882087708
ambiguous:user_ambiguous_042|alpha=15|measure=anomaly_forced_choice,ambiguous:user_ambiguous_042,ambiguous,15.0,anomaly_forced_choice,0.008577484637498856
definite_correct:qb_2934|alpha=15|measure=anomaly_forced_choice,definite_correct:qb_2934,definite_correct,15.0,anomaly_forced_choice,0.00970847625285387
ambiguous:user_ambiguous_066|alpha=15|measure=anomaly_forced_choice,ambiguous:user_ambiguous_066,ambiguous,15.0,anomaly_forced_choice,0.9959298968315125
definite_false:bb_8205|alpha=15|measure=anomaly_forced_choice,definite_false:bb_8205,definite_false,15.0,anomaly_forced_choice,0.0031726828310638666
definite_false:dpql_1059|alpha=15|measure=anomaly_forced_choice,definite_false:dpql_1059,definite_false,15.0,anomaly_forced_choice,0.5
definite_false:bb_77|alpha=15|measure=anomaly_forced_choice,definite_false:bb_77,definite_false,15.0,anomaly_forced_choice,0.9980732202529907
definite_false:bb_7609|alpha=15|measure=anomaly_forced_choice,definite_false:bb_7609,definite_false,15.0,anomaly_forced_choice,0.0011695101857185364
definite_correct:qb_8036|alpha=15|measure=anomaly_forced_choice,definite_correct:qb_8036,definite_correct,15.0,anomaly_forced_choice,0.2689414322376251
ambiguous:user_ambiguous_004|alpha=15|measure=anomaly_forced_choice,ambiguous:user_ambiguous_004,ambiguous,15.0,anomaly_forced_choice,0.3775406777858734
definite_false:qb_3878|alpha=15|measure=anomaly_forced_choice,definite_false:qb_3878,definite_false,15.0,anomaly_forced_choice,0.3775406777858734
ambiguous:user_ambiguous_076|alpha=15|measure=anomaly_forced_choice,ambiguous:user_ambiguous_076,ambiguous,15.0,anomaly_forced_choice,0.02931223064661026
definite_false:qb_2370|alpha=15|measure=anomaly_forced_choice,definite_false:qb_2370,definite_false,15.0,anomaly_forced_choice,0.005911069456487894
definite_false:bb_4519|alpha=15|measure=anomaly_forced_choice,definite_false:bb_4519,definite_false,15.0,anomaly_forced_choice,0.0035936026833951473
definite_false:bb_981|alpha=15|measure=anomaly_forced_choice,definite_false:bb_981,definite_false,15.0,anomaly_forced_choice,0.09534946084022522
ambiguous:user_ambiguous_036|alpha=15|measure=anomaly_forced_choice,ambiguous:user_ambiguous_036,ambiguous,15.0,anomaly_forced_choice,0.014063626527786255
definite_correct:qb_8250|alpha=15|measure=anomaly_forced_choice,definite_correct:qb_8250,definite_correct,15.0,anomaly_forced_choice,0.00033535013790242374
ambiguous:user_ambiguous_017|alpha=15|measure=anomaly_forced_choice,ambiguous:user_ambiguous_017,ambiguous,15.0,anomaly_forced_choice,0.022977370768785477
definite_false:tc_3120|alpha=15|measure=anomaly_forced_choice,definite_false:tc_3120,definite_false,15.0,anomaly_forced_choice,0.0010322310263291001
definite_false:qw_3161|alpha=15|measure=anomaly_forced_choice,definite_false:qw_3161,definite_false,15.0,anomaly_forced_choice,0.9046505093574524
definite_false:dpql_3827|alpha=15|measure=anomaly_forced_choice,definite_false:dpql_3827,definite_false,15.0,anomaly_forced_choice,0.06754668802022934
definite_correct:qb_365|alpha=15|measure=anomaly_forced_choice,definite_correct:qb_365,definite_correct,15.0,anomaly_forced_choice,7.484622619813308e-05
definite_false:qb_9244|alpha=15|measure=anomaly_forced_choice,definite_false:qb_9244,definite_false,15.0,anomaly_forced_choice,0.012431650422513485
definite_false:qw_3500|alpha=15|measure=anomaly_forced_choice,definite_false:qw_3500,definite_false,15.0,anomaly_forced_choice,0.29421496391296387
definite_correct:bb_9184|alpha=15|measure=anomaly_forced_choice,definite_correct:bb_9184,definite_correct,15.0,anomaly_forced_choice,0.11920291185379028
definite_false:qb_1556|alpha=15|measure=anomaly_forced_choice,definite_false:qb_1556,definite_false,15.0,anomaly_forced_choice,0.002800926798954606
definite_false:wh_451|alpha=15|measure=anomaly_forced_choice,definite_false:wh_451,definite_false,15.0,anomaly_forced_choice,0.970687747001648
definite_correct:qw_859|alpha=15|measure=anomaly_forced_choice,definite_correct:qw_859,definite_correct,15.0,anomaly_forced_choice,0.9940890073776245
definite_false:tc_2556|alpha=15|measure=anomaly_forced_choice,definite_false:tc_2556,definite_false,15.0,anomaly_forced_choice,0.07585818320512772
ambiguous:user_ambiguous_035|alpha=15|measure=anomaly_forced_choice,ambiguous:user_ambiguous_035,ambiguous,15.0,anomaly_forced_choice,0.5
definite_correct:tc_2317|alpha=15|measure=anomaly_forced_choice,definite_correct:tc_2317,definite_correct,15.0,anomaly_forced_choice,0.622459352016449
ambiguous:ambigqa_dev_2248395039731877618|alpha=15|measure=anomaly_forced_choice,ambiguous:ambigqa_dev_2248395039731877618,ambiguous,15.0,anomaly_forced_choice,0.622459352016449
ambiguous:user_ambiguous_007|alpha=15|measure=anomaly_forced_choice,ambiguous:user_ambiguous_007,ambiguous,15.0,anomaly_forced_choice,0.6791787147521973
definite_correct:dpql_6346|alpha=15|measure=anomaly_forced_choice,definite_correct:dpql_6346,definite_correct,15.0,anomaly_forced_choice,0.3775406777858734
definite_false:dpql_151|alpha=15|measure=anomaly_forced_choice,definite_false:dpql_151,definite_false,15.0,anomaly_forced_choice,0.0015011822106316686
definite_false:qz_1393|alpha=15|measure=anomaly_forced_choice,definite_false:qz_1393,definite_false,15.0,anomaly_forced_choice,0.9982993006706238
definite_false:dpql_4319|alpha=15|measure=anomaly_forced_choice,definite_false:dpql_4319,definite_false,15.0,anomaly_forced_choice,0.14804719388484955
definite_false:qb_3296|alpha=15|measure=anomaly_forced_choice,definite_false:qb_3296,definite_false,15.0,anomaly_forced_choice,0.008577484637498856
definite_false:tc_2257|alpha=15|measure=anomaly_forced_choice,definite_false:tc_2257,definite_false,15.0,anomaly_forced_choice,0.9989677667617798
definite_false:qb_2329|alpha=15|measure=anomaly_forced_choice,definite_false:qb_2329,definite_false,15.0,anomaly_forced_choice,0.7549149990081787
ambiguous:user_ambiguous_043|alpha=15|measure=anomaly_forced_choice,ambiguous:user_ambiguous_043,ambiguous,15.0,anomaly_forced_choice,0.7772998809814453
definite_correct:bb_6024|alpha=15|measure=anomaly_forced_choice,definite_correct:bb_6024,definite_correct,15.0,anomaly_forced_choice,0.5
definite_false:dpql_5115|alpha=15|measure=anomaly_forced_choice,definite_false:dpql_5115,definite_false,15.0,anomaly_forced_choice,0.0015011822106316686
definite_correct:bb_121|alpha=15|measure=anomaly_forced_choice,definite_correct:bb_121,definite_correct,15.0,anomaly_forced_choice,0.4073334336280823
definite_false:qb_3427|alpha=15|measure=anomaly_forced_choice,definite_false:qb_3427,definite_false,15.0,anomaly_forced_choice,0.9971990585327148
ambiguous:user_ambiguous_071|alpha=15|measure=anomaly_forced_choice,ambiguous:user_ambiguous_071,ambiguous,15.0,anomaly_forced_choice,0.562176525592804
definite_correct:tc_955|alpha=15|measure=anomaly_forced_choice,definite_correct:tc_955,definite_correct,15.0,anomaly_forced_choice,0.4378235340118408
definite_correct:qb_7921|alpha=15|measure=anomaly_forced_choice,definite_correct:qb_7921,definite_correct,15.0,anomaly_forced_choice,0.16451646387577057
ambiguous:synthetic_ambiguity_39e9eaa2e03e1780|alpha=15|measure=anomaly_forced_choice,ambiguous:synthetic_ambiguity_39e9eaa2e03e1780,ambiguous,15.0,anomaly_forced_choice,0.9859364032745361
definite_false:qb_3225|alpha=15|measure=anomaly_forced_choice,definite_false:qb_3225,definite_false,15.0,anomaly_forced_choice,0.02595735527575016
definite_correct:wh_4041|alpha=15|measure=anomaly_forced_choice,definite_correct:wh_4041,definite_correct,15.0,anomaly_forced_choice,0.000552778597921133
definite_false:qb_5694|alpha=15|measure=anomaly_forced_choice,definite_false:qb_5694,definite_false,15.0,anomaly_forced_choice,0.957912266254425
definite_correct:wh_3778|alpha=15|measure=anomaly_forced_choice,definite_correct:wh_3778,definite_correct,15.0,anomaly_forced_choice,9.610241977497935e-05
definite_correct:qb_8074|alpha=15|measure=anomaly_forced_choice,definite_correct:qb_8074,definite_correct,15.0,anomaly_forced_choice,0.08509904891252518
ambiguous:synthetic_ambiguity_736399f8375cbe45|alpha=15|measure=anomaly_forced_choice,ambiguous:synthetic_ambiguity_736399f8375cbe45,ambiguous,15.0,anomaly_forced_choice,0.14804719388484955
definite_false:bb_2616|alpha=15|measure=anomaly_forced_choice,definite_false:bb_2616,definite_false,15.0,anomaly_forced_choice,0.9465966820716858
definite_false:tc_2506|alpha=15|measure=anomaly_forced_choice,definite_false:tc_2506,definite_false,15.0,anomaly_forced_choice,0.0031726828310638666
ambiguous:user_ambiguous_063|alpha=15|measure=anomaly_forced_choice,ambiguous:user_ambiguous_063,ambiguous,15.0,anomaly_forced_choice,0.8175744414329529
ambiguous:synthetic_ambiguity_befa9c239cfadb1e|alpha=15|measure=anomaly_forced_choice,ambiguous:synthetic_ambiguity_befa9c239cfadb1e,ambiguous,15.0,anomaly_forced_choice,0.9840936064720154
definite_correct:dpql_5223|alpha=15|measure=anomaly_forced_choice,definite_correct:dpql_5223,definite_correct,15.0,anomaly_forced_choice,0.037326883524656296
definite_false:bb_5849|alpha=15|measure=anomaly_forced_choice,definite_false:bb_5849,definite_false,15.0,anomaly_forced_choice,0.957912266254425
ambiguous:user_ambiguous_049|alpha=15|measure=anomaly_forced_choice,ambiguous:user_ambiguous_049,ambiguous,15.0,anomaly_forced_choice,0.02931223064661026
definite_correct:tc_1602|alpha=15|measure=anomaly_forced_choice,definite_correct:tc_1602,definite_correct,15.0,anomaly_forced_choice,0.3208213150501251
definite_false:qw_5896|alpha=15|measure=anomaly_forced_choice,definite_false:qw_5896,definite_false,15.0,anomaly_forced_choice,0.005911069456487894
definite_false:qw_3353|alpha=15|measure=anomaly_forced_choice,definite_false:qw_3353,definite_false,15.0,anomaly_forced_choice,0.7057850360870361
ambiguous:user_ambiguous_062|alpha=15|measure=anomaly_forced_choice,ambiguous:user_ambiguous_062,ambiguous,15.0,anomaly_forced_choice,0.22270014882087708
ambiguous:user_ambiguous_001|alpha=15|measure=anomaly_forced_choice,ambiguous:user_ambiguous_001,ambiguous,15.0,anomaly_forced_choice,0.8519527316093445
ambiguous:ambigqa_train_-5746040628732928353|alpha=15|measure=anomaly_forced_choice,ambiguous:ambigqa_train_-5746040628732928353,ambiguous,15.0,anomaly_forced_choice,0.562176525592804
definite_correct:bb_5566|alpha=15|measure=anomaly_forced_choice,definite_correct:bb_5566,definite_correct,15.0,anomaly_forced_choice,0.0009110512328334153
definite_correct:qb_2932|alpha=15|measure=anomaly_forced_choice,definite_correct:qb_2932,definite_correct,15.0,anomaly_forced_choice,5.144221358932555e-05
ambiguous:ambigqa_train_-5327098669371634148|alpha=15|measure=anomaly_forced_choice,ambiguous:ambigqa_train_-5327098669371634148,ambiguous,15.0,anomaly_forced_choice,0.7549149990081787
definite_false:dpql_1695|alpha=15|measure=anomaly_forced_choice,definite_false:dpql_1695,definite_false,15.0,anomaly_forced_choice,0.9149009585380554
ambiguous:user_ambiguous_016|alpha=15|measure=anomaly_forced_choice,ambiguous:user_ambiguous_016,ambiguous,15.0,anomaly_forced_choice,0.8807970285415649
ambiguous:user_ambiguous_041|alpha=15|measure=anomaly_forced_choice,ambiguous:user_ambiguous_041,ambiguous,15.0,anomaly_forced_choice,0.0031726828310638666
definite_false:wh_3277|alpha=15|measure=anomaly_forced_choice,definite_false:wh_3277,definite_false,15.0,anomaly_forced_choice,0.9046505093574524
ambiguous:user_ambiguous_090|alpha=15|measure=anomaly_forced_choice,ambiguous:user_ambiguous_090,ambiguous,15.0,anomaly_forced_choice,0.007577241398394108
ambiguous:user_ambiguous_027|alpha=15|measure=anomaly_forced_choice,ambiguous:user_ambiguous_027,ambiguous,15.0,anomaly_forced_choice,0.622459352016449
ambiguous:user_ambiguous_020|alpha=15|measure=anomaly_forced_choice,ambiguous:user_ambiguous_020,ambiguous,15.0,anomaly_forced_choice,0.16451646387577057
ambiguous:user_ambiguous_088|alpha=15|measure=anomaly_forced_choice,ambiguous:user_ambiguous_088,ambiguous,15.0,anomaly_forced_choice,0.037326883524656296
definite_correct:dpql_2276|alpha=15|measure=anomaly_forced_choice,definite_correct:dpql_2276,definite_correct,15.0,anomaly_forced_choice,0.2689414322376251
ambiguous:user_ambiguous_075|alpha=15|measure=anomaly_forced_choice,ambiguous:user_ambiguous_075,ambiguous,15.0,anomaly_forced_choice,0.9902915358543396
definite_correct:qb_1172|alpha=15|measure=anomaly_forced_choice,definite_correct:qb_1172,definite_correct,15.0,anomaly_forced_choice,0.3775406777858734
ambiguous:synthetic_ambiguity_c51d6353acd62fc1|alpha=15|measure=anomaly_forced_choice,ambiguous:synthetic_ambiguity_c51d6353acd62fc1,ambiguous,15.0,anomaly_forced_choice,0.007577241398394108
ambiguous:user_ambiguous_100|alpha=15|measure=anomaly_forced_choice,ambiguous:user_ambiguous_100,ambiguous,15.0,anomaly_forced_choice,0.8175744414329529
definite_correct:dpql_6083|alpha=15|measure=anomaly_forced_choice,definite_correct:dpql_6083,definite_correct,15.0,anomaly_forced_choice,0.09534946084022522
definite_false:tc_1535|alpha=15|measure=anomaly_forced_choice,definite_false:tc_1535,definite_false,15.0,anomaly_forced_choice,0.5
definite_correct:qb_8861|alpha=15|measure=anomaly_forced_choice,definite_correct:qb_8861,definite_correct,15.0,anomaly_forced_choice,0.053403329104185104
ambiguous:ambigqa_train_-4847378126974715981|alpha=15|measure=anomaly_forced_choice,ambiguous:ambigqa_train_-4847378126974715981,ambiguous,15.0,anomaly_forced_choice,0.3775406777858734
definite_false:qb_2899|alpha=15|measure=anomaly_forced_choice,definite_false:qb_2899,definite_false,15.0,anomaly_forced_choice,0.08509904891252518
definite_correct:qb_4336|alpha=15|measure=anomaly_forced_choice,definite_correct:qb_4336,definite_correct,15.0,anomaly_forced_choice,8.481104305246845e-05
definite_correct:qw_1421|alpha=15|measure=anomaly_forced_choice,definite_correct:qw_1421,definite_correct,15.0,anomaly_forced_choice,0.08509904891252518
definite_false:bb_2489|alpha=15|measure=anomaly_forced_choice,definite_false:bb_2489,definite_false,15.0,anomaly_forced_choice,0.010986942797899246
definite_correct:qw_4190|alpha=15|measure=anomaly_forced_choice,definite_correct:qw_4190,definite_correct,15.0,anomaly_forced_choice,0.0013250223128125072
definite_false:bb_968|alpha=15|measure=anomaly_forced_choice,definite_false:bb_968,definite_false,15.0,anomaly_forced_choice,0.11920291185379028
definite_correct:qw_1068|alpha=15|measure=anomaly_forced_choice,definite_correct:qw_1068,definite_correct,15.0,anomaly_forced_choice,0.0017007224960252643
definite_false:qb_6250|alpha=15|measure=anomaly_forced_choice,definite_false:qb_6250,definite_false,15.0,anomaly_forced_choice,0.7772998809814453
definite_correct:qw_243|alpha=15|measure=anomaly_forced_choice,definite_correct:qw_243,definite_correct,15.0,anomaly_forced_choice,0.00023050671734381467
ambiguous:ambigqa_train_6622540978806844416|alpha=15|measure=anomaly_forced_choice,ambiguous:ambigqa_train_6622540978806844416,ambiguous,15.0,anomaly_forced_choice,0.005220125894993544
definite_correct:bb_2920|alpha=15|measure=anomaly_forced_choice,definite_correct:bb_2920,definite_correct,15.0,anomaly_forced_choice,0.0004305570910219103
definite_false:dpql_3319|alpha=15|measure=anomaly_forced_choice,definite_false:dpql_3319,definite_false,15.0,anomaly_forced_choice,0.9740425944328308
definite_false:qw_3344|alpha=15|measure=anomaly_forced_choice,definite_false:qw_3344,definite_false,15.0,anomaly_forced_choice,0.9046505093574524
ambiguous:user_ambiguous_068|alpha=15|measure=anomaly_forced_choice,ambiguous:user_ambiguous_068,ambiguous,15.0,anomaly_forced_choice,0.9399133324623108
ambiguous:ambigqa_dev_-9219689808672072116|alpha=15|measure=anomaly_forced_choice,ambiguous:ambigqa_dev_-9219689808672072116,ambiguous,15.0,anomaly_forced_choice,0.06754668802022934
definite_false:dpql_4754|alpha=15|measure=anomaly_forced_choice,definite_false:dpql_4754,definite_false,15.0,anomaly_forced_choice,0.562176525592804
definite_correct:qb_1435|alpha=15|measure=anomaly_forced_choice,definite_correct:qb_1435,definite_correct,15.0,anomaly_forced_choice,0.0001398220774717629
definite_false:qb_3624|alpha=15|measure=anomaly_forced_choice,definite_false:qb_3624,definite_false,15.0,anomaly_forced_choice,0.8933094143867493
ambiguous:user_ambiguous_015|alpha=15|measure=anomaly_forced_choice,ambiguous:user_ambiguous_015,ambiguous,15.0,anomaly_forced_choice,0.8807970285415649
ambiguous:user_ambiguous_032|alpha=15|measure=anomaly_forced_choice,ambiguous:user_ambiguous_032,ambiguous,15.0,anomaly_forced_choice,0.06754668802022934
ambiguous:user_ambiguous_082|alpha=15|measure=anomaly_forced_choice,ambiguous:user_ambiguous_082,ambiguous,15.0,anomaly_forced_choice,0.9940890073776245
ambiguous:user_ambiguous_084|alpha=15|measure=anomaly_forced_choice,ambiguous:user_ambiguous_084,ambiguous,15.0,anomaly_forced_choice,0.04208773002028465
ambiguous:user_ambiguous_089|alpha=15|measure=anomaly_forced_choice,ambiguous:user_ambiguous_089,ambiguous,15.0,anomaly_forced_choice,0.3775406777858734
definite_correct:qw_393|alpha=15|measure=anomaly_forced_choice,definite_correct:qw_393,definite_correct,15.0,anomaly_forced_choice,0.09534946084022522
ambiguous:ambigqa_train_389267376370423320|alpha=15|measure=anomaly_forced_choice,ambiguous:ambigqa_train_389267376370423320,ambiguous,15.0,anomaly_forced_choice,0.008577484637498856
ambiguous:user_ambiguous_037|alpha=15|measure=anomaly_forced_choice,ambiguous:user_ambiguous_037,ambiguous,15.0,anomaly_forced_choice,0.04742587357759476
definite_false:qz_2428|alpha=15|measure=anomaly_forced_choice,definite_false:qz_2428,definite_false,15.0,anomaly_forced_choice,0.04742587357759476
definite_correct:qw_2634|alpha=15|measure=anomaly_forced_choice,definite_correct:qw_2634,definite_correct,15.0,anomaly_forced_choice,0.002800926798954606
definite_correct:bb_6117|alpha=15|measure=anomaly_forced_choice,definite_correct:bb_6117,definite_correct,15.0,anomaly_forced_choice,1.6701422282494605e-05
ambiguous:ambigqa_train_-282133277527244056|alpha=15|measure=anomaly_forced_choice,ambiguous:ambigqa_train_-282133277527244056,ambiguous,15.0,anomaly_forced_choice,0.01798621006309986
ambiguous:user_ambiguous_059|alpha=15|measure=anomaly_forced_choice,ambiguous:user_ambiguous_059,ambiguous,15.0,anomaly_forced_choice,0.020332353189587593
definite_correct:dpql_2538|alpha=15|measure=anomaly_forced_choice,definite_correct:dpql_2538,definite_correct,15.0,anomaly_forced_choice,0.00029595711384899914
definite_false:wh_2424|alpha=15|measure=anomaly_forced_choice,definite_false:wh_2424,definite_false,15.0,anomaly_forced_choice,0.08509904891252518
ambiguous:ambigqa_train_8480092557592561766|alpha=15|measure=anomaly_forced_choice,ambiguous:ambigqa_train_8480092557592561766,ambiguous,15.0,anomaly_forced_choice,0.9046505093574524
definite_correct:qz_340|alpha=15|measure=anomaly_forced_choice,definite_correct:qz_340,definite_correct,15.0,anomaly_forced_choice,0.03308597952127457
definite_correct:wh_51|alpha=15|measure=anomaly_forced_choice,definite_correct:wh_51,definite_correct,15.0,anomaly_forced_choice,0.0031726828310638666
definite_correct:qw_1253|alpha=15|measure=anomaly_forced_choice,definite_correct:qw_1253,definite_correct,15.0,anomaly_forced_choice,0.9241418242454529
ambiguous:user_ambiguous_069|alpha=15|measure=anomaly_forced_choice,ambiguous:user_ambiguous_069,ambiguous,15.0,anomaly_forced_choice,0.970687747001648
ambiguous:ambigqa_train_4887157859291163116|alpha=15|measure=anomaly_forced_choice,ambiguous:ambigqa_train_4887157859291163116,ambiguous,15.0,anomaly_forced_choice,0.9149009585380554
definite_correct:bb_1467|alpha=15|measure=anomaly_forced_choice,definite_correct:bb_1467,definite_correct,15.0,anomaly_forced_choice,0.04742587357759476
ambiguous:ambigqa_train_-4829972042995259834|alpha=15|measure=anomaly_forced_choice,ambiguous:ambigqa_train_-4829972042995259834,ambiguous,15.0,anomaly_forced_choice,0.2018132209777832
definite_correct:qz_1139|alpha=15|measure=anomaly_forced_choice,definite_correct:qz_1139,definite_correct,15.0,anomaly_forced_choice,0.11920291185379028
definite_false:bb_1220|alpha=15|measure=anomaly_forced_choice,definite_false:bb_1220,definite_false,15.0,anomaly_forced_choice,0.9940890073776245
definite_correct:qb_4578|alpha=15|measure=anomaly_forced_choice,definite_correct:qb_4578,definite_correct,15.0,anomaly_forced_choice,0.00033535013790242374
definite_correct:wh_453|alpha=15|measure=anomaly_forced_choice,definite_correct:wh_453,definite_correct,15.0,anomaly_forced_choice,0.0004305570910219103
definite_false:qb_4987|alpha=15|measure=anomaly_forced_choice,definite_false:qb_4987,definite_false,15.0,anomaly_forced_choice,0.9982993006706238
definite_correct:qb_34|alpha=15|measure=anomaly_forced_choice,definite_correct:qb_34,definite_correct,15.0,anomaly_forced_choice,0.053403329104185104
definite_false:wh_252|alpha=15|measure=anomaly_forced_choice,definite_false:wh_252,definite_false,15.0,anomaly_forced_choice,0.0019267345778644085
definite_correct:qw_1211|alpha=15|measure=anomaly_forced_choice,definite_correct:qw_1211,definite_correct,15.0,anomaly_forced_choice,0.00023050671734381467
definite_correct:bb_5550|alpha=15|measure=anomaly_forced_choice,definite_correct:bb_5550,definite_correct,15.0,anomaly_forced_choice,0.3208213150501251
definite_correct:qb_6665|alpha=15|measure=anomaly_forced_choice,definite_correct:qb_6665,definite_correct,15.0,anomaly_forced_choice,0.0010322310263291001
definite_correct:qw_5716|alpha=15|measure=anomaly_forced_choice,definite_correct:qw_5716,definite_correct,15.0,anomaly_forced_choice,0.16451646387577057
definite_correct:bb_20|alpha=15|measure=anomaly_forced_choice,definite_correct:bb_20,definite_correct,15.0,anomaly_forced_choice,0.8354835510253906
definite_false:qb_9682|alpha=15|measure=anomaly_forced_choice,definite_false:qb_9682,definite_false,15.0,anomaly_forced_choice,0.9149009585380554
definite_false:qw_5610|alpha=15|measure=anomaly_forced_choice,definite_false:qw_5610,definite_false,15.0,anomaly_forced_choice,0.0002611903182696551
ambiguous:ambigqa_train_-4861369907584367396|alpha=15|measure=anomaly_forced_choice,ambiguous:ambigqa_train_-4861369907584367396,ambiguous,15.0,anomaly_forced_choice,0.005220125894993544
definite_false:dpql_3261|alpha=15|measure=anomaly_forced_choice,definite_false:dpql_3261,definite_false,15.0,anomaly_forced_choice,0.9149009585380554
definite_correct:dpql_5846|alpha=15|measure=anomaly_forced_choice,definite_correct:dpql_5846,definite_correct,15.0,anomaly_forced_choice,0.0007096704212017357
definite_correct:qb_10132|alpha=15|measure=anomaly_forced_choice,definite_correct:qb_10132,definite_correct,15.0,anomaly_forced_choice,0.00015843621804378927
ambiguous:ambigqa_train_-6821663518687506172|alpha=15|measure=anomaly_forced_choice,ambiguous:ambigqa_train_-6821663518687506172,ambiguous,15.0,anomaly_forced_choice,0.00970847625285387
definite_correct:bb_500|alpha=15|measure=anomaly_forced_choice,definite_correct:bb_500,definite_correct,15.0,anomaly_forced_choice,0.9241418242454529
definite_correct:qb_3191|alpha=15|measure=anomaly_forced_choice,definite_correct:qb_3191,definite_correct,15.0,anomaly_forced_choice,7.484622619813308e-05
definite_correct:dpql_971|alpha=15|measure=anomaly_forced_choice,definite_correct:dpql_971,definite_correct,15.0,anomaly_forced_choice,0.04208773002028465
definite_correct:dpql_633|alpha=15|measure=anomaly_forced_choice,definite_correct:dpql_633,definite_correct,15.0,anomaly_forced_choice,0.8807970285415649
definite_correct:qb_2589|alpha=15|measure=anomaly_forced_choice,definite_correct:qb_2589,definite_correct,15.0,anomaly_forced_choice,0.01590639166533947
definite_correct:dpql_3467|alpha=15|measure=anomaly_forced_choice,definite_correct:dpql_3467,definite_correct,15.0,anomaly_forced_choice,0.002182716503739357
definite_false:qw_5298|alpha=15|measure=anomaly_forced_choice,definite_false:qw_5298,definite_false,15.0,anomaly_forced_choice,0.9940890073776245
ambiguous:user_ambiguous_094|alpha=15|measure=anomaly_forced_choice,ambiguous:user_ambiguous_094,ambiguous,15.0,anomaly_forced_choice,0.8175744414329529
ambiguous:user_ambiguous_099|alpha=15|measure=anomaly_forced_choice,ambiguous:user_ambiguous_099,ambiguous,15.0,anomaly_forced_choice,0.8807970285415649
ambiguous:user_ambiguous_024|alpha=15|measure=anomaly_forced_choice,ambiguous:user_ambiguous_024,ambiguous,15.0,anomaly_forced_choice,0.2689414322376251
definite_correct:bb_7263|alpha=15|measure=anomaly_forced_choice,definite_correct:bb_7263,definite_correct,15.0,anomaly_forced_choice,0.0010322310263291001
ambiguous:user_ambiguous_078|alpha=15|measure=anomaly_forced_choice,ambiguous:user_ambiguous_078,ambiguous,15.0,anomaly_forced_choice,0.9241418242454529
definite_false:bb_596|alpha=15|measure=anomaly_forced_choice,definite_false:bb_596,definite_false,15.0,anomaly_forced_choice,0.9971990585327148
definite_correct:qw_5335|alpha=15|measure=anomaly_forced_choice,definite_correct:qw_5335,definite_correct,15.0,anomaly_forced_choice,0.09534946084022522
definite_false:qb_3987|alpha=15|measure=anomaly_forced_choice,definite_false:qb_3987,definite_false,15.0,anomaly_forced_choice,0.01590639166533947
definite_correct:qb_299|alpha=15|measure=anomaly_forced_choice,definite_correct:qb_299,definite_correct,15.0,anomaly_forced_choice,0.04742587357759476
definite_correct:qb_7271|alpha=15|measure=anomaly_forced_choice,definite_correct:qb_7271,definite_correct,15.0,anomaly_forced_choice,0.00010889690020121634
ambiguous:user_ambiguous_046|alpha=15|measure=anomaly_forced_choice,ambiguous:user_ambiguous_046,ambiguous,15.0,anomaly_forced_choice,0.005220125894993544
definite_false:qw_6106|alpha=15|measure=anomaly_forced_choice,definite_false:qw_6106,definite_false,15.0,anomaly_forced_choice,0.9975274205207825
ambiguous:ambigqa_train_-2840611200472199951|alpha=15|measure=anomaly_forced_choice,ambiguous:ambigqa_train_-2840611200472199951,ambiguous,15.0,anomaly_forced_choice,0.9399133324623108
ambiguous:ambigqa_train_6967337893340565499|alpha=15|measure=anomaly_forced_choice,ambiguous:ambigqa_train_6967337893340565499,ambiguous,15.0,anomaly_forced_choice,0.3775406777858734
ambiguous:user_ambiguous_050|alpha=15|measure=anomaly_forced_choice,ambiguous:user_ambiguous_050,ambiguous,15.0,anomaly_forced_choice,0.8519527316093445
definite_correct:bb_436|alpha=15|measure=anomaly_forced_choice,definite_correct:bb_436,definite_correct,15.0,anomaly_forced_choice,0.000552778597921133
definite_false:qw_3732|alpha=15|measure=anomaly_forced_choice,definite_false:qw_3732,definite_false,15.0,anomaly_forced_choice,0.02931223064661026
definite_correct:qw_45|alpha=15|measure=anomaly_forced_choice,definite_correct:qw_45,definite_correct,15.0,anomaly_forced_choice,0.037326883524656296
ambiguous:user_ambiguous_005|alpha=15|measure=anomaly_forced_choice,ambiguous:user_ambiguous_005,ambiguous,15.0,anomaly_forced_choice,0.3775406777858734
definite_correct:qw_6782|alpha=15|measure=anomaly_forced_choice,definite_correct:qw_6782,definite_correct,15.0,anomaly_forced_choice,0.14804719388484955
definite_false:tc_2359|alpha=15|measure=anomaly_forced_choice,definite_false:tc_2359,definite_false,15.0,anomaly_forced_choice,0.053403329104185104
ambiguous:ambigqa_dev_-2861341002123248407|alpha=15|measure=anomaly_forced_choice,ambiguous:ambigqa_dev_-2861341002123248407,ambiguous,15.0,anomaly_forced_choice,0.9914224743843079
definite_correct:bb_4832|alpha=15|measure=anomaly_forced_choice,definite_correct:bb_4832,definite_correct,15.0,anomaly_forced_choice,0.00970847625285387
ambiguous:synthetic_ambiguity_db564851e7629ffa|alpha=15|measure=anomaly_forced_choice,ambiguous:synthetic_ambiguity_db564851e7629ffa,ambiguous,15.0,anomaly_forced_choice,0.7772998809814453
ambiguous:user_ambiguous_031|alpha=15|measure=anomaly_forced_choice,ambiguous:user_ambiguous_031,ambiguous,15.0,anomaly_forced_choice,0.06008664891123772
ambiguous:ambigqa_train_-6615422287569447999|alpha=15|measure=anomaly_forced_choice,ambiguous:ambigqa_train_-6615422287569447999,ambiguous,15.0,anomaly_forced_choice,0.3775406777858734
definite_false:qb_4397|alpha=15|measure=anomaly_forced_choice,definite_false:qb_4397,definite_false,15.0,anomaly_forced_choice,0.020332353189587593
definite_correct:tc_1323|alpha=15|measure=anomaly_forced_choice,definite_correct:tc_1323,definite_correct,15.0,anomaly_forced_choice,0.022977370768785477
definite_false:tc_3016|alpha=15|measure=anomaly_forced_choice,definite_false:tc_3016,definite_false,15.0,anomaly_forced_choice,0.9975274205207825
definite_false:qb_2928|alpha=15|measure=anomaly_forced_choice,definite_false:qb_2928,definite_false,15.0,anomaly_forced_choice,0.006692850962281227
ambiguous:user_ambiguous_012|alpha=15|measure=anomaly_forced_choice,ambiguous:user_ambiguous_012,ambiguous,15.0,anomaly_forced_choice,0.8807970285415649
ambiguous:ambigqa_train_3267103377301376828|alpha=15|measure=anomaly_forced_choice,ambiguous:ambigqa_train_3267103377301376828,ambiguous,15.0,anomaly_forced_choice,0.22270014882087708
definite_false:wh_2928|alpha=15|measure=anomaly_forced_choice,definite_false:wh_2928,definite_false,15.0,anomaly_forced_choice,0.22270014882087708
ambiguous:user_ambiguous_093|alpha=15|measure=anomaly_forced_choice,ambiguous:user_ambiguous_093,ambiguous,15.0,anomaly_forced_choice,0.7310585975646973
definite_correct:bb_810|alpha=15|measure=anomaly_forced_choice,definite_correct:bb_810,definite_correct,15.0,anomaly_forced_choice,0.0001795279822545126
ambiguous:user_ambiguous_038|alpha=15|measure=anomaly_forced_choice,ambiguous:user_ambiguous_038,ambiguous,15.0,anomaly_forced_choice,0.622459352016449
definite_correct:qb_6086|alpha=15|measure=anomaly_forced_choice,definite_correct:qb_6086,definite_correct,15.0,anomaly_forced_choice,0.0001795279822545126
definite_false:bb_4587|alpha=15|measure=anomaly_forced_choice,definite_false:bb_4587,definite_false,15.0,anomaly_forced_choice,0.9959298968315125
ambiguous:user_ambiguous_019|alpha=15|measure=anomaly_forced_choice,ambiguous:user_ambiguous_019,ambiguous,15.0,anomaly_forced_choice,0.29421496391296387
ambiguous:user_ambiguous_018|alpha=15|measure=anomaly_forced_choice,ambiguous:user_ambiguous_018,ambiguous,15.0,anomaly_forced_choice,0.2689414322376251
ambiguous:user_ambiguous_064|alpha=15|measure=anomaly_forced_choice,ambiguous:user_ambiguous_064,ambiguous,15.0,anomaly_forced_choice,0.9399133324623108
definite_correct:qw_1816|alpha=15|measure=anomaly_forced_choice,definite_correct:qw_1816,definite_correct,15.0,anomaly_forced_choice,0.18242551386356354
definite_correct:qz_5801|alpha=15|measure=anomaly_forced_choice,definite_correct:qz_5801,definite_correct,15.0,anomaly_forced_choice,0.18242551386356354
definite_correct:bb_6465|alpha=15|measure=anomaly_forced_choice,definite_correct:bb_6465,definite_correct,15.0,anomaly_forced_choice,0.0009110512328334153
definite_correct:bb_8732|alpha=15|measure=anomaly_forced_choice,definite_correct:bb_8732,definite_correct,15.0,anomaly_forced_choice,0.0001795279822545126
definite_correct:qb_9283|alpha=15|measure=anomaly_forced_choice,definite_correct:qb_9283,definite_correct,15.0,anomaly_forced_choice,0.0004878571489825845
definite_false:qw_4954|alpha=15|measure=anomaly_forced_choice,definite_false:qw_4954,definite_false,15.0,anomaly_forced_choice,0.004070138093084097
definite_false:dpql_2259|alpha=15|measure=anomaly_forced_choice,definite_false:dpql_2259,definite_false,15.0,anomaly_forced_choice,0.10669060051441193
definite_false:dpql_384|alpha=15|measure=anomaly_forced_choice,definite_false:dpql_384,definite_false,15.0,anomaly_forced_choice,0.01590639166533947
definite_false:dpql_2396|alpha=15|measure=anomaly_forced_choice,definite_false:dpql_2396,definite_false,15.0,anomaly_forced_choice,0.5
definite_false:qw_3199|alpha=15|measure=anomaly_forced_choice,definite_false:qw_3199,definite_false,15.0,anomaly_forced_choice,0.09534946084022522
definite_correct:qb_2148|alpha=15|measure=anomaly_forced_choice,definite_correct:qb_2148,definite_correct,15.0,anomaly_forced_choice,0.08509904891252518
definite_correct:qb_3365|alpha=15|measure=anomaly_forced_choice,definite_correct:qb_3365,definite_correct,15.0,anomaly_forced_choice,0.24508501589298248
ambiguous:user_ambiguous_074|alpha=15|measure=anomaly_forced_choice,ambiguous:user_ambiguous_074,ambiguous,15.0,anomaly_forced_choice,0.9968273043632507
ambiguous:user_ambiguous_073|alpha=15|measure=anomaly_forced_choice,ambiguous:user_ambiguous_073,ambiguous,15.0,anomaly_forced_choice,0.970687747001648
definite_false:tc_540|alpha=15|measure=anomaly_forced_choice,definite_false:tc_540,definite_false,15.0,anomaly_forced_choice,0.9902915358543396
definite_false:qw_4953|alpha=15|measure=anomaly_forced_choice,definite_false:qw_4953,definite_false,15.0,anomaly_forced_choice,0.9947799444198608
definite_correct:qb_650|alpha=15|measure=anomaly_forced_choice,definite_correct:qb_650,definite_correct,15.0,anomaly_forced_choice,0.622459352016449
ambiguous:ambigqa_train_-4290930682953750669|alpha=15|measure=anomaly_forced_choice,ambiguous:ambigqa_train_-4290930682953750669,ambiguous,15.0,anomaly_forced_choice,0.0035936026833951473
definite_correct:qb_2497|alpha=15|measure=anomaly_forced_choice,definite_correct:qb_2497,definite_correct,15.0,anomaly_forced_choice,0.09534946084022522
ambiguous:user_ambiguous_091|alpha=15|measure=anomaly_forced_choice,ambiguous:user_ambiguous_091,ambiguous,15.0,anomaly_forced_choice,0.8670357465744019
definite_correct:qb_5063|alpha=15|measure=anomaly_forced_choice,definite_correct:qb_5063,definite_correct,15.0,anomaly_forced_choice,0.5
ambiguous:user_ambiguous_025|alpha=15|measure=anomaly_forced_choice,ambiguous:user_ambiguous_025,ambiguous,15.0,anomaly_forced_choice,0.037326883524656296
definite_correct:dpql_3447|alpha=15|measure=anomaly_forced_choice,definite_correct:dpql_3447,definite_correct,15.0,anomaly_forced_choice,0.0009110512328334153
definite_false:qw_3582|alpha=15|measure=anomaly_forced_choice,definite_false:qw_3582,definite_false,15.0,anomaly_forced_choice,0.020332353189587593
ambiguous:synthetic_ambiguity_eccd45548d369037|alpha=15|measure=anomaly_forced_choice,ambiguous:synthetic_ambiguity_eccd45548d369037,ambiguous,15.0,anomaly_forced_choice,0.014063626527786255
definite_correct:qb_1456|alpha=15|measure=anomaly_forced_choice,definite_correct:qb_1456,definite_correct,15.0,anomaly_forced_choice,0.9241418242454529
definite_false:bb_5659|alpha=15|measure=anomaly_forced_choice,definite_false:bb_5659,definite_false,15.0,anomaly_forced_choice,0.6791787147521973
definite_false:bb_6487|alpha=15|measure=anomaly_forced_choice,definite_false:bb_6487,definite_false,15.0,anomaly_forced_choice,0.3775406777858734
definite_false:tc_2728|alpha=15|measure=anomaly_forced_choice,definite_false:tc_2728,definite_false,15.0,anomaly_forced_choice,0.9914224743843079
definite_false:dpql_3912|alpha=15|measure=anomaly_forced_choice,definite_false:dpql_3912,definite_false,15.0,anomaly_forced_choice,0.29421496391296387
definite_correct:tc_954|alpha=15|measure=anomaly_forced_choice,definite_correct:tc_954,definite_correct,15.0,anomaly_forced_choice,0.4378235340118408
ambiguous:synthetic_ambiguity_0fb6efbc1bf0ec38|alpha=15|measure=anomaly_forced_choice,ambiguous:synthetic_ambiguity_0fb6efbc1bf0ec38,ambiguous,15.0,anomaly_forced_choice,0.22270014882087708
ambiguous:ambigqa_dev_-1684587227477882737|alpha=15|measure=anomaly_forced_choice,ambiguous:ambigqa_dev_-1684587227477882737,ambiguous,15.0,anomaly_forced_choice,0.0019267345778644085
definite_correct:wh_1303|alpha=15|measure=anomaly_forced_choice,definite_correct:wh_1303,definite_correct,15.0,anomaly_forced_choice,5.829126530443318e-05
definite_correct:qb_9452|alpha=5|measure=error_detection,definite_correct:qb_9452,definite_correct,5.0,error_detection,0.000552778597921133
definite_correct:dpql_6083|alpha=5|measure=error_detection,definite_correct:dpql_6083,definite_correct,5.0,error_detection,8.481104305246845e-05
definite_false:bb_3805|alpha=5|measure=error_detection,definite_false:bb_3805,definite_false,5.0,error_detection,0.020332353189587593
ambiguous:user_ambiguous_034|alpha=5|measure=error_detection,ambiguous:user_ambiguous_034,ambiguous,5.0,error_detection,0.11920291185379028
definite_false:qw_3582|alpha=5|measure=error_detection,definite_false:qw_3582,definite_false,5.0,error_detection,0.9988304972648621
definite_correct:qb_2589|alpha=5|measure=error_detection,definite_correct:qb_2589,definite_correct,5.0,error_detection,0.00015843621804378927
definite_correct:qb_1435|alpha=5|measure=error_detection,definite_correct:qb_1435,definite_correct,5.0,error_detection,4.539786823443137e-05
definite_false:dpql_3261|alpha=5|measure=error_detection,definite_false:dpql_3261,definite_false,5.0,error_detection,0.9982993006706238
ambiguous:user_ambiguous_043|alpha=5|measure=error_detection,ambiguous:user_ambiguous_043,ambiguous,5.0,error_detection,0.010986942797899246
definite_false:qb_1556|alpha=5|measure=error_detection,definite_false:qb_1556,definite_false,5.0,error_detection,0.00033535013790242374
definite_correct:dpql_5223|alpha=5|measure=error_detection,definite_correct:dpql_5223,definite_correct,5.0,error_detection,0.002800926798954606
definite_false:qw_1298|alpha=5|measure=error_detection,definite_false:qw_1298,definite_false,5.0,error_detection,0.9999039173126221
ambiguous:user_ambiguous_071|alpha=5|measure=error_detection,ambiguous:user_ambiguous_071,ambiguous,5.0,error_detection,0.7310585975646973
definite_correct:qb_5063|alpha=5|measure=error_detection,definite_correct:qb_5063,definite_correct,5.0,error_detection,0.0004305570910219103
ambiguous:synthetic_ambiguity_d830565486f2d0b0|alpha=5|measure=error_detection,ambiguous:synthetic_ambiguity_d830565486f2d0b0,ambiguous,5.0,error_detection,0.8519527316093445
definite_false:dpql_384|alpha=5|measure=error_detection,definite_false:dpql_384,definite_false,5.0,error_detection,0.7310585975646973
definite_correct:qw_5335|alpha=5|measure=error_detection,definite_correct:qw_5335,definite_correct,5.0,error_detection,3.535625000949949e-05
definite_correct:qz_1139|alpha=5|measure=error_detection,definite_correct:qz_1139,definite_correct,5.0,error_detection,7.889262633398175e-06
definite_false:qb_2899|alpha=5|measure=error_detection,definite_false:qb_2899,definite_false,5.0,error_detection,0.8807970285415649
definite_correct:qw_1816|alpha=5|measure=error_detection,definite_correct:qw_1816,definite_correct,5.0,error_detection,1.1478769010864198e-05
ambiguous:ambigqa_train_-6615422287569447999|alpha=5|measure=error_detection,ambiguous:ambigqa_train_-6615422287569447999,ambiguous,5.0,error_detection,0.22270014882087708
definite_correct:qb_2151|alpha=5|measure=error_detection,definite_correct:qb_2151,definite_correct,5.0,error_detection,5.829126530443318e-05
definite_correct:dpql_3447|alpha=5|measure=error_detection,definite_correct:dpql_3447,definite_correct,5.0,error_detection,5.144221358932555e-05
ambiguous:ambigqa_train_-282133277527244056|alpha=5|measure=error_detection,ambiguous:ambigqa_train_-282133277527244056,ambiguous,5.0,error_detection,0.00037998449988663197
ambiguous:ambigqa_train_-2840611200472199951|alpha=5|measure=error_detection,ambiguous:ambigqa_train_-2840611200472199951,ambiguous,5.0,error_detection,0.970687747001648
definite_false:qb_4987|alpha=5|measure=error_detection,definite_false:qb_4987,definite_false,5.0,error_detection,0.9999756813049316
definite_false:bb_596|alpha=5|measure=error_detection,definite_false:bb_596,definite_false,5.0,error_detection,0.9989677667617798
definite_false:dpql_3319|alpha=5|measure=error_detection,definite_false:dpql_3319,definite_false,5.0,error_detection,0.9875683188438416
ambiguous:user_ambiguous_076|alpha=5|measure=error_detection,ambiguous:user_ambiguous_076,ambiguous,5.0,error_detection,0.18242551386356354
definite_false:dpql_753|alpha=5|measure=error_detection,definite_false:dpql_753,definite_false,5.0,error_detection,0.9988304972648621
definite_false:tc_2506|alpha=5|measure=error_detection,definite_false:tc_2506,definite_false,5.0,error_detection,0.07585818320512772
definite_correct:qw_2634|alpha=5|measure=error_detection,definite_correct:qw_2634,definite_correct,5.0,error_detection,0.00015843621804378927
definite_correct:wh_3778|alpha=5|measure=error_detection,definite_correct:wh_3778,definite_correct,5.0,error_detection,0.00023050671734381467
definite_false:tc_2728|alpha=5|measure=error_detection,definite_false:tc_2728,definite_false,5.0,error_detection,0.9953904151916504
ambiguous:synthetic_ambiguity_77277aded01ef92e|alpha=5|measure=error_detection,ambiguous:synthetic_ambiguity_77277aded01ef92e,ambiguous,5.0,error_detection,0.2689414322376251
definite_false:dpql_2259|alpha=5|measure=error_detection,definite_false:dpql_2259,definite_false,5.0,error_detection,0.0015011822106316686
ambiguous:user_ambiguous_038|alpha=5|measure=error_detection,ambiguous:user_ambiguous_038,ambiguous,5.0,error_detection,0.3208213150501251
definite_correct:wh_4358|alpha=5|measure=error_detection,definite_correct:wh_4358,definite_correct,5.0,error_detection,0.0019267345778644085
definite_correct:qw_45|alpha=5|measure=error_detection,definite_correct:qw_45,definite_correct,5.0,error_detection,0.0007096704212017357
ambiguous:user_ambiguous_084|alpha=5|measure=error_detection,ambiguous:user_ambiguous_084,ambiguous,5.0,error_detection,0.2689414322376251
definite_false:bb_2489|alpha=5|measure=error_detection,definite_false:bb_2489,definite_false,5.0,error_detection,0.562176525592804
ambiguous:ambigqa_train_4887157859291163116|alpha=5|measure=error_detection,ambiguous:ambigqa_train_4887157859291163116,ambiguous,5.0,error_detection,0.0017007224960252643
definite_correct:qw_393|alpha=5|measure=error_detection,definite_correct:qw_393,definite_correct,5.0,error_detection,0.00015843621804378927
definite_correct:tc_1323|alpha=5|measure=error_detection,definite_correct:tc_1323,definite_correct,5.0,error_detection,1.8925147742265835e-05
definite_correct:qb_3684|alpha=5|measure=error_detection,definite_correct:qb_3684,definite_correct,5.0,error_detection,3.120191104244441e-05
definite_false:qb_7085|alpha=5|measure=error_detection,definite_false:qb_7085,definite_false,5.0,error_detection,0.0010322310263291001
definite_false:qb_4397|alpha=5|measure=error_detection,definite_false:qb_4397,definite_false,5.0,error_detection,0.9998205304145813
definite_false:tc_2359|alpha=5|measure=error_detection,definite_false:tc_2359,definite_false,5.0,error_detection,0.02931223064661026
definite_correct:bb_4832|alpha=5|measure=error_detection,definite_correct:bb_4832,definite_correct,5.0,error_detection,0.0002611903182696551
definite_correct:bb_810|alpha=5|measure=error_detection,definite_correct:bb_810,definite_correct,5.0,error_detection,3.120191104244441e-05
definite_correct:wh_4041|alpha=5|measure=error_detection,definite_correct:wh_4041,definite_correct,5.0,error_detection,0.00023050671734381467
definite_correct:bb_7263|alpha=5|measure=error_detection,definite_correct:bb_7263,definite_correct,5.0,error_detection,0.0015011822106316686
ambiguous:user_ambiguous_020|alpha=5|measure=error_detection,ambiguous:user_ambiguous_020,ambiguous,5.0,error_detection,0.04208773002028465
definite_correct:qw_5716|alpha=5|measure=error_detection,definite_correct:qw_5716,definite_correct,5.0,error_detection,0.9959298968315125
ambiguous:user_ambiguous_042|alpha=5|measure=error_detection,ambiguous:user_ambiguous_042,ambiguous,5.0,error_detection,0.005911069456487894
definite_false:dpql_151|alpha=5|measure=error_detection,definite_false:dpql_151,definite_false,5.0,error_detection,9.610241977497935e-05
definite_correct:qb_8036|alpha=5|measure=error_detection,definite_correct:qb_8036,definite_correct,5.0,error_detection,9.610241977497935e-05
ambiguous:ambigqa_train_-4861369907584367396|alpha=5|measure=error_detection,ambiguous:ambigqa_train_-4861369907584367396,ambiguous,5.0,error_detection,0.004609571769833565
definite_correct:qb_3516|alpha=5|measure=error_detection,definite_correct:qb_3516,definite_correct,5.0,error_detection,0.0002611903182696551
ambiguous:synthetic_ambiguity_c51d6353acd62fc1|alpha=5|measure=error_detection,ambiguous:synthetic_ambiguity_c51d6353acd62fc1,ambiguous,5.0,error_detection,0.014063626527786255
ambiguous:user_ambiguous_001|alpha=5|measure=error_detection,ambiguous:user_ambiguous_001,ambiguous,5.0,error_detection,0.9046505093574524
ambiguous:user_ambiguous_100|alpha=5|measure=error_detection,ambiguous:user_ambiguous_100,ambiguous,5.0,error_detection,0.2689414322376251
definite_correct:bb_1467|alpha=5|measure=error_detection,definite_correct:bb_1467,definite_correct,5.0,error_detection,0.00023050671734381467
definite_correct:qb_1172|alpha=5|measure=error_detection,definite_correct:qb_1172,definite_correct,5.0,error_detection,1.3007128472963814e-05
definite_false:dpql_4754|alpha=5|measure=error_detection,definite_false:dpql_4754,definite_false,5.0,error_detection,0.3208213150501251
ambiguous:user_ambiguous_070|alpha=5|measure=error_detection,ambiguous:user_ambiguous_070,ambiguous,5.0,error_detection,0.9465966820716858
definite_false:bb_6487|alpha=5|measure=error_detection,definite_false:bb_6487,definite_false,5.0,error_detection,0.02931223064661026
definite_correct:qw_1421|alpha=5|measure=error_detection,definite_correct:qw_1421,definite_correct,5.0,error_detection,2.4300239601871e-05
ambiguous:user_ambiguous_050|alpha=5|measure=error_detection,ambiguous:user_ambiguous_050,ambiguous,5.0,error_detection,0.8175744414329529
ambiguous:synthetic_ambiguity_db564851e7629ffa|alpha=5|measure=error_detection,ambiguous:synthetic_ambiguity_db564851e7629ffa,ambiguous,5.0,error_detection,0.9626730680465698
definite_correct:bb_6024|alpha=5|measure=error_detection,definite_correct:bb_6024,definite_correct,5.0,error_detection,0.01590639166533947
ambiguous:user_ambiguous_015|alpha=5|measure=error_detection,ambiguous:user_ambiguous_015,ambiguous,5.0,error_detection,0.037326883524656296
ambiguous:user_ambiguous_088|alpha=5|measure=error_detection,ambiguous:user_ambiguous_088,ambiguous,5.0,error_detection,0.18242551386356354
definite_correct:qb_3365|alpha=5|measure=error_detection,definite_correct:qb_3365,definite_correct,5.0,error_detection,0.00023050671734381467
definite_false:wh_3277|alpha=5|measure=error_detection,definite_false:wh_3277,definite_false,5.0,error_detection,0.2018132209777832
definite_correct:bb_5566|alpha=5|measure=error_detection,definite_correct:bb_5566,definite_correct,5.0,error_detection,0.004070138093084097
ambiguous:user_ambiguous_008|alpha=5|measure=error_detection,ambiguous:user_ambiguous_008,ambiguous,5.0,error_detection,0.06008664891123772
definite_false:dpql_5545|alpha=5|measure=error_detection,definite_false:dpql_5545,definite_false,5.0,error_detection,0.06008664891123772
ambiguous:user_ambiguous_073|alpha=5|measure=error_detection,ambiguous:user_ambiguous_073,ambiguous,5.0,error_detection,0.5
definite_false:bb_4598|alpha=5|measure=error_detection,definite_false:bb_4598,definite_false,5.0,error_detection,0.9324532747268677
ambiguous:user_ambiguous_024|alpha=5|measure=error_detection,ambiguous:user_ambiguous_024,ambiguous,5.0,error_detection,0.8807970285415649
ambiguous:user_ambiguous_027|alpha=5|measure=error_detection,ambiguous:user_ambiguous_027,ambiguous,5.0,error_detection,0.10669060051441193
definite_correct:qb_2497|alpha=5|measure=error_detection,definite_correct:qb_2497,definite_correct,5.0,error_detection,1.8925147742265835e-05
ambiguous:ambigqa_train_-4290930682953750669|alpha=5|measure=error_detection,ambiguous:ambigqa_train_-4290930682953750669,ambiguous,5.0,error_detection,0.0017007224960252643
ambiguous:ambigqa_train_8480092557592561766|alpha=5|measure=error_detection,ambiguous:ambigqa_train_8480092557592561766,ambiguous,5.0,error_detection,0.9975274205207825
definite_correct:bb_121|alpha=5|measure=error_detection,definite_correct:bb_121,definite_correct,5.0,error_detection,0.06008664891123772
definite_correct:bb_9251|alpha=5|measure=error_detection,definite_correct:bb_9251,definite_correct,5.0,error_detection,4.539786823443137e-05
definite_correct:qb_2934|alpha=5|measure=error_detection,definite_correct:qb_2934,definite_correct,5.0,error_detection,0.0004305570910219103
ambiguous:user_ambiguous_075|alpha=5|measure=error_detection,ambiguous:user_ambiguous_075,ambiguous,5.0,error_detection,0.9933071732521057
definite_false:qb_3987|alpha=5|measure=error_detection,definite_false:qb_3987,definite_false,5.0,error_detection,0.9902915358543396
definite_correct:bb_5550|alpha=5|measure=error_detection,definite_correct:bb_5550,definite_correct,5.0,error_detection,0.0013250223128125072
definite_false:wh_527|alpha=5|measure=error_detection,definite_false:wh_527,definite_false,5.0,error_detection,0.9999938011169434
ambiguous:user_ambiguous_094|alpha=5|measure=error_detection,ambiguous:user_ambiguous_094,ambiguous,5.0,error_detection,0.02595735527575016
definite_false:tc_3016|alpha=5|measure=error_detection,definite_false:tc_3016,definite_false,5.0,error_detection,0.622459352016449
ambiguous:user_ambiguous_068|alpha=5|measure=error_detection,ambiguous:user_ambiguous_068,ambiguous,5.0,error_detection,0.9740425944328308
definite_false:wh_252|alpha=5|measure=error_detection,definite_false:wh_252,definite_false,5.0,error_detection,0.9859364032745361
ambiguous:ambigqa_train_-5327098669371634148|alpha=5|measure=error_detection,ambiguous:ambigqa_train_-5327098669371634148,ambiguous,5.0,error_detection,0.562176525592804
ambiguous:user_ambiguous_007|alpha=5|measure=error_detection,ambiguous:user_ambiguous_007,ambiguous,5.0,error_detection,0.022977370768785477
ambiguous:user_ambiguous_091|alpha=5|measure=error_detection,ambiguous:user_ambiguous_091,ambiguous,5.0,error_detection,0.562176525592804
definite_false:tc_540|alpha=5|measure=error_detection,definite_false:tc_540,definite_false,5.0,error_detection,0.8519527316093445
definite_correct:bb_6465|alpha=5|measure=error_detection,definite_correct:bb_6465,definite_correct,5.0,error_detection,0.0017007224960252643
ambiguous:user_ambiguous_069|alpha=5|measure=error_detection,ambiguous:user_ambiguous_069,ambiguous,5.0,error_detection,0.3775406777858734
definite_false:qb_9244|alpha=5|measure=error_detection,definite_false:qb_9244,definite_false,5.0,error_detection,0.09534946084022522
definite_false:dpql_4205|alpha=5|measure=error_detection,definite_false:dpql_4205,definite_false,5.0,error_detection,0.010986942797899246
definite_false:qw_3344|alpha=5|measure=error_detection,definite_false:qw_3344,definite_false,5.0,error_detection,0.9399133324623108
ambiguous:user_ambiguous_078|alpha=5|measure=error_detection,ambiguous:user_ambiguous_078,ambiguous,5.0,error_detection,0.0009110512328334153
definite_correct:qw_1253|alpha=5|measure=error_detection,definite_correct:qw_1253,definite_correct,5.0,error_detection,0.0010322310263291001
definite_false:qw_6106|alpha=5|measure=error_detection,definite_false:qw_6106,definite_false,5.0,error_detection,0.970687747001648
definite_correct:qb_299|alpha=5|measure=error_detection,definite_correct:qb_299,definite_correct,5.0,error_detection,0.00023050671734381467
definite_correct:tc_954|alpha=5|measure=error_detection,definite_correct:tc_954,definite_correct,5.0,error_detection,0.0015011822106316686
definite_false:tc_2556|alpha=5|measure=error_detection,definite_false:tc_2556,definite_false,5.0,error_detection,0.999373733997345
ambiguous:user_ambiguous_059|alpha=5|measure=error_detection,ambiguous:user_ambiguous_059,ambiguous,5.0,error_detection,0.007577241398394108
definite_false:bb_5849|alpha=5|measure=error_detection,definite_false:bb_5849,definite_false,5.0,error_detection,0.9902915358543396
definite_correct:qz_340|alpha=5|measure=error_detection,definite_correct:qz_340,definite_correct,5.0,error_detection,0.00037998449988663197
ambiguous:user_ambiguous_029|alpha=5|measure=error_detection,ambiguous:user_ambiguous_029,ambiguous,5.0,error_detection,0.11920291185379028
ambiguous:synthetic_ambiguity_736399f8375cbe45|alpha=5|measure=error_detection,ambiguous:synthetic_ambiguity_736399f8375cbe45,ambiguous,5.0,error_detection,0.9859364032745361
definite_false:qb_6250|alpha=5|measure=error_detection,definite_false:qb_6250,definite_false,5.0,error_detection,0.002182716503739357
definite_false:dpql_4053|alpha=5|measure=error_detection,definite_false:dpql_4053,definite_false,5.0,error_detection,0.9982993006706238
ambiguous:user_ambiguous_019|alpha=5|measure=error_detection,ambiguous:user_ambiguous_019,ambiguous,5.0,error_detection,0.005911069456487894
definite_false:wh_451|alpha=5|measure=error_detection,definite_false:wh_451,definite_false,5.0,error_detection,0.9999724626541138
definite_correct:wh_1933|alpha=5|measure=error_detection,definite_correct:wh_1933,definite_correct,5.0,error_detection,0.00012339458044152707
definite_false:bb_8112|alpha=5|measure=error_detection,definite_false:bb_8112,definite_false,5.0,error_detection,0.00029595711384899914
definite_false:qb_5694|alpha=5|measure=error_detection,definite_false:qb_5694,definite_false,5.0,error_detection,0.7772998809814453
definite_correct:dpql_633|alpha=5|measure=error_detection,definite_correct:dpql_633,definite_correct,5.0,error_detection,0.00012339458044152707
ambiguous:user_ambiguous_049|alpha=5|measure=error_detection,ambiguous:user_ambiguous_049,ambiguous,5.0,error_detection,0.02931223064661026
definite_correct:qb_9283|alpha=5|measure=error_detection,definite_correct:qb_9283,definite_correct,5.0,error_detection,0.00012339458044152707
definite_false:bb_5317|alpha=5|measure=error_detection,definite_false:bb_5317,definite_false,5.0,error_detection,0.998498797416687
definite_false:qb_4446|alpha=5|measure=error_detection,definite_false:qb_4446,definite_false,5.0,error_detection,0.9525741338729858
definite_correct:bb_5094|alpha=5|measure=error_detection,definite_correct:bb_5094,definite_correct,5.0,error_detection,0.00023050671734381467
definite_correct:dpql_2276|alpha=5|measure=error_detection,definite_correct:dpql_2276,definite_correct,5.0,error_detection,1.3007128472963814e-05
ambiguous:ambigqa_dev_-1684587227477882737|alpha=5|measure=error_detection,ambiguous:ambigqa_dev_-1684587227477882737,ambiguous,5.0,error_detection,0.007577241398394108
definite_false:qw_3199|alpha=5|measure=error_detection,definite_false:qw_3199,definite_false,5.0,error_detection,0.9968273043632507
definite_false:qw_5896|alpha=5|measure=error_detection,definite_false:qw_5896,definite_false,5.0,error_detection,0.7772998809814453
definite_correct:qb_10132|alpha=5|measure=error_detection,definite_correct:qb_10132,definite_correct,5.0,error_detection,0.0006263342220336199
definite_correct:qb_4415|alpha=5|measure=error_detection,definite_correct:qb_4415,definite_correct,5.0,error_detection,0.0006263342220336199
definite_false:qz_1393|alpha=5|measure=error_detection,definite_false:qz_1393,definite_false,5.0,error_detection,0.9940890073776245
definite_false:qw_3353|alpha=5|measure=error_detection,definite_false:qw_3353,definite_false,5.0,error_detection,0.7310585975646973
ambiguous:user_ambiguous_061|alpha=5|measure=error_detection,ambiguous:user_ambiguous_061,ambiguous,5.0,error_detection,0.007577241398394108
definite_false:bb_77|alpha=5|measure=error_detection,definite_false:bb_77,definite_false,5.0,error_detection,0.9947799444198608
definite_false:tc_1535|alpha=5|measure=error_detection,definite_false:tc_1535,definite_false,5.0,error_detection,0.9933071732521057
definite_correct:qw_859|alpha=5|measure=error_detection,definite_correct:qw_859,definite_correct,5.0,error_detection,8.939696272136644e-06
definite_correct:qb_8074|alpha=5|measure=error_detection,definite_correct:qb_8074,definite_correct,5.0,error_detection,0.00012339458044152707
definite_correct:qb_650|alpha=5|measure=error_detection,definite_correct:qb_650,definite_correct,5.0,error_detection,4.2228334677929524e-06
definite_false:tc_2257|alpha=5|measure=error_detection,definite_false:tc_2257,definite_false,5.0,error_detection,0.9999599456787109
definite_correct:qb_4578|alpha=5|measure=error_detection,definite_correct:qb_4578,definite_correct,5.0,error_detection,2.7535690605873242e-05
definite_correct:qb_8861|alpha=5|measure=error_detection,definite_correct:qb_8861,definite_correct,5.0,error_detection,0.002800926798954606
definite_correct:qw_1211|alpha=5|measure=error_detection,definite_correct:qw_1211,definite_correct,5.0,error_detection,4.539786823443137e-05
definite_false:wh_1706|alpha=5|measure=error_detection,definite_false:wh_1706,definite_false,5.0,error_detection,0.9399133324623108
ambiguous:user_ambiguous_012|alpha=5|measure=error_detection,ambiguous:user_ambiguous_012,ambiguous,5.0,error_detection,0.8175744414329529
definite_correct:qb_365|alpha=5|measure=error_detection,definite_correct:qb_365,definite_correct,5.0,error_detection,1.8925147742265835e-05
definite_correct:qb_6665|alpha=5|measure=error_detection,definite_correct:qb_6665,definite_correct,5.0,error_detection,4.006369272246957e-05
ambiguous:user_ambiguous_036|alpha=5|measure=error_detection,ambiguous:user_ambiguous_036,ambiguous,5.0,error_detection,0.3208213150501251
ambiguous:user_ambiguous_081|alpha=5|measure=error_detection,ambiguous:user_ambiguous_081,ambiguous,5.0,error_detection,0.18242551386356354
ambiguous:ambigqa_train_-4847378126974715981|alpha=5|measure=error_detection,ambiguous:ambigqa_train_-4847378126974715981,ambiguous,5.0,error_detection,0.037326883524656296
ambiguous:user_ambiguous_099|alpha=5|measure=error_detection,ambiguous:user_ambiguous_099,ambiguous,5.0,error_detection,0.007577241398394108
definite_false:qw_4953|alpha=5|measure=error_detection,definite_false:qw_4953,definite_false,5.0,error_detection,0.9999251365661621
ambiguous:user_ambiguous_025|alpha=5|measure=error_detection,ambiguous:user_ambiguous_025,ambiguous,5.0,error_detection,0.9978172779083252
definite_correct:qb_34|alpha=5|measure=error_detection,definite_correct:qb_34,definite_correct,5.0,error_detection,0.0008040859247557819
ambiguous:user_ambiguous_056|alpha=5|measure=error_detection,ambiguous:user_ambiguous_056,ambiguous,5.0,error_detection,0.970687747001648
definite_false:qb_2370|alpha=5|measure=error_detection,definite_false:qb_2370,definite_false,5.0,error_detection,0.8175744414329529
definite_false:qb_3225|alpha=5|measure=error_detection,definite_false:qb_3225,definite_false,5.0,error_detection,0.7310585975646973
definite_false:qw_3732|alpha=5|measure=error_detection,definite_false:qw_3732,definite_false,5.0,error_detection,0.000552778597921133
definite_false:qb_3296|alpha=5|measure=error_detection,definite_false:qb_3296,definite_false,5.0,error_detection,0.9890130758285522
ambiguous:user_ambiguous_041|alpha=5|measure=error_detection,ambiguous:user_ambiguous_041,ambiguous,5.0,error_detection,0.0035936026833951473
definite_correct:bb_9184|alpha=5|measure=error_detection,definite_correct:bb_9184,definite_correct,5.0,error_detection,0.002800926798954606
ambiguous:ambigqa_train_-4829972042995259834|alpha=5|measure=error_detection,ambiguous:ambigqa_train_-4829972042995259834,ambiguous,5.0,error_detection,0.004609571769833565
definite_false:qb_3427|alpha=5|measure=error_detection,definite_false:qb_3427,definite_false,5.0,error_detection,0.9940890073776245
ambiguous:user_ambiguous_033|alpha=5|measure=error_detection,ambiguous:user_ambiguous_033,ambiguous,5.0,error_detection,0.622459352016449
definite_correct:qw_4190|alpha=5|measure=error_detection,definite_correct:qw_4190,definite_correct,5.0,error_detection,3.535625000949949e-05
definite_false:qb_2928|alpha=5|measure=error_detection,definite_false:qb_2928,definite_false,5.0,error_detection,0.9999599456787109
definite_correct:wh_51|alpha=5|measure=error_detection,definite_correct:wh_51,definite_correct,5.0,error_detection,5.144221358932555e-05
definite_false:qw_2399|alpha=5|measure=error_detection,definite_false:qw_2399,definite_false,5.0,error_detection,0.9525741338729858
ambiguous:ambigqa_dev_-2928173928559810904|alpha=5|measure=error_detection,ambiguous:ambigqa_dev_-2928173928559810904,ambiguous,5.0,error_detection,0.0002611903182696551
ambiguous:synthetic_ambiguity_39e9eaa2e03e1780|alpha=5|measure=error_detection,ambiguous:synthetic_ambiguity_39e9eaa2e03e1780,ambiguous,5.0,error_detection,0.9986749291419983
definite_correct:dpql_216|alpha=5|measure=error_detection,definite_correct:dpql_216,definite_correct,5.0,error_detection,0.0008040859247557819
ambiguous:user_ambiguous_045|alpha=5|measure=error_detection,ambiguous:user_ambiguous_045,ambiguous,5.0,error_detection,0.03308597952127457
definite_correct:bb_436|alpha=5|measure=error_detection,definite_correct:bb_436,definite_correct,5.0,error_detection,0.0010322310263291001
ambiguous:ambigqa_train_-6821663518687506172|alpha=5|measure=error_detection,ambiguous:ambigqa_train_-6821663518687506172,ambiguous,5.0,error_detection,0.006692850962281227
definite_false:qw_5298|alpha=5|measure=error_detection,definite_false:qw_5298,definite_false,5.0,error_detection,0.9820137619972229
ambiguous:user_ambiguous_063|alpha=5|measure=error_detection,ambiguous:user_ambiguous_063,ambiguous,5.0,error_detection,0.8807970285415649
ambiguous:user_ambiguous_032|alpha=5|measure=error_detection,ambiguous:user_ambiguous_032,ambiguous,5.0,error_detection,0.06008664891123772
definite_correct:qb_7271|alpha=5|measure=error_detection,definite_correct:qb_7271,definite_correct,5.0,error_detection,1.0129991096619051e-05
definite_false:bb_1220|alpha=5|measure=error_detection,definite_false:bb_1220,definite_false,5.0,error_detection,0.9975274205207825
definite_false:qw_4954|alpha=5|measure=error_detection,definite_false:qw_4954,definite_false,5.0,error_detection,0.9996199607849121
definite_correct:qb_2932|alpha=5|measure=error_detection,definite_correct:qb_2932,definite_correct,5.0,error_detection,0.0010322310263291001
definite_false:dpql_1059|alpha=5|measure=error_detection,definite_false:dpql_1059,definite_false,5.0,error_detection,9.610241977497935e-05
definite_false:dpql_2396|alpha=5|measure=error_detection,definite_false:dpql_2396,definite_false,5.0,error_detection,0.5
definite_false:bb_7609|alpha=5|measure=error_detection,definite_false:bb_7609,definite_false,5.0,error_detection,0.9999898672103882
definite_false:qz_6898|alpha=5|measure=error_detection,definite_false:qz_6898,definite_false,5.0,error_detection,0.14804719388484955
definite_correct:bb_20|alpha=5|measure=error_detection,definite_correct:bb_20,definite_correct,5.0,error_detection,8.481104305246845e-05
definite_correct:qb_4948|alpha=5|measure=error_detection,definite_correct:qb_4948,definite_correct,5.0,error_detection,9.610241977497935e-05
definite_false:bb_4519|alpha=5|measure=error_detection,definite_false:bb_4519,definite_false,5.0,error_detection,0.9626730680465698
ambiguous:user_ambiguous_082|alpha=5|measure=error_detection,ambiguous:user_ambiguous_082,ambiguous,5.0,error_detection,0.562176525592804
definite_correct:wh_453|alpha=5|measure=error_detection,definite_correct:wh_453,definite_correct,5.0,error_detection,2.1444948288262822e-05
ambiguous:user_ambiguous_026|alpha=5|measure=error_detection,ambiguous:user_ambiguous_026,ambiguous,5.0,error_detection,0.9046505093574524
ambiguous:ambigqa_train_4701094121253884727|alpha=5|measure=error_detection,ambiguous:ambigqa_train_4701094121253884727,ambiguous,5.0,error_detection,5.829126530443318e-05
ambiguous:user_ambiguous_066|alpha=5|measure=error_detection,ambiguous:user_ambiguous_066,ambiguous,5.0,error_detection,0.9940890073776245
definite_false:bb_4587|alpha=5|measure=error_detection,definite_false:bb_4587,definite_false,5.0,error_detection,0.9959298968315125
ambiguous:user_ambiguous_017|alpha=5|measure=error_detection,ambiguous:user_ambiguous_017,ambiguous,5.0,error_detection,0.9890130758285522
ambiguous:user_ambiguous_090|alpha=5|measure=error_detection,ambiguous:user_ambiguous_090,ambiguous,5.0,error_detection,0.01590639166533947
definite_false:qb_3878|alpha=5|measure=error_detection,definite_false:qb_3878,definite_false,5.0,error_detection,0.9959298968315125
definite_correct:tc_2317|alpha=5|measure=error_detection,definite_correct:tc_2317,definite_correct,5.0,error_detection,1.0129991096619051e-05
definite_false:qb_355|alpha=5|measure=error_detection,definite_false:qb_355,definite_false,5.0,error_detection,0.004070138093084097
definite_false:wh_2928|alpha=5|measure=error_detection,definite_false:wh_2928,definite_false,5.0,error_detection,0.004609571769833565
ambiguous:ambigqa_train_389267376370423320|alpha=5|measure=error_detection,ambiguous:ambigqa_train_389267376370423320,ambiguous,5.0,error_detection,0.006692850962281227
definite_false:bb_2616|alpha=5|measure=error_detection,definite_false:bb_2616,definite_false,5.0,error_detection,0.9999946355819702
definite_correct:dpql_6346|alpha=5|measure=error_detection,definite_correct:dpql_6346,definite_correct,5.0,error_detection,0.0006263342220336199
ambiguous:user_ambiguous_093|alpha=5|measure=error_detection,ambiguous:user_ambiguous_093,ambiguous,5.0,error_detection,0.022977370768785477
definite_correct:qw_243|alpha=5|measure=error_detection,definite_correct:qw_243,definite_correct,5.0,error_detection,0.0001398220774717629
definite_false:dpql_4319|alpha=5|measure=error_detection,definite_false:dpql_4319,definite_false,5.0,error_detection,0.9978172779083252
definite_correct:wh_1303|alpha=5|measure=error_detection,definite_correct:wh_1303,definite_correct,5.0,error_detection,0.0013250223128125072
definite_false:dpql_5115|alpha=5|measure=error_detection,definite_false:dpql_5115,definite_false,5.0,error_detection,0.9796676635742188
definite_false:qw_5610|alpha=5|measure=error_detection,definite_false:qw_5610,definite_false,5.0,error_detection,6.605214002775028e-05
ambiguous:user_ambiguous_092|alpha=5|measure=error_detection,ambiguous:user_ambiguous_092,ambiguous,5.0,error_detection,0.14804719388484955
ambiguous:ambigqa_train_6967337893340565499|alpha=5|measure=error_detection,ambiguous:ambigqa_train_6967337893340565499,ambiguous,5.0,error_detection,0.00020342698553577065
ambiguous:ambigqa_train_6622540978806844416|alpha=5|measure=error_detection,ambiguous:ambigqa_train_6622540978806844416,ambiguous,5.0,error_detection,0.00970847625285387
definite_false:bb_6668|alpha=5|measure=error_detection,definite_false:bb_6668,definite_false,5.0,error_detection,0.977022647857666
definite_correct:dpql_3467|alpha=5|measure=error_detection,definite_correct:dpql_3467,definite_correct,5.0,error_detection,0.0002611903182696551
definite_false:bb_8893|alpha=5|measure=error_detection,definite_false:bb_8893,definite_false,5.0,error_detection,0.0013250223128125072
definite_correct:qb_9954|alpha=5|measure=error_detection,definite_correct:qb_9954,definite_correct,5.0,error_detection,1.1478769010864198e-05
ambiguous:user_ambiguous_079|alpha=5|measure=error_detection,ambiguous:user_ambiguous_079,ambiguous,5.0,error_detection,0.020332353189587593
definite_false:dpql_3092|alpha=5|measure=error_detection,definite_false:dpql_3092,definite_false,5.0,error_detection,0.9999151229858398
definite_correct:qw_6782|alpha=5|measure=error_detection,definite_correct:qw_6782,definite_correct,5.0,error_detection,0.0001398220774717629
definite_correct:qb_7921|alpha=5|measure=error_detection,definite_correct:qb_7921,definite_correct,5.0,error_detection,5.422219146566931e-06
definite_correct:bb_6117|alpha=5|measure=error_detection,definite_correct:bb_6117,definite_correct,5.0,error_detection,9.610241977497935e-05
ambiguous:synthetic_ambiguity_127bbb74d142df4c|alpha=5|measure=error_detection,ambiguous:synthetic_ambiguity_127bbb74d142df4c,ambiguous,5.0,error_detection,0.037326883524656296
definite_correct:qb_6086|alpha=5|measure=error_detection,definite_correct:qb_6086,definite_correct,5.0,error_detection,7.889262633398175e-06
definite_correct:qw_132|alpha=5|measure=error_detection,definite_correct:qw_132,definite_correct,5.0,error_detection,0.0002611903182696551
definite_correct:qz_5801|alpha=5|measure=error_detection,definite_correct:qz_5801,definite_correct,5.0,error_detection,1.8925147742265835e-05
definite_correct:qw_1068|alpha=5|measure=error_detection,definite_correct:qw_1068,definite_correct,5.0,error_detection,0.00037998449988663197
definite_false:bb_968|alpha=5|measure=error_detection,definite_false:bb_968,definite_false,5.0,error_detection,0.9953904151916504
definite_false:bb_981|alpha=5|measure=error_detection,definite_false:bb_981,definite_false,5.0,error_detection,0.8519527316093445
ambiguous:ambigqa_dev_2248395039731877618|alpha=5|measure=error_detection,ambiguous:ambigqa_dev_2248395039731877618,ambiguous,5.0,error_detection,0.002182716503739357
definite_false:dpql_4977|alpha=5|measure=error_detection,definite_false:dpql_4977,definite_false,5.0,error_detection,1.8925147742265835e-05
ambiguous:user_ambiguous_074|alpha=5|measure=error_detection,ambiguous:user_ambiguous_074,ambiguous,5.0,error_detection,0.9820137619972229
ambiguous:user_ambiguous_055|alpha=5|measure=error_detection,ambiguous:user_ambiguous_055,ambiguous,5.0,error_detection,0.06754668802022934
ambiguous:user_ambiguous_048|alpha=5|measure=error_detection,ambiguous:user_ambiguous_048,ambiguous,5.0,error_detection,0.0031726828310638666
ambiguous:user_ambiguous_037|alpha=5|measure=error_detection,ambiguous:user_ambiguous_037,ambiguous,5.0,error_detection,0.2689414322376251
definite_correct:qb_4336|alpha=5|measure=error_detection,definite_correct:qb_4336,definite_correct,5.0,error_detection,4.2228334677929524e-06
definite_false:qb_3624|alpha=5|measure=error_detection,definite_false:qb_3624,definite_false,5.0,error_detection,0.998498797416687
definite_false:qb_2901|alpha=5|measure=error_detection,definite_false:qb_2901,definite_false,5.0,error_detection,0.9990890026092529
definite_false:dpql_1695|alpha=5|measure=error_detection,definite_false:dpql_1695,definite_false,5.0,error_detection,0.9046505093574524
ambiguous:synthetic_ambiguity_befa9c239cfadb1e|alpha=5|measure=error_detection,ambiguous:synthetic_ambiguity_befa9c239cfadb1e,ambiguous,5.0,error_detection,0.9989677667617798
ambiguous:ambigqa_dev_-9219689808672072116|alpha=5|measure=error_detection,ambiguous:ambigqa_dev_-9219689808672072116,ambiguous,5.0,error_detection,8.481104305246845e-05
definite_correct:bb_8732|alpha=5|measure=error_detection,definite_correct:bb_8732,definite_correct,5.0,error_detection,1.8925147742265835e-05
definite_correct:bb_2326|alpha=5|measure=error_detection,definite_correct:bb_2326,definite_correct,5.0,error_detection,1.0129991096619051e-05
definite_correct:dpql_971|alpha=5|measure=error_detection,definite_correct:dpql_971,definite_correct,5.0,error_detection,0.002800926798954606
definite_correct:tc_1284|alpha=5|measure=error_detection,definite_correct:tc_1284,definite_correct,5.0,error_detection,4.539786823443137e-05
ambiguous:user_ambiguous_060|alpha=5|measure=error_detection,ambiguous:user_ambiguous_060,ambiguous,5.0,error_detection,0.010986942797899246
definite_correct:bb_2920|alpha=5|measure=error_detection,definite_correct:bb_2920,definite_correct,5.0,error_detection,7.889262633398175e-06
definite_correct:qb_8250|alpha=5|measure=error_detection,definite_correct:qb_8250,definite_correct,5.0,error_detection,1.8925147742265835e-05
definite_correct:bb_500|alpha=5|measure=error_detection,definite_correct:bb_500,definite_correct,5.0,error_detection,0.00012339458044152707
definite_false:qb_936|alpha=5|measure=error_detection,definite_false:qb_936,definite_false,5.0,error_detection,0.00029595711384899914
ambiguous:user_ambiguous_046|alpha=5|measure=error_detection,ambiguous:user_ambiguous_046,ambiguous,5.0,error_detection,0.007577241398394108
definite_false:qz_2428|alpha=5|measure=error_detection,definite_false:qz_2428,definite_false,5.0,error_detection,0.7772998809814453
definite_false:qb_919|alpha=5|measure=error_detection,definite_false:qb_919,definite_false,5.0,error_detection,0.0031726828310638666
definite_correct:qb_6581|alpha=5|measure=error_detection,definite_correct:qb_6581,definite_correct,5.0,error_detection,0.00023050671734381467
ambiguous:user_ambiguous_018|alpha=5|measure=error_detection,ambiguous:user_ambiguous_018,ambiguous,5.0,error_detection,0.0011695101857185364
definite_correct:qb_2148|alpha=5|measure=error_detection,definite_correct:qb_2148,definite_correct,5.0,error_detection,1.8925147742265835e-05
ambiguous:user_ambiguous_031|alpha=5|measure=error_detection,ambiguous:user_ambiguous_031,ambiguous,5.0,error_detection,0.8519527316093445
definite_false:qw_3161|alpha=5|measure=error_detection,definite_false:qw_3161,definite_false,5.0,error_detection,0.9959298968315125
definite_correct:dpql_5846|alpha=5|measure=error_detection,definite_correct:dpql_5846,definite_correct,5.0,error_detection,0.0009110512328334153
ambiguous:ambigqa_dev_-2861341002123248407|alpha=5|measure=error_detection,ambiguous:ambigqa_dev_-2861341002123248407,ambiguous,5.0,error_detection,0.3775406777858734
ambiguous:user_ambiguous_054|alpha=5|measure=error_detection,ambiguous:user_ambiguous_054,ambiguous,5.0,error_detection,0.006692850962281227
ambiguous:synthetic_ambiguity_7462141d7ff09177|alpha=5|measure=error_detection,ambiguous:synthetic_ambiguity_7462141d7ff09177,ambiguous,5.0,error_detection,0.9924227595329285
definite_false:bb_8205|alpha=5|measure=error_detection,definite_false:bb_8205,definite_false,5.0,error_detection,0.0017007224960252643
definite_false:qb_3869|alpha=5|measure=error_detection,definite_false:qb_3869,definite_false,5.0,error_detection,0.999373733997345
ambiguous:user_ambiguous_035|alpha=5|measure=error_detection,ambiguous:user_ambiguous_035,ambiguous,5.0,error_detection,0.06008664891123772
ambiguous:user_ambiguous_064|alpha=5|measure=error_detection,ambiguous:user_ambiguous_064,ambiguous,5.0,error_detection,0.3208213150501251
definite_false:qb_9682|alpha=5|measure=error_detection,definite_false:qb_9682,definite_false,5.0,error_detection,0.11920291185379028
definite_false:tc_349|alpha=5|measure=error_detection,definite_false:tc_349,definite_false,5.0,error_detection,0.22270014882087708
definite_correct:tc_955|alpha=5|measure=error_detection,definite_correct:tc_955,definite_correct,5.0,error_detection,0.00023050671734381467
ambiguous:synthetic_ambiguity_eccd45548d369037|alpha=5|measure=error_detection,ambiguous:synthetic_ambiguity_eccd45548d369037,ambiguous,5.0,error_detection,0.9953904151916504
definite_correct:qb_916|alpha=5|measure=error_detection,definite_correct:qb_916,definite_correct,5.0,error_detection,0.00023050671734381467
definite_false:qz_3440|alpha=5|measure=error_detection,definite_false:qz_3440,definite_false,5.0,error_detection,0.11920291185379028
definite_false:qb_525|alpha=5|measure=error_detection,definite_false:qb_525,definite_false,5.0,error_detection,0.9914224743843079
ambiguous:ambigqa_train_3267103377301376828|alpha=5|measure=error_detection,ambiguous:ambigqa_train_3267103377301376828,ambiguous,5.0,error_detection,0.00247262348420918
definite_false:qb_2329|alpha=5|measure=error_detection,definite_false:qb_2329,definite_false,5.0,error_detection,0.9999724626541138
definite_false:bb_5659|alpha=5|measure=error_detection,definite_false:bb_5659,definite_false,5.0,error_detection,0.9933071732521057
definite_correct:qb_3191|alpha=5|measure=error_detection,definite_correct:qb_3191,definite_correct,5.0,error_detection,8.939696272136644e-06
ambiguous:user_ambiguous_004|alpha=5|measure=error_detection,ambiguous:user_ambiguous_004,ambiguous,5.0,error_detection,0.00020342698553577065
definite_correct:tc_1602|alpha=5|measure=error_detection,definite_correct:tc_1602,definite_correct,5.0,error_detection,0.03308597952127457
ambiguous:synthetic_ambiguity_0fb6efbc1bf0ec38|alpha=5|measure=error_detection,ambiguous:synthetic_ambiguity_0fb6efbc1bf0ec38,ambiguous,5.0,error_detection,0.037326883524656296
definite_correct:qw_4882|alpha=5|measure=error_detection,definite_correct:qw_4882,definite_correct,5.0,error_detection,0.005220125894993544
definite_false:dpql_3912|alpha=5|measure=error_detection,definite_false:dpql_3912,definite_false,5.0,error_detection,0.14804719388484955
ambiguous:user_ambiguous_016|alpha=5|measure=error_detection,ambiguous:user_ambiguous_016,ambiguous,5.0,error_detection,0.18242551386356354
definite_correct:bb_1135|alpha=5|measure=error_detection,definite_correct:bb_1135,definite_correct,5.0,error_detection,0.00015843621804378927
ambiguous:user_ambiguous_039|alpha=5|measure=error_detection,ambiguous:user_ambiguous_039,ambiguous,5.0,error_detection,0.04742587357759476
definite_correct:qz_3927|alpha=5|measure=error_detection,definite_correct:qz_3927,definite_correct,5.0,error_detection,0.0035936026833951473
definite_false:dpql_3827|alpha=5|measure=error_detection,definite_false:dpql_3827,definite_false,5.0,error_detection,0.0006263342220336199
ambiguous:ambigqa_train_8846306718324708097|alpha=5|measure=error_detection,ambiguous:ambigqa_train_8846306718324708097,ambiguous,5.0,error_detection,8.481104305246845e-05
definite_false:wh_2424|alpha=5|measure=error_detection,definite_false:wh_2424,definite_false,5.0,error_detection,6.605214002775028e-05
definite_false:qw_3500|alpha=5|measure=error_detection,definite_false:qw_3500,definite_false,5.0,error_detection,1.473898100812221e-05
ambiguous:user_ambiguous_005|alpha=5|measure=error_detection,ambiguous:user_ambiguous_005,ambiguous,5.0,error_detection,0.0031726828310638666
ambiguous:user_ambiguous_089|alpha=5|measure=error_detection,ambiguous:user_ambiguous_089,ambiguous,5.0,error_detection,0.008577484637498856
definite_correct:qb_1456|alpha=5|measure=error_detection,definite_correct:qb_1456,definite_correct,5.0,error_detection,0.0007096704212017357
ambiguous:ambigqa_train_-5746040628732928353|alpha=5|measure=error_detection,ambiguous:ambigqa_train_-5746040628732928353,ambiguous,5.0,error_detection,0.006692850962281227
ambiguous:user_ambiguous_062|alpha=5|measure=error_detection,ambiguous:user_ambiguous_062,ambiguous,5.0,error_detection,0.9465966820716858
definite_correct:dpql_2538|alpha=5|measure=error_detection,definite_correct:dpql_2538,definite_correct,5.0,error_detection,8.481104305246845e-05
definite_false:tc_3120|alpha=5|measure=error_detection,definite_false:tc_3120,definite_false,5.0,error_detection,0.07585818320512772
definite_correct:bb_2920|alpha=0|measure=anomaly_forced_choice,definite_correct:bb_2920,definite_correct,0.0,anomaly_forced_choice,0.0013250223128125072
definite_false:qb_525|alpha=0|measure=anomaly_forced_choice,definite_false:qb_525,definite_false,0.0,anomaly_forced_choice,0.9465966820716858
ambiguous:user_ambiguous_075|alpha=0|measure=anomaly_forced_choice,ambiguous:user_ambiguous_075,ambiguous,0.0,anomaly_forced_choice,0.9978172779083252
ambiguous:ambigqa_train_-6615422287569447999|alpha=0|measure=anomaly_forced_choice,ambiguous:ambigqa_train_-6615422287569447999,ambiguous,0.0,anomaly_forced_choice,0.8807970285415649
definite_false:tc_2257|alpha=0|measure=anomaly_forced_choice,definite_false:tc_2257,definite_false,0.0,anomaly_forced_choice,0.9997965693473816
ambiguous:ambigqa_train_389267376370423320|alpha=0|measure=anomaly_forced_choice,ambiguous:ambigqa_train_389267376370423320,ambiguous,0.0,anomaly_forced_choice,0.022977370768785477
definite_correct:qw_1253|alpha=0|measure=anomaly_forced_choice,definite_correct:qw_1253,definite_correct,0.0,anomaly_forced_choice,0.9525741338729858
definite_correct:bb_6465|alpha=0|measure=anomaly_forced_choice,definite_correct:bb_6465,definite_correct,0.0,anomaly_forced_choice,0.0009110512328334153
definite_correct:bb_7263|alpha=0|measure=anomaly_forced_choice,definite_correct:bb_7263,definite_correct,0.0,anomaly_forced_choice,0.004609571769833565
ambiguous:user_ambiguous_012|alpha=0|measure=anomaly_forced_choice,ambiguous:user_ambiguous_012,ambiguous,0.0,anomaly_forced_choice,0.9859364032745361
definite_false:qb_3225|alpha=0|measure=anomaly_forced_choice,definite_false:qb_3225,definite_false,0.0,anomaly_forced_choice,0.13296423852443695
definite_false:qb_4397|alpha=0|measure=anomaly_forced_choice,definite_false:qb_4397,definite_false,0.0,anomaly_forced_choice,0.9902915358543396
definite_correct:bb_9251|alpha=0|measure=anomaly_forced_choice,definite_correct:bb_9251,definite_correct,0.0,anomaly_forced_choice,0.000552778597921133
definite_correct:bb_9184|alpha=0|measure=anomaly_forced_choice,definite_correct:bb_9184,definite_correct,0.0,anomaly_forced_choice,0.13296423852443695
definite_false:qw_2399|alpha=0|measure=anomaly_forced_choice,definite_false:qw_2399,definite_false,0.0,anomaly_forced_choice,0.9997965693473816
definite_correct:wh_4358|alpha=0|measure=anomaly_forced_choice,definite_correct:wh_4358,definite_correct,0.0,anomaly_forced_choice,0.0019267345778644085
definite_correct:qw_4190|alpha=0|measure=anomaly_forced_choice,definite_correct:qw_4190,definite_correct,0.0,anomaly_forced_choice,0.0010322310263291001
definite_correct:qw_6782|alpha=0|measure=anomaly_forced_choice,definite_correct:qw_6782,definite_correct,0.0,anomaly_forced_choice,0.04208773002028465
definite_false:wh_252|alpha=0|measure=anomaly_forced_choice,definite_false:wh_252,definite_false,0.0,anomaly_forced_choice,0.957912266254425
definite_correct:qb_6581|alpha=0|measure=anomaly_forced_choice,definite_correct:qb_6581,definite_correct,0.0,anomaly_forced_choice,0.8519527316093445
ambiguous:ambigqa_train_4887157859291163116|alpha=0|measure=anomaly_forced_choice,ambiguous:ambigqa_train_4887157859291163116,ambiguous,0.0,anomaly_forced_choice,0.9241418242454529
definite_correct:dpql_216|alpha=0|measure=anomaly_forced_choice,definite_correct:dpql_216,definite_correct,0.0,anomaly_forced_choice,0.04208773002028465
definite_false:qw_6106|alpha=0|measure=anomaly_forced_choice,definite_false:qw_6106,definite_false,0.0,anomaly_forced_choice,0.9995121955871582
ambiguous:user_ambiguous_029|alpha=0|measure=anomaly_forced_choice,ambiguous:user_ambiguous_029,ambiguous,0.0,anomaly_forced_choice,0.9875683188438416
definite_false:qw_5896|alpha=0|measure=anomaly_forced_choice,definite_false:qw_5896,definite_false,0.0,anomaly_forced_choice,0.14804719388484955
definite_correct:bb_6024|alpha=0|measure=anomaly_forced_choice,definite_correct:bb_6024,definite_correct,0.0,anomaly_forced_choice,0.622459352016449
ambiguous:user_ambiguous_055|alpha=0|measure=anomaly_forced_choice,ambiguous:user_ambiguous_055,ambiguous,0.0,anomaly_forced_choice,0.9046505093574524
definite_correct:bb_436|alpha=0|measure=anomaly_forced_choice,definite_correct:bb_436,definite_correct,0.0,anomaly_forced_choice,0.0009110512328334153
definite_false:dpql_3261|alpha=0|measure=anomaly_forced_choice,definite_false:dpql_3261,definite_false,0.0,anomaly_forced_choice,0.9964063763618469
definite_correct:qz_1139|alpha=0|measure=anomaly_forced_choice,definite_correct:qz_1139,definite_correct,0.0,anomaly_forced_choice,0.18242551386356354
ambiguous:user_ambiguous_031|alpha=0|measure=anomaly_forced_choice,ambiguous:user_ambiguous_031,ambiguous,0.0,anomaly_forced_choice,0.2689414322376251
definite_false:qb_3624|alpha=0|measure=anomaly_forced_choice,definite_false:qb_3624,definite_false,0.0,anomaly_forced_choice,0.977022647857666
definite_false:tc_2728|alpha=0|measure=anomaly_forced_choice,definite_false:tc_2728,definite_false,0.0,anomaly_forced_choice,0.9997387528419495
definite_correct:qw_5716|alpha=0|measure=anomaly_forced_choice,definite_correct:qw_5716,definite_correct,0.0,anomaly_forced_choice,0.4378235340118408
ambiguous:synthetic_ambiguity_127bbb74d142df4c|alpha=0|measure=anomaly_forced_choice,ambiguous:synthetic_ambiguity_127bbb74d142df4c,ambiguous,0.0,anomaly_forced_choice,0.9820137619972229
ambiguous:user_ambiguous_084|alpha=0|measure=anomaly_forced_choice,ambiguous:user_ambiguous_084,ambiguous,0.0,anomaly_forced_choice,0.04742587357759476
definite_false:bb_6487|alpha=0|measure=anomaly_forced_choice,definite_false:bb_6487,definite_false,0.0,anomaly_forced_choice,0.9465966820716858
definite_correct:qw_393|alpha=0|measure=anomaly_forced_choice,definite_correct:qw_393,definite_correct,0.0,anomaly_forced_choice,0.16451646387577057
ambiguous:ambigqa_dev_-2861341002123248407|alpha=0|measure=anomaly_forced_choice,ambiguous:ambigqa_dev_-2861341002123248407,ambiguous,0.0,anomaly_forced_choice,0.9980732202529907
ambiguous:user_ambiguous_060|alpha=0|measure=anomaly_forced_choice,ambiguous:user_ambiguous_060,ambiguous,0.0,anomaly_forced_choice,0.5
ambiguous:user_ambiguous_037|alpha=0|measure=anomaly_forced_choice,ambiguous:user_ambiguous_037,ambiguous,0.0,anomaly_forced_choice,0.4378235340118408
definite_false:dpql_151|alpha=0|measure=anomaly_forced_choice,definite_false:dpql_151,definite_false,0.0,anomaly_forced_choice,0.14804719388484955
definite_false:tc_3016|alpha=0|measure=anomaly_forced_choice,definite_false:tc_3016,definite_false,0.0,anomaly_forced_choice,0.9997695088386536
definite_correct:qb_6665|alpha=0|measure=anomaly_forced_choice,definite_correct:qb_6665,definite_correct,0.0,anomaly_forced_choice,0.0013250223128125072
definite_correct:bb_4832|alpha=0|measure=anomaly_forced_choice,definite_correct:bb_4832,definite_correct,0.0,anomaly_forced_choice,0.008577484637498856
definite_correct:tc_954|alpha=0|measure=anomaly_forced_choice,definite_correct:tc_954,definite_correct,0.0,anomaly_forced_choice,0.22270014882087708
definite_false:qz_1393|alpha=0|measure=anomaly_forced_choice,definite_false:qz_1393,definite_false,0.0,anomaly_forced_choice,0.9999724626541138
ambiguous:ambigqa_train_-6821663518687506172|alpha=0|measure=anomaly_forced_choice,ambiguous:ambigqa_train_-6821663518687506172,ambiguous,0.0,anomaly_forced_choice,0.04742587357759476
definite_false:qb_9682|alpha=0|measure=anomaly_forced_choice,definite_false:qb_9682,definite_false,0.0,anomaly_forced_choice,0.9980732202529907
ambiguous:user_ambiguous_034|alpha=0|measure=anomaly_forced_choice,ambiguous:user_ambiguous_034,ambiguous,0.0,anomaly_forced_choice,0.07585818320512772
ambiguous:user_ambiguous_001|alpha=0|measure=anomaly_forced_choice,ambiguous:user_ambiguous_001,ambiguous,0.0,anomaly_forced_choice,0.9890130758285522
definite_false:wh_527|alpha=0|measure=anomaly_forced_choice,definite_false:wh_527,definite_false,0.0,anomaly_forced_choice,0.9999339580535889
definite_correct:bb_5550|alpha=0|measure=anomaly_forced_choice,definite_correct:bb_5550,definite_correct,0.0,anomaly_forced_choice,0.5
definite_correct:bb_1467|alpha=0|measure=anomaly_forced_choice,definite_correct:bb_1467,definite_correct,0.0,anomaly_forced_choice,0.07585818320512772
ambiguous:ambigqa_train_-4861369907584367396|alpha=0|measure=anomaly_forced_choice,ambiguous:ambigqa_train_-4861369907584367396,ambiguous,0.0,anomaly_forced_choice,0.007577241398394108
ambiguous:user_ambiguous_020|alpha=0|measure=anomaly_forced_choice,ambiguous:user_ambiguous_020,ambiguous,0.0,anomaly_forced_choice,0.5
definite_correct:bb_20|alpha=0|measure=anomaly_forced_choice,definite_correct:bb_20,definite_correct,0.0,anomaly_forced_choice,0.9149009585380554
definite_false:wh_2928|alpha=0|measure=anomaly_forced_choice,definite_false:wh_2928,definite_false,0.0,anomaly_forced_choice,0.9740425944328308
definite_correct:qw_1068|alpha=0|measure=anomaly_forced_choice,definite_correct:qw_1068,definite_correct,0.0,anomaly_forced_choice,0.0031726828310638666
definite_correct:qb_4336|alpha=0|measure=anomaly_forced_choice,definite_correct:qb_4336,definite_correct,0.0,anomaly_forced_choice,7.484622619813308e-05
definite_false:bb_3805|alpha=0|measure=anomaly_forced_choice,definite_false:bb_3805,definite_false,0.0,anomaly_forced_choice,0.11920291185379028
definite_false:qz_6898|alpha=0|measure=anomaly_forced_choice,definite_false:qz_6898,definite_false,0.0,anomaly_forced_choice,0.9149009585380554
definite_correct:dpql_3447|alpha=0|measure=anomaly_forced_choice,definite_correct:dpql_3447,definite_correct,0.0,anomaly_forced_choice,0.0007096704212017357
ambiguous:user_ambiguous_024|alpha=0|measure=anomaly_forced_choice,ambiguous:user_ambiguous_024,ambiguous,0.0,anomaly_forced_choice,0.6791787147521973
definite_correct:qb_5063|alpha=0|measure=anomaly_forced_choice,definite_correct:qb_5063,definite_correct,0.0,anomaly_forced_choice,0.4378235340118408
ambiguous:user_ambiguous_082|alpha=0|measure=anomaly_forced_choice,ambiguous:user_ambiguous_082,ambiguous,0.0,anomaly_forced_choice,0.9914224743843079
ambiguous:user_ambiguous_093|alpha=0|measure=anomaly_forced_choice,ambiguous:user_ambiguous_093,ambiguous,0.0,anomaly_forced_choice,0.8175744414329529
definite_correct:dpql_2538|alpha=0|measure=anomaly_forced_choice,definite_correct:dpql_2538,definite_correct,0.0,anomaly_forced_choice,0.000552778597921133
definite_correct:wh_1933|alpha=0|measure=anomaly_forced_choice,definite_correct:wh_1933,definite_correct,0.0,anomaly_forced_choice,0.0013250223128125072
definite_false:qw_3582|alpha=0|measure=anomaly_forced_choice,definite_false:qw_3582,definite_false,0.0,anomaly_forced_choice,0.9669140577316284
ambiguous:user_ambiguous_066|alpha=0|measure=anomaly_forced_choice,ambiguous:user_ambiguous_066,ambiguous,0.0,anomaly_forced_choice,0.9947799444198608
definite_false:tc_540|alpha=0|measure=anomaly_forced_choice,definite_false:tc_540,definite_false,0.0,anomaly_forced_choice,0.9990890026092529
definite_false:dpql_1059|alpha=0|measure=anomaly_forced_choice,definite_false:dpql_1059,definite_false,0.0,anomaly_forced_choice,0.6791787147521973
definite_false:qb_2928|alpha=0|measure=anomaly_forced_choice,definite_false:qb_2928,definite_false,0.0,anomaly_forced_choice,0.977022647857666
definite_correct:wh_453|alpha=0|measure=anomaly_forced_choice,definite_correct:wh_453,definite_correct,0.0,anomaly_forced_choice,0.0010322310263291001
definite_correct:qb_7921|alpha=0|measure=anomaly_forced_choice,definite_correct:qb_7921,definite_correct,0.0,anomaly_forced_choice,0.13296423852443695
definite_correct:dpql_6346|alpha=0|measure=anomaly_forced_choice,definite_correct:dpql_6346,definite_correct,0.0,anomaly_forced_choice,0.6791787147521973
definite_false:qb_3878|alpha=0|measure=anomaly_forced_choice,definite_false:qb_3878,definite_false,0.0,anomaly_forced_choice,0.9971990585327148
definite_false:bb_8205|alpha=0|measure=anomaly_forced_choice,definite_false:bb_8205,definite_false,0.0,anomaly_forced_choice,0.9796676635742188
ambiguous:user_ambiguous_039|alpha=0|measure=anomaly_forced_choice,ambiguous:user_ambiguous_039,ambiguous,0.0,anomaly_forced_choice,0.18242551386356354
definite_false:dpql_2259|alpha=0|measure=anomaly_forced_choice,definite_false:dpql_2259,definite_false,0.0,anomaly_forced_choice,0.9241418242454529
definite_false:bb_6668|alpha=0|measure=anomaly_forced_choice,definite_false:bb_6668,definite_false,0.0,anomaly_forced_choice,0.9947799444198608
ambiguous:user_ambiguous_050|alpha=0|measure=anomaly_forced_choice,ambiguous:user_ambiguous_050,ambiguous,0.0,anomaly_forced_choice,0.9953904151916504
definite_false:qw_3199|alpha=0|measure=anomaly_forced_choice,definite_false:qw_3199,definite_false,0.0,anomaly_forced_choice,0.9669140577316284
definite_false:dpql_5115|alpha=0|measure=anomaly_forced_choice,definite_false:dpql_5115,definite_false,0.0,anomaly_forced_choice,0.9875683188438416
definite_correct:qb_1456|alpha=0|measure=anomaly_forced_choice,definite_correct:qb_1456,definite_correct,0.0,anomaly_forced_choice,0.9149009585380554
ambiguous:user_ambiguous_073|alpha=0|measure=anomaly_forced_choice,ambiguous:user_ambiguous_073,ambiguous,0.0,anomaly_forced_choice,0.970687747001648
ambiguous:user_ambiguous_045|alpha=0|measure=anomaly_forced_choice,ambiguous:user_ambiguous_045,ambiguous,0.0,anomaly_forced_choice,0.008577484637498856
definite_correct:qb_8074|alpha=0|measure=anomaly_forced_choice,definite_correct:qb_8074,definite_correct,0.0,anomaly_forced_choice,0.04208773002028465
definite_false:tc_2506|alpha=0|measure=anomaly_forced_choice,definite_false:tc_2506,definite_false,0.0,anomaly_forced_choice,0.9149009585380554
definite_false:dpql_4205|alpha=0|measure=anomaly_forced_choice,definite_false:dpql_4205,definite_false,0.0,anomaly_forced_choice,0.0013250223128125072
ambiguous:user_ambiguous_076|alpha=0|measure=anomaly_forced_choice,ambiguous:user_ambiguous_076,ambiguous,0.0,anomaly_forced_choice,0.06754668802022934
definite_correct:qz_5801|alpha=0|measure=anomaly_forced_choice,definite_correct:qz_5801,definite_correct,0.0,anomaly_forced_choice,0.22270014882087708
definite_correct:qb_1435|alpha=0|measure=anomaly_forced_choice,definite_correct:qb_1435,definite_correct,0.0,anomaly_forced_choice,0.00010889690020121634
ambiguous:user_ambiguous_092|alpha=0|measure=anomaly_forced_choice,ambiguous:user_ambiguous_092,ambiguous,0.0,anomaly_forced_choice,0.7981867790222168
definite_false:bb_4598|alpha=0|measure=anomaly_forced_choice,definite_false:bb_4598,definite_false,0.0,anomaly_forced_choice,0.8933094143867493
definite_correct:qb_1172|alpha=0|measure=anomaly_forced_choice,definite_correct:qb_1172,definite_correct,0.0,anomaly_forced_choice,0.531209409236908
definite_correct:bb_121|alpha=0|measure=anomaly_forced_choice,definite_correct:bb_121,definite_correct,0.0,anomaly_forced_choice,0.5
definite_correct:qw_1816|alpha=0|measure=anomaly_forced_choice,definite_correct:qw_1816,definite_correct,0.0,anomaly_forced_choice,0.3208213150501251
definite_false:bb_968|alpha=0|measure=anomaly_forced_choice,definite_false:bb_968,definite_false,0.0,anomaly_forced_choice,0.9902915358543396
definite_false:dpql_5545|alpha=0|measure=anomaly_forced_choice,definite_false:dpql_5545,definite_false,0.0,anomaly_forced_choice,0.9964063763618469
definite_correct:wh_51|alpha=0|measure=anomaly_forced_choice,definite_correct:wh_51,definite_correct,0.0,anomaly_forced_choice,0.0031726828310638666
definite_false:qz_2428|alpha=0|measure=anomaly_forced_choice,definite_false:qz_2428,definite_false,0.0,anomaly_forced_choice,0.8933094143867493
definite_false:bb_1220|alpha=0|measure=anomaly_forced_choice,definite_false:bb_1220,definite_false,0.0,anomaly_forced_choice,0.9997695088386536
definite_correct:tc_1602|alpha=0|measure=anomaly_forced_choice,definite_correct:tc_1602,definite_correct,0.0,anomaly_forced_choice,0.3775406777858734
definite_false:qw_4953|alpha=0|measure=anomaly_forced_choice,definite_false:qw_4953,definite_false,0.0,anomaly_forced_choice,0.9996646642684937
ambiguous:synthetic_ambiguity_7462141d7ff09177|alpha=0|measure=anomaly_forced_choice,ambiguous:synthetic_ambiguity_7462141d7ff09177,ambiguous,0.0,anomaly_forced_choice,0.9149009585380554
definite_correct:qw_1211|alpha=0|measure=anomaly_forced_choice,definite_correct:qw_1211,definite_correct,0.0,anomaly_forced_choice,0.00029595711384899914
definite_false:qb_2370|alpha=0|measure=anomaly_forced_choice,definite_false:qb_2370,definite_false,0.0,anomaly_forced_choice,0.9669140577316284
ambiguous:ambigqa_train_8846306718324708097|alpha=0|measure=anomaly_forced_choice,ambiguous:ambigqa_train_8846306718324708097,ambiguous,0.0,anomaly_forced_choice,0.005911069456487894
ambiguous:ambigqa_train_-5327098669371634148|alpha=0|measure=anomaly_forced_choice,ambiguous:ambigqa_train_-5327098669371634148,ambiguous,0.0,anomaly_forced_choice,0.9399133324623108
ambiguous:ambigqa_dev_-1684587227477882737|alpha=0|measure=anomaly_forced_choice,ambiguous:ambigqa_dev_-1684587227477882737,ambiguous,0.0,anomaly_forced_choice,0.014063626527786255
definite_correct:dpql_3467|alpha=0|measure=anomaly_forced_choice,definite_correct:dpql_3467,definite_correct,0.0,anomaly_forced_choice,0.002800926798954606
definite_false:bb_596|alpha=0|measure=anomaly_forced_choice,definite_false:bb_596,definite_false,0.0,anomaly_forced_choice,0.9980732202529907
definite_false:qw_5298|alpha=0|measure=anomaly_forced_choice,definite_false:qw_5298,definite_false,0.0,anomaly_forced_choice,0.998498797416687
definite_false:qb_1556|alpha=0|measure=anomaly_forced_choice,definite_false:qb_1556,definite_false,0.0,anomaly_forced_choice,0.01798621006309986
ambiguous:synthetic_ambiguity_eccd45548d369037|alpha=0|measure=anomaly_forced_choice,ambiguous:synthetic_ambiguity_eccd45548d369037,ambiguous,0.0,anomaly_forced_choice,0.4378235340118408
definite_false:dpql_4053|alpha=0|measure=anomaly_forced_choice,definite_false:dpql_4053,definite_false,0.0,anomaly_forced_choice,0.9999251365661621
definite_false:dpql_4319|alpha=0|measure=anomaly_forced_choice,definite_false:dpql_4319,definite_false,0.0,anomaly_forced_choice,0.9968273043632507
definite_false:qb_2899|alpha=0|measure=anomaly_forced_choice,definite_false:qb_2899,definite_false,0.0,anomaly_forced_choice,0.9796676635742188
ambiguous:user_ambiguous_004|alpha=0|measure=anomaly_forced_choice,ambiguous:user_ambiguous_004,ambiguous,0.0,anomaly_forced_choice,0.9241418242454529
definite_false:bb_5849|alpha=0|measure=anomaly_forced_choice,definite_false:bb_5849,definite_false,0.0,anomaly_forced_choice,0.9990890026092529
definite_correct:qw_132|alpha=0|measure=anomaly_forced_choice,definite_correct:qw_132,definite_correct,0.0,anomaly_forced_choice,0.8175744414329529
definite_false:qb_3296|alpha=0|measure=anomaly_forced_choice,definite_false:qb_3296,definite_false,0.0,anomaly_forced_choice,0.7310585975646973
definite_false:tc_1535|alpha=0|measure=anomaly_forced_choice,definite_false:tc_1535,definite_false,0.0,anomaly_forced_choice,0.9971990585327148
ambiguous:user_ambiguous_089|alpha=0|measure=anomaly_forced_choice,ambiguous:user_ambiguous_089,ambiguous,0.0,anomaly_forced_choice,0.9933071732521057
definite_correct:tc_1323|alpha=0|measure=anomaly_forced_choice,definite_correct:tc_1323,definite_correct,0.0,anomaly_forced_choice,0.014063626527786255
ambiguous:ambigqa_dev_-9219689808672072116|alpha=0|measure=anomaly_forced_choice,ambiguous:ambigqa_dev_-9219689808672072116,ambiguous,0.0,anomaly_forced_choice,0.13296423852443695
ambiguous:user_ambiguous_088|alpha=0|measure=anomaly_forced_choice,ambiguous:user_ambiguous_088,ambiguous,0.0,anomaly_forced_choice,0.4378235340118408
definite_false:qb_3869|alpha=0|measure=anomaly_forced_choice,definite_false:qb_3869,definite_false,0.0,anomaly_forced_choice,0.9999151229858398
definite_correct:qb_2151|alpha=0|measure=anomaly_forced_choice,definite_correct:qb_2151,definite_correct,0.0,anomaly_forced_choice,0.00010889690020121634
definite_correct:qb_8036|alpha=0|measure=anomaly_forced_choice,definite_correct:qb_8036,definite_correct,0.0,anomaly_forced_choice,0.18242551386356354
ambiguous:user_ambiguous_070|alpha=0|measure=anomaly_forced_choice,ambiguous:user_ambiguous_070,ambiguous,0.0,anomaly_forced_choice,0.18242551386356354
definite_false:dpql_753|alpha=0|measure=anomaly_forced_choice,definite_false:dpql_753,definite_false,0.0,anomaly_forced_choice,0.5
definite_correct:qb_299|alpha=0|measure=anomaly_forced_choice,definite_correct:qb_299,definite_correct,0.0,anomaly_forced_choice,0.04208773002028465
definite_false:tc_3120|alpha=0|measure=anomaly_forced_choice,definite_false:tc_3120,definite_false,0.0,anomaly_forced_choice,0.18242551386356354
ambiguous:user_ambiguous_099|alpha=0|measure=anomaly_forced_choice,ambiguous:user_ambiguous_099,ambiguous,0.0,anomaly_forced_choice,0.9525741338729858
definite_false:tc_349|alpha=0|measure=anomaly_forced_choice,definite_false:tc_349,definite_false,0.0,anomaly_forced_choice,0.9796676635742188
definite_correct:qw_859|alpha=0|measure=anomaly_forced_choice,definite_correct:qw_859,definite_correct,0.0,anomaly_forced_choice,0.9924227595329285
definite_false:qb_9244|alpha=0|measure=anomaly_forced_choice,definite_false:qb_9244,definite_false,0.0,anomaly_forced_choice,0.9241418242454529
definite_correct:qw_4882|alpha=0|measure=anomaly_forced_choice,definite_correct:qw_4882,definite_correct,0.0,anomaly_forced_choice,0.24508501589298248
definite_correct:tc_955|alpha=0|measure=anomaly_forced_choice,definite_correct:tc_955,definite_correct,0.0,anomaly_forced_choice,0.4687906503677368
definite_correct:dpql_5846|alpha=0|measure=anomaly_forced_choice,definite_correct:dpql_5846,definite_correct,0.0,anomaly_forced_choice,0.0010322310263291001
definite_false:bb_5659|alpha=0|measure=anomaly_forced_choice,definite_false:bb_5659,definite_false,0.0,anomaly_forced_choice,0.9964063763618469
definite_false:bb_2489|alpha=0|measure=anomaly_forced_choice,definite_false:bb_2489,definite_false,0.0,anomaly_forced_choice,0.4378235340118408
ambiguous:ambigqa_dev_-2928173928559810904|alpha=0|measure=anomaly_forced_choice,ambiguous:ambigqa_dev_-2928173928559810904,ambiguous,0.0,anomaly_forced_choice,0.014063626527786255
definite_correct:qb_3516|alpha=0|measure=anomaly_forced_choice,definite_correct:qb_3516,definite_correct,0.0,anomaly_forced_choice,0.00037998449988663197
definite_correct:dpql_5223|alpha=0|measure=anomaly_forced_choice,definite_correct:dpql_5223,definite_correct,0.0,anomaly_forced_choice,0.6791787147521973
ambiguous:user_ambiguous_054|alpha=0|measure=anomaly_forced_choice,ambiguous:user_ambiguous_054,ambiguous,0.0,anomaly_forced_choice,0.02931223064661026
ambiguous:user_ambiguous_074|alpha=0|measure=anomaly_forced_choice,ambiguous:user_ambiguous_074,ambiguous,0.0,anomaly_forced_choice,0.9959298968315125
ambiguous:user_ambiguous_008|alpha=0|measure=anomaly_forced_choice,ambiguous:user_ambiguous_008,ambiguous,0.0,anomaly_forced_choice,0.7310585975646973
ambiguous:synthetic_ambiguity_736399f8375cbe45|alpha=0|measure=anomaly_forced_choice,ambiguous:synthetic_ambiguity_736399f8375cbe45,ambiguous,0.0,anomaly_forced_choice,0.9046505093574524
ambiguous:user_ambiguous_100|alpha=0|measure=anomaly_forced_choice,ambiguous:user_ambiguous_100,ambiguous,0.0,anomaly_forced_choice,0.9525741338729858
ambiguous:ambigqa_train_3267103377301376828|alpha=0|measure=anomaly_forced_choice,ambiguous:ambigqa_train_3267103377301376828,ambiguous,0.0,anomaly_forced_choice,0.3775406777858734
definite_false:qb_936|alpha=0|measure=anomaly_forced_choice,definite_false:qb_936,definite_false,0.0,anomaly_forced_choice,0.8175744414329529
definite_false:bb_8893|alpha=0|measure=anomaly_forced_choice,definite_false:bb_8893,definite_false,0.0,anomaly_forced_choice,0.22270014882087708
definite_correct:wh_4041|alpha=0|measure=anomaly_forced_choice,definite_correct:wh_4041,definite_correct,0.0,anomaly_forced_choice,0.000552778597921133
ambiguous:user_ambiguous_043|alpha=0|measure=anomaly_forced_choice,ambiguous:user_ambiguous_043,ambiguous,0.0,anomaly_forced_choice,0.8807970285415649
ambiguous:user_ambiguous_015|alpha=0|measure=anomaly_forced_choice,ambiguous:user_ambiguous_015,ambiguous,0.0,anomaly_forced_choice,0.9525741338729858
definite_false:bb_8112|alpha=0|measure=anomaly_forced_choice,definite_false:bb_8112,definite_false,0.0,anomaly_forced_choice,0.6791787147521973
definite_correct:qz_3927|alpha=0|measure=anomaly_forced_choice,definite_correct:qz_3927,definite_correct,0.0,anomaly_forced_choice,0.0011695101857185364
definite_false:bb_981|alpha=0|measure=anomaly_forced_choice,definite_false:bb_981,definite_false,0.0,anomaly_forced_choice,0.9149009585380554
definite_correct:qb_2589|alpha=0|measure=anomaly_forced_choice,definite_correct:qb_2589,definite_correct,0.0,anomaly_forced_choice,0.01798621006309986
definite_correct:bb_810|alpha=0|measure=anomaly_forced_choice,definite_correct:bb_810,definite_correct,0.0,anomaly_forced_choice,0.0004305570910219103
definite_correct:bb_8732|alpha=0|measure=anomaly_forced_choice,definite_correct:bb_8732,definite_correct,0.0,anomaly_forced_choice,0.0004305570910219103
definite_correct:qw_45|alpha=0|measure=anomaly_forced_choice,definite_correct:qw_45,definite_correct,0.0,anomaly_forced_choice,0.04208773002028465
definite_false:wh_1706|alpha=0|measure=anomaly_forced_choice,definite_false:wh_1706,definite_false,0.0,anomaly_forced_choice,0.3775406777858734
ambiguous:user_ambiguous_056|alpha=0|measure=anomaly_forced_choice,ambiguous:user_ambiguous_056,ambiguous,0.0,anomaly_forced_choice,0.7772998809814453
ambiguous:user_ambiguous_025|alpha=0|measure=anomaly_forced_choice,ambiguous:user_ambiguous_025,ambiguous,0.0,anomaly_forced_choice,0.7772998809814453
definite_false:bb_4587|alpha=0|measure=anomaly_forced_choice,definite_false:bb_4587,definite_false,0.0,anomaly_forced_choice,0.9999251365661621
definite_correct:dpql_6083|alpha=0|measure=anomaly_forced_choice,definite_correct:dpql_6083,definite_correct,0.0,anomaly_forced_choice,0.10669060051441193
definite_correct:qb_4948|alpha=0|measure=anomaly_forced_choice,definite_correct:qb_4948,definite_correct,0.0,anomaly_forced_choice,0.04742587357759476
ambiguous:ambigqa_train_-5746040628732928353|alpha=0|measure=anomaly_forced_choice,ambiguous:ambigqa_train_-5746040628732928353,ambiguous,0.0,anomaly_forced_choice,0.622459352016449
definite_false:dpql_4754|alpha=0|measure=anomaly_forced_choice,definite_false:dpql_4754,definite_false,0.0,anomaly_forced_choice,0.998498797416687
definite_correct:dpql_633|alpha=0|measure=anomaly_forced_choice,definite_correct:dpql_633,definite_correct,0.0,anomaly_forced_choice,0.9669140577316284
ambiguous:user_ambiguous_026|alpha=0|measure=anomaly_forced_choice,ambiguous:user_ambiguous_026,ambiguous,0.0,anomaly_forced_choice,0.3775406777858734
ambiguous:user_ambiguous_069|alpha=0|measure=anomaly_forced_choice,ambiguous:user_ambiguous_069,ambiguous,0.0,anomaly_forced_choice,0.970687747001648
definite_false:qw_3500|alpha=0|measure=anomaly_forced_choice,definite_false:qw_3500,definite_false,0.0,anomaly_forced_choice,0.9046505093574524
definite_correct:qb_9452|alpha=0|measure=anomaly_forced_choice,definite_correct:qb_9452,definite_correct,0.0,anomaly_forced_choice,0.0004878571489825845
definite_correct:qw_5335|alpha=0|measure=anomaly_forced_choice,definite_correct:qw_5335,definite_correct,0.0,anomaly_forced_choice,0.11920291185379028
definite_correct:qb_4415|alpha=0|measure=anomaly_forced_choice,definite_correct:qb_4415,definite_correct,0.0,anomaly_forced_choice,0.0017007224960252643
definite_correct:qw_243|alpha=0|measure=anomaly_forced_choice,definite_correct:qw_243,definite_correct,0.0,anomaly_forced_choice,0.0008040859247557819
definite_false:qz_3440|alpha=0|measure=anomaly_forced_choice,definite_false:qz_3440,definite_false,0.0,anomaly_forced_choice,0.970687747001648
ambiguous:user_ambiguous_032|alpha=0|measure=anomaly_forced_choice,ambiguous:user_ambiguous_032,ambiguous,0.0,anomaly_forced_choice,0.014063626527786255
ambiguous:user_ambiguous_059|alpha=0|measure=anomaly_forced_choice,ambiguous:user_ambiguous_059,ambiguous,0.0,anomaly_forced_choice,0.4378235340118408
ambiguous:user_ambiguous_005|alpha=0|measure=anomaly_forced_choice,ambiguous:user_ambiguous_005,ambiguous,0.0,anomaly_forced_choice,0.8807970285415649
definite_false:qb_3427|alpha=0|measure=anomaly_forced_choice,definite_false:qb_3427,definite_false,0.0,anomaly_forced_choice,0.9996199607849121
definite_false:qb_6250|alpha=0|measure=anomaly_forced_choice,definite_false:qb_6250,definite_false,0.0,anomaly_forced_choice,0.9940890073776245
definite_correct:qw_1421|alpha=0|measure=anomaly_forced_choice,definite_correct:qw_1421,definite_correct,0.0,anomaly_forced_choice,0.2689414322376251
definite_correct:bb_2326|alpha=0|measure=anomaly_forced_choice,definite_correct:bb_2326,definite_correct,0.0,anomaly_forced_choice,0.00020342698553577065
ambiguous:user_ambiguous_033|alpha=0|measure=anomaly_forced_choice,ambiguous:user_ambiguous_033,ambiguous,0.0,anomaly_forced_choice,0.9953904151916504
definite_correct:dpql_2276|alpha=0|measure=anomaly_forced_choice,definite_correct:dpql_2276,definite_correct,0.0,anomaly_forced_choice,0.3208213150501251
definite_false:qw_4954|alpha=0|measure=anomaly_forced_choice,definite_false:qw_4954,definite_false,0.0,anomaly_forced_choice,0.9669140577316284
ambiguous:synthetic_ambiguity_c51d6353acd62fc1|alpha=0|measure=anomaly_forced_choice,ambiguous:synthetic_ambiguity_c51d6353acd62fc1,ambiguous,0.0,anomaly_forced_choice,0.11920291185379028
definite_false:wh_2424|alpha=0|measure=anomaly_forced_choice,definite_false:wh_2424,definite_false,0.0,anomaly_forced_choice,0.11920291185379028
ambiguous:synthetic_ambiguity_befa9c239cfadb1e|alpha=0|measure=anomaly_forced_choice,ambiguous:synthetic_ambiguity_befa9c239cfadb1e,ambiguous,0.0,anomaly_forced_choice,0.9975274205207825
definite_correct:tc_2317|alpha=0|measure=anomaly_forced_choice,definite_correct:tc_2317,definite_correct,0.0,anomaly_forced_choice,0.5
ambiguous:user_ambiguous_079|alpha=0|measure=anomaly_forced_choice,ambiguous:user_ambiguous_079,ambiguous,0.0,anomaly_forced_choice,0.8807970285415649
definite_correct:wh_3778|alpha=0|measure=anomaly_forced_choice,definite_correct:wh_3778,definite_correct,0.0,anomaly_forced_choice,9.610241977497935e-05
definite_false:tc_2556|alpha=0|measure=anomaly_forced_choice,definite_false:tc_2556,definite_false,0.0,anomaly_forced_choice,0.9982993006706238
ambiguous:synthetic_ambiguity_77277aded01ef92e|alpha=0|measure=anomaly_forced_choice,ambiguous:synthetic_ambiguity_77277aded01ef92e,ambiguous,0.0,anomaly_forced_choice,0.9933071732521057
ambiguous:user_ambiguous_017|alpha=0|measure=anomaly_forced_choice,ambiguous:user_ambiguous_017,ambiguous,0.0,anomaly_forced_choice,0.18242551386356354
definite_correct:qb_3684|alpha=0|measure=anomaly_forced_choice,definite_correct:qb_3684,definite_correct,0.0,anomaly_forced_choice,7.484622619813308e-05
ambiguous:ambigqa_train_4701094121253884727|alpha=0|measure=anomaly_forced_choice,ambiguous:ambigqa_train_4701094121253884727,ambiguous,0.0,anomaly_forced_choice,0.622459352016449
definite_false:dpql_3092|alpha=0|measure=anomaly_forced_choice,definite_false:dpql_3092,definite_false,0.0,anomaly_forced_choice,0.9997695088386536
definite_false:bb_77|alpha=0|measure=anomaly_forced_choice,definite_false:bb_77,definite_false,0.0,anomaly_forced_choice,0.9996199607849121
definite_false:qb_3987|alpha=0|measure=anomaly_forced_choice,definite_false:qb_3987,definite_false,0.0,anomaly_forced_choice,0.9669140577316284
definite_correct:qb_916|alpha=0|measure=anomaly_forced_choice,definite_correct:qb_916,definite_correct,0.0,anomaly_forced_choice,0.09534946084022522
definite_false:qb_5694|alpha=0|measure=anomaly_forced_choice,definite_false:qb_5694,definite_false,0.0,anomaly_forced_choice,0.9968273043632507
ambiguous:user_ambiguous_061|alpha=0|measure=anomaly_forced_choice,ambiguous:user_ambiguous_061,ambiguous,0.0,anomaly_forced_choice,0.00970847625285387
definite_correct:qb_4578|alpha=0|measure=anomaly_forced_choice,definite_correct:qb_4578,definite_correct,0.0,anomaly_forced_choice,0.0004878571489825845
definite_false:dpql_3319|alpha=0|measure=anomaly_forced_choice,definite_false:dpql_3319,definite_false,0.0,anomaly_forced_choice,0.9995121955871582
definite_correct:qb_3365|alpha=0|measure=anomaly_forced_choice,definite_correct:qb_3365,definite_correct,0.0,anomaly_forced_choice,0.053403329104185104
ambiguous:user_ambiguous_091|alpha=0|measure=anomaly_forced_choice,ambiguous:user_ambiguous_091,ambiguous,0.0,anomaly_forced_choice,0.977022647857666
ambiguous:user_ambiguous_036|alpha=0|measure=anomaly_forced_choice,ambiguous:user_ambiguous_036,ambiguous,0.0,anomaly_forced_choice,0.4378235340118408
definite_false:bb_2616|alpha=0|measure=anomaly_forced_choice,definite_false:bb_2616,definite_false,0.0,anomaly_forced_choice,0.9999251365661621
definite_false:qb_4446|alpha=0|measure=anomaly_forced_choice,definite_false:qb_4446,definite_false,0.0,anomaly_forced_choice,0.9980732202529907
ambiguous:ambigqa_train_6622540978806844416|alpha=0|measure=anomaly_forced_choice,ambiguous:ambigqa_train_6622540978806844416,ambiguous,0.0,anomaly_forced_choice,0.007577241398394108
definite_correct:tc_1284|alpha=0|measure=anomaly_forced_choice,definite_correct:tc_1284,definite_correct,0.0,anomaly_forced_choice,0.06754668802022934
definite_correct:qb_8861|alpha=0|measure=anomaly_forced_choice,definite_correct:qb_8861,definite_correct,0.0,anomaly_forced_choice,0.16451646387577057
ambiguous:user_ambiguous_042|alpha=0|measure=anomaly_forced_choice,ambiguous:user_ambiguous_042,ambiguous,0.0,anomaly_forced_choice,0.037326883524656296
ambiguous:synthetic_ambiguity_db564851e7629ffa|alpha=0|measure=anomaly_forced_choice,ambiguous:synthetic_ambiguity_db564851e7629ffa,ambiguous,0.0,anomaly_forced_choice,0.9740425944328308
definite_false:qb_4987|alpha=0|measure=anomaly_forced_choice,definite_false:qb_4987,definite_false,0.0,anomaly_forced_choice,0.9999545812606812
ambiguous:synthetic_ambiguity_0fb6efbc1bf0ec38|alpha=0|measure=anomaly_forced_choice,ambiguous:synthetic_ambiguity_0fb6efbc1bf0ec38,ambiguous,0.0,anomaly_forced_choice,0.8807970285415649
definite_false:qb_7085|alpha=0|measure=anomaly_forced_choice,definite_false:qb_7085,definite_false,0.0,anomaly_forced_choice,0.9968273043632507
definite_false:dpql_384|alpha=0|measure=anomaly_forced_choice,definite_false:dpql_384,definite_false,0.0,anomaly_forced_choice,0.8933094143867493
ambiguous:user_ambiguous_063|alpha=0|measure=anomaly_forced_choice,ambiguous:user_ambiguous_063,ambiguous,0.0,anomaly_forced_choice,0.9947799444198608
definite_false:dpql_2396|alpha=0|measure=anomaly_forced_choice,definite_false:dpql_2396,definite_false,0.0,anomaly_forced_choice,0.9626730680465698
definite_correct:qb_2148|alpha=0|measure=anomaly_forced_choice,definite_correct:qb_2148,definite_correct,0.0,anomaly_forced_choice,0.18242551386356354
ambiguous:user_ambiguous_049|alpha=0|measure=anomaly_forced_choice,ambiguous:user_ambiguous_049,ambiguous,0.0,anomaly_forced_choice,0.04742587357759476
definite_correct:qb_8250|alpha=0|measure=anomaly_forced_choice,definite_correct:qb_8250,definite_correct,0.0,anomaly_forced_choice,0.0004305570910219103
definite_false:qb_355|alpha=0|measure=anomaly_forced_choice,definite_false:qb_355,definite_false,0.0,anomaly_forced_choice,0.0035936026833951473
definite_correct:qb_6086|alpha=0|measure=anomaly_forced_choice,definite_correct:qb_6086,definite_correct,0.0,anomaly_forced_choice,0.00015843621804378927
definite_correct:qb_10132|alpha=0|measure=anomaly_forced_choice,definite_correct:qb_10132,definite_correct,0.0,anomaly_forced_choice,0.0001398220774717629
definite_false:bb_5317|alpha=0|measure=anomaly_forced_choice,definite_false:bb_5317,definite_false,0.0,anomaly_forced_choice,0.9840936064720154
ambiguous:user_ambiguous_094|alpha=0|measure=anomaly_forced_choice,ambiguous:user_ambiguous_094,ambiguous,0.0,anomaly_forced_choice,0.7772998809814453
definite_false:qw_3732|alpha=0|measure=anomaly_forced_choice,definite_false:qw_3732,definite_false,0.0,anomaly_forced_choice,0.053403329104185104
ambiguous:user_ambiguous_007|alpha=0|measure=anomaly_forced_choice,ambiguous:user_ambiguous_007,ambiguous,0.0,anomaly_forced_choice,0.970687747001648
ambiguous:user_ambiguous_090|alpha=0|measure=anomaly_forced_choice,ambiguous:user_ambiguous_090,ambiguous,0.0,anomaly_forced_choice,0.014063626527786255
definite_correct:qz_340|alpha=0|measure=anomaly_forced_choice,definite_correct:qz_340,definite_correct,0.0,anomaly_forced_choice,0.06008664891123772
ambiguous:user_ambiguous_018|alpha=0|measure=anomaly_forced_choice,ambiguous:user_ambiguous_018,ambiguous,0.0,anomaly_forced_choice,0.622459352016449
definite_false:qw_1298|alpha=0|measure=anomaly_forced_choice,definite_false:qw_1298,definite_false,0.0,anomaly_forced_choice,0.9975274205207825
ambiguous:user_ambiguous_071|alpha=0|measure=anomaly_forced_choice,ambiguous:user_ambiguous_071,ambiguous,0.0,anomaly_forced_choice,0.5
ambiguous:user_ambiguous_068|alpha=0|measure=anomaly_forced_choice,ambiguous:user_ambiguous_068,ambiguous,0.0,anomaly_forced_choice,0.9859364032745361
ambiguous:synthetic_ambiguity_d830565486f2d0b0|alpha=0|measure=anomaly_forced_choice,ambiguous:synthetic_ambiguity_d830565486f2d0b0,ambiguous,0.0,anomaly_forced_choice,0.8519527316093445
ambiguous:ambigqa_train_6967337893340565499|alpha=0|measure=anomaly_forced_choice,ambiguous:ambigqa_train_6967337893340565499,ambiguous,0.0,anomaly_forced_choice,0.7772998809814453
definite_false:qw_5610|alpha=0|measure=anomaly_forced_choice,definite_false:qw_5610,definite_false,0.0,anomaly_forced_choice,0.00970847625285387
definite_correct:bb_5094|alpha=0|measure=anomaly_forced_choice,definite_correct:bb_5094,definite_correct,0.0,anomaly_forced_choice,0.11920291185379028
ambiguous:ambigqa_train_-4829972042995259834|alpha=0|measure=anomaly_forced_choice,ambiguous:ambigqa_train_-4829972042995259834,ambiguous,0.0,anomaly_forced_choice,0.4378235340118408
definite_false:dpql_1695|alpha=0|measure=anomaly_forced_choice,definite_false:dpql_1695,definite_false,0.0,anomaly_forced_choice,0.9994471669197083
ambiguous:user_ambiguous_035|alpha=0|measure=anomaly_forced_choice,ambiguous:user_ambiguous_035,ambiguous,0.0,anomaly_forced_choice,0.8175744414329529
ambiguous:ambigqa_train_8480092557592561766|alpha=0|measure=anomaly_forced_choice,ambiguous:ambigqa_train_8480092557592561766,ambiguous,0.0,anomaly_forced_choice,0.9046505093574524
definite_false:bb_7609|alpha=0|measure=anomaly_forced_choice,definite_false:bb_7609,definite_false,0.0,anomaly_forced_choice,0.9980732202529907
definite_false:tc_2359|alpha=0|measure=anomaly_forced_choice,definite_false:tc_2359,definite_false,0.0,anomaly_forced_choice,0.8175744414329529
definite_false:qw_3161|alpha=0|measure=anomaly_forced_choice,definite_false:qw_3161,definite_false,0.0,anomaly_forced_choice,0.9998910427093506
ambiguous:user_ambiguous_019|alpha=0|measure=anomaly_forced_choice,ambiguous:user_ambiguous_019,ambiguous,0.0,anomaly_forced_choice,0.562176525592804
ambiguous:user_ambiguous_041|alpha=0|measure=anomaly_forced_choice,ambiguous:user_ambiguous_041,ambiguous,0.0,anomaly_forced_choice,0.04742587357759476
definite_correct:qb_365|alpha=0|measure=anomaly_forced_choice,definite_correct:qb_365,definite_correct,0.0,anomaly_forced_choice,8.481104305246845e-05
ambiguous:user_ambiguous_046|alpha=0|measure=anomaly_forced_choice,ambiguous:user_ambiguous_046,ambiguous,0.0,anomaly_forced_choice,0.04742587357759476
definite_correct:bb_5566|alpha=0|measure=anomaly_forced_choice,definite_correct:bb_5566,definite_correct,0.0,anomaly_forced_choice,0.0009110512328334153
definite_correct:qb_9283|alpha=0|measure=anomaly_forced_choice,definite_correct:qb_9283,definite_correct,0.0,anomaly_forced_choice,0.0015011822106316686
definite_correct:wh_1303|alpha=0|measure=anomaly_forced_choice,definite_correct:wh_1303,definite_correct,0.0,anomaly_forced_choice,9.610241977497935e-05
definite_correct:qb_2497|alpha=0|measure=anomaly_forced_choice,definite_correct:qb_2497,definite_correct,0.0,anomaly_forced_choice,0.09534946084022522
definite_false:qw_3344|alpha=0|measure=anomaly_forced_choice,definite_false:qw_3344,definite_false,0.0,anomaly_forced_choice,0.9989677667617798
definite_correct:qb_3191|alpha=0|measure=anomaly_forced_choice,definite_correct:qb_3191,definite_correct,0.0,anomaly_forced_choice,9.610241977497935e-05
definite_false:qb_919|alpha=0|measure=anomaly_forced_choice,definite_false:qb_919,definite_false,0.0,anomaly_forced_choice,0.6791787147521973
ambiguous:user_ambiguous_081|alpha=0|measure=anomaly_forced_choice,ambiguous:user_ambiguous_081,ambiguous,0.0,anomaly_forced_choice,0.977022647857666
ambiguous:user_ambiguous_078|alpha=0|measure=anomaly_forced_choice,ambiguous:user_ambiguous_078,ambiguous,0.0,anomaly_forced_choice,0.9399133324623108
definite_false:dpql_3827|alpha=0|measure=anomaly_forced_choice,definite_false:dpql_3827,definite_false,0.0,anomaly_forced_choice,0.9046505093574524
ambiguous:ambigqa_train_-4290930682953750669|alpha=0|measure=anomaly_forced_choice,ambiguous:ambigqa_train_-4290930682953750669,ambiguous,0.0,anomaly_forced_choice,0.007577241398394108
definite_correct:bb_500|alpha=0|measure=anomaly_forced_choice,definite_correct:bb_500,definite_correct,0.0,anomaly_forced_choice,0.622459352016449
ambiguous:ambigqa_train_-2840611200472199951|alpha=0|measure=anomaly_forced_choice,ambiguous:ambigqa_train_-2840611200472199951,ambiguous,0.0,anomaly_forced_choice,0.9890130758285522
ambiguous:ambigqa_dev_2248395039731877618|alpha=0|measure=anomaly_forced_choice,ambiguous:ambigqa_dev_2248395039731877618,ambiguous,0.0,anomaly_forced_choice,0.18242551386356354
ambiguous:user_ambiguous_038|alpha=0|measure=anomaly_forced_choice,ambiguous:user_ambiguous_038,ambiguous,0.0,anomaly_forced_choice,0.9046505093574524
ambiguous:synthetic_ambiguity_39e9eaa2e03e1780|alpha=0|measure=anomaly_forced_choice,ambiguous:synthetic_ambiguity_39e9eaa2e03e1780,ambiguous,0.0,anomaly_forced_choice,0.9947799444198608
ambiguous:user_ambiguous_016|alpha=0|measure=anomaly_forced_choice,ambiguous:user_ambiguous_016,ambiguous,0.0,anomaly_forced_choice,0.970687747001648
definite_false:bb_4519|alpha=0|measure=anomaly_forced_choice,definite_false:bb_4519,definite_false,0.0,anomaly_forced_choice,0.8933094143867493
definite_correct:qb_34|alpha=0|measure=anomaly_forced_choice,definite_correct:qb_34,definite_correct,0.0,anomaly_forced_choice,0.07585818320512772
definite_correct:bb_1135|alpha=0|measure=anomaly_forced_choice,definite_correct:bb_1135,definite_correct,0.0,anomaly_forced_choice,0.014063626527786255
ambiguous:user_ambiguous_064|alpha=0|measure=anomaly_forced_choice,ambiguous:user_ambiguous_064,ambiguous,0.0,anomaly_forced_choice,0.9953904151916504
definite_false:qw_3353|alpha=0|measure=anomaly_forced_choice,definite_false:qw_3353,definite_false,0.0,anomaly_forced_choice,0.9890130758285522
definite_correct:qb_2932|alpha=0|measure=anomaly_forced_choice,definite_correct:qb_2932,definite_correct,0.0,anomaly_forced_choice,7.484622619813308e-05
definite_false:wh_3277|alpha=0|measure=anomaly_forced_choice,definite_false:wh_3277,definite_false,0.0,anomaly_forced_choice,0.9968273043632507
ambiguous:ambigqa_train_-282133277527244056|alpha=0|measure=anomaly_forced_choice,ambiguous:ambigqa_train_-282133277527244056,ambiguous,0.0,anomaly_forced_choice,0.008577484637498856
definite_correct:qb_2934|alpha=0|measure=anomaly_forced_choice,definite_correct:qb_2934,definite_correct,0.0,anomaly_forced_choice,0.022977370768785477
ambiguous:user_ambiguous_048|alpha=0|measure=anomaly_forced_choice,ambiguous:user_ambiguous_048,ambiguous,0.0,anomaly_forced_choice,0.622459352016449
definite_false:dpql_4977|alpha=0|measure=anomaly_forced_choice,definite_false:dpql_4977,definite_false,0.0,anomaly_forced_choice,0.0004305570910219103
definite_false:wh_451|alpha=0|measure=anomaly_forced_choice,definite_false:wh_451,definite_false,0.0,anomaly_forced_choice,0.9997387528419495
definite_false:dpql_3912|alpha=0|measure=anomaly_forced_choice,definite_false:dpql_3912,definite_false,0.0,anomaly_forced_choice,0.9840936064720154
definite_correct:qb_7271|alpha=0|measure=anomaly_forced_choice,definite_correct:qb_7271,definite_correct,0.0,anomaly_forced_choice,0.0001795279822545126
definite_correct:bb_6117|alpha=0|measure=anomaly_forced_choice,definite_correct:bb_6117,definite_correct,0.0,anomaly_forced_choice,2.4300239601871e-05
definite_correct:qb_9954|alpha=0|measure=anomaly_forced_choice,definite_correct:qb_9954,definite_correct,0.0,anomaly_forced_choice,0.00023050671734381467
ambiguous:user_ambiguous_062|alpha=0|measure=anomaly_forced_choice,ambiguous:user_ambiguous_062,ambiguous,0.0,anomaly_forced_choice,0.7981867790222168
ambiguous:user_ambiguous_027|alpha=0|measure=anomaly_forced_choice,ambiguous:user_ambiguous_027,ambiguous,0.0,anomaly_forced_choice,0.9046505093574524
definite_false:qb_2901|alpha=0|measure=anomaly_forced_choice,definite_false:qb_2901,definite_false,0.0,anomaly_forced_choice,0.9999039173126221
ambiguous:ambigqa_train_-4847378126974715981|alpha=0|measure=anomaly_forced_choice,ambiguous:ambigqa_train_-4847378126974715981,ambiguous,0.0,anomaly_forced_choice,0.622459352016449
definite_false:qb_2329|alpha=0|measure=anomaly_forced_choice,definite_false:qb_2329,definite_false,0.0,anomaly_forced_choice,0.9890130758285522
definite_correct:dpql_971|alpha=0|measure=anomaly_forced_choice,definite_correct:dpql_971,definite_correct,0.0,anomaly_forced_choice,0.8175744414329529
definite_correct:qw_2634|alpha=0|measure=anomaly_forced_choice,definite_correct:qw_2634,definite_correct,0.0,anomaly_forced_choice,0.07585818320512772
definite_correct:qb_650|alpha=0|measure=anomaly_forced_choice,definite_correct:qb_650,definite_correct,0.0,anomaly_forced_choice,0.7772998809814453
definite_false:qw_3344|alpha=5|measure=anomaly_forced_choice,definite_false:qw_3344,definite_false,5.0,anomaly_forced_choice,0.9964063763618469
definite_false:qb_3987|alpha=5|measure=anomaly_forced_choice,definite_false:qb_3987,definite_false,5.0,anomaly_forced_choice,0.3775406777858734
definite_correct:bb_2326|alpha=5|measure=anomaly_forced_choice,definite_correct:bb_2326,definite_correct,5.0,anomaly_forced_choice,0.00012339458044152707
definite_correct:qb_6665|alpha=5|measure=anomaly_forced_choice,definite_correct:qb_6665,definite_correct,5.0,anomaly_forced_choice,0.0009110512328334153
definite_false:qb_2370|alpha=5|measure=anomaly_forced_choice,definite_false:qb_2370,definite_false,5.0,anomaly_forced_choice,0.4378235340118408
ambiguous:ambigqa_train_-5327098669371634148|alpha=5|measure=anomaly_forced_choice,ambiguous:ambigqa_train_-5327098669371634148,ambiguous,5.0,anomaly_forced_choice,0.8175744414329529
definite_false:tc_349|alpha=5|measure=anomaly_forced_choice,definite_false:tc_349,definite_false,5.0,anomaly_forced_choice,0.7310585975646973
ambiguous:user_ambiguous_045|alpha=5|measure=anomaly_forced_choice,ambiguous:user_ambiguous_045,ambiguous,5.0,anomaly_forced_choice,0.005911069456487894
ambiguous:user_ambiguous_059|alpha=5|measure=anomaly_forced_choice,ambiguous:user_ambiguous_059,ambiguous,5.0,anomaly_forced_choice,0.037326883524656296
definite_correct:qb_3365|alpha=5|measure=anomaly_forced_choice,definite_correct:qb_3365,definite_correct,5.0,anomaly_forced_choice,0.04208773002028465
definite_correct:tc_1284|alpha=5|measure=anomaly_forced_choice,definite_correct:tc_1284,definite_correct,5.0,anomaly_forced_choice,0.053403329104185104
ambiguous:synthetic_ambiguity_39e9eaa2e03e1780|alpha=5|measure=anomaly_forced_choice,ambiguous:synthetic_ambiguity_39e9eaa2e03e1780,ambiguous,5.0,anomaly_forced_choice,0.9840936064720154
ambiguous:ambigqa_train_-5746040628732928353|alpha=5|measure=anomaly_forced_choice,ambiguous:ambigqa_train_-5746040628732928353,ambiguous,5.0,anomaly_forced_choice,0.4378235340118408
definite_correct:qb_2589|alpha=5|measure=anomaly_forced_choice,definite_correct:qb_2589,definite_correct,5.0,anomaly_forced_choice,0.00970847625285387
definite_false:qb_919|alpha=5|measure=anomaly_forced_choice,definite_false:qb_919,definite_false,5.0,anomaly_forced_choice,0.14804719388484955
definite_false:qb_7085|alpha=5|measure=anomaly_forced_choice,definite_false:qb_7085,definite_false,5.0,anomaly_forced_choice,0.9902915358543396
definite_false:wh_527|alpha=5|measure=anomaly_forced_choice,definite_false:wh_527,definite_false,5.0,anomaly_forced_choice,0.9995694756507874
definite_correct:wh_1933|alpha=5|measure=anomaly_forced_choice,definite_correct:wh_1933,definite_correct,5.0,anomaly_forced_choice,0.0009110512328334153
ambiguous:user_ambiguous_089|alpha=5|measure=anomaly_forced_choice,ambiguous:user_ambiguous_089,ambiguous,5.0,anomaly_forced_choice,0.6791787147521973
definite_correct:qb_10132|alpha=5|measure=anomaly_forced_choice,definite_correct:qb_10132,definite_correct,5.0,anomaly_forced_choice,0.0001398220774717629
definite_correct:qb_4415|alpha=5|measure=anomaly_forced_choice,definite_correct:qb_4415,definite_correct,5.0,anomaly_forced_choice,0.0008040859247557819
definite_false:bb_2616|alpha=5|measure=anomaly_forced_choice,definite_false:bb_2616,definite_false,5.0,anomaly_forced_choice,0.9999039173126221
definite_correct:bb_9184|alpha=5|measure=anomaly_forced_choice,definite_correct:bb_9184,definite_correct,5.0,anomaly_forced_choice,0.06754668802022934
ambiguous:ambigqa_dev_2248395039731877618|alpha=5|measure=anomaly_forced_choice,ambiguous:ambigqa_dev_2248395039731877618,ambiguous,5.0,anomaly_forced_choice,0.14804719388484955
ambiguous:user_ambiguous_008|alpha=5|measure=anomaly_forced_choice,ambiguous:user_ambiguous_008,ambiguous,5.0,anomaly_forced_choice,0.3208213150501251
ambiguous:user_ambiguous_091|alpha=5|measure=anomaly_forced_choice,ambiguous:user_ambiguous_091,ambiguous,5.0,anomaly_forced_choice,0.8933094143867493
definite_false:bb_6487|alpha=5|measure=anomaly_forced_choice,definite_false:bb_6487,definite_false,5.0,anomaly_forced_choice,0.622459352016449
ambiguous:user_ambiguous_017|alpha=5|measure=anomaly_forced_choice,ambiguous:user_ambiguous_017,ambiguous,5.0,anomaly_forced_choice,0.04742587357759476
definite_false:qb_2899|alpha=5|measure=anomaly_forced_choice,definite_false:qb_2899,definite_false,5.0,anomaly_forced_choice,0.8175744414329529
ambiguous:user_ambiguous_007|alpha=5|measure=anomaly_forced_choice,ambiguous:user_ambiguous_007,ambiguous,5.0,anomaly_forced_choice,0.7310585975646973
ambiguous:ambigqa_train_-282133277527244056|alpha=5|measure=anomaly_forced_choice,ambiguous:ambigqa_train_-282133277527244056,ambiguous,5.0,anomaly_forced_choice,0.006692850962281227
definite_false:bb_2489|alpha=5|measure=anomaly_forced_choice,definite_false:bb_2489,definite_false,5.0,anomaly_forced_choice,0.04742587357759476
definite_correct:qw_859|alpha=5|measure=anomaly_forced_choice,definite_correct:qw_859,definite_correct,5.0,anomaly_forced_choice,0.9875683188438416
ambiguous:user_ambiguous_020|alpha=5|measure=anomaly_forced_choice,ambiguous:user_ambiguous_020,ambiguous,5.0,anomaly_forced_choice,0.2018132209777832
definite_correct:bb_436|alpha=5|measure=anomaly_forced_choice,definite_correct:bb_436,definite_correct,5.0,anomaly_forced_choice,0.0004878571489825845
definite_false:bb_1220|alpha=5|measure=anomaly_forced_choice,definite_false:bb_1220,definite_false,5.0,anomaly_forced_choice,0.9995121955871582
ambiguous:user_ambiguous_015|alpha=5|measure=anomaly_forced_choice,ambiguous:user_ambiguous_015,ambiguous,5.0,anomaly_forced_choice,0.8175744414329529
ambiguous:user_ambiguous_042|alpha=5|measure=anomaly_forced_choice,ambiguous:user_ambiguous_042,ambiguous,5.0,anomaly_forced_choice,0.012431650422513485
definite_correct:tc_955|alpha=5|measure=anomaly_forced_choice,definite_correct:tc_955,definite_correct,5.0,anomaly_forced_choice,0.22270014882087708
ambiguous:ambigqa_train_8846306718324708097|alpha=5|measure=anomaly_forced_choice,ambiguous:ambigqa_train_8846306718324708097,ambiguous,5.0,anomaly_forced_choice,0.0035936026833951473
definite_correct:dpql_971|alpha=5|measure=anomaly_forced_choice,definite_correct:dpql_971,definite_correct,5.0,anomaly_forced_choice,0.09534946084022522
definite_false:bb_4598|alpha=5|measure=anomaly_forced_choice,definite_false:bb_4598,definite_false,5.0,anomaly_forced_choice,0.3208213150501251
definite_correct:qz_3927|alpha=5|measure=anomaly_forced_choice,definite_correct:qz_3927,definite_correct,5.0,anomaly_forced_choice,0.0008040859247557819
definite_correct:qw_1068|alpha=5|measure=anomaly_forced_choice,definite_correct:qw_1068,definite_correct,5.0,anomaly_forced_choice,0.0013250223128125072
ambiguous:user_ambiguous_060|alpha=5|measure=anomaly_forced_choice,ambiguous:user_ambiguous_060,ambiguous,5.0,anomaly_forced_choice,0.04208773002028465
ambiguous:user_ambiguous_032|alpha=5|measure=anomaly_forced_choice,ambiguous:user_ambiguous_032,ambiguous,5.0,anomaly_forced_choice,0.01798621006309986
definite_false:qb_9244|alpha=5|measure=anomaly_forced_choice,definite_false:qb_9244,definite_false,5.0,anomaly_forced_choice,0.22270014882087708
definite_false:qw_3500|alpha=5|measure=anomaly_forced_choice,definite_false:qw_3500,definite_false,5.0,anomaly_forced_choice,0.3775406777858734
definite_correct:qb_2934|alpha=5|measure=anomaly_forced_choice,definite_correct:qb_2934,definite_correct,5.0,anomaly_forced_choice,0.014063626527786255
definite_correct:qb_7921|alpha=5|measure=anomaly_forced_choice,definite_correct:qb_7921,definite_correct,5.0,anomaly_forced_choice,0.04208773002028465
definite_correct:qb_8074|alpha=5|measure=anomaly_forced_choice,definite_correct:qb_8074,definite_correct,5.0,anomaly_forced_choice,0.01590639166533947
definite_correct:dpql_3467|alpha=5|measure=anomaly_forced_choice,definite_correct:dpql_3467,definite_correct,5.0,anomaly_forced_choice,0.0019267345778644085
ambiguous:user_ambiguous_043|alpha=5|measure=anomaly_forced_choice,ambiguous:user_ambiguous_043,ambiguous,5.0,anomaly_forced_choice,0.7772998809814453
ambiguous:user_ambiguous_100|alpha=5|measure=anomaly_forced_choice,ambiguous:user_ambiguous_100,ambiguous,5.0,anomaly_forced_choice,0.6791787147521973
ambiguous:ambigqa_train_4701094121253884727|alpha=5|measure=anomaly_forced_choice,ambiguous:ambigqa_train_4701094121253884727,ambiguous,5.0,anomaly_forced_choice,0.29421496391296387
definite_false:tc_1535|alpha=5|measure=anomaly_forced_choice,definite_false:tc_1535,definite_false,5.0,anomaly_forced_choice,0.9525741338729858
definite_false:qw_5298|alpha=5|measure=anomaly_forced_choice,definite_false:qw_5298,definite_false,5.0,anomaly_forced_choice,0.9959298968315125
ambiguous:user_ambiguous_034|alpha=5|measure=anomaly_forced_choice,ambiguous:user_ambiguous_034,ambiguous,5.0,anomaly_forced_choice,0.022977370768785477
definite_false:dpql_4053|alpha=5|measure=anomaly_forced_choice,definite_false:dpql_4053,definite_false,5.0,anomaly_forced_choice,0.9986749291419983
ambiguous:user_ambiguous_082|alpha=5|measure=anomaly_forced_choice,ambiguous:user_ambiguous_082,ambiguous,5.0,anomaly_forced_choice,0.9859364032745361
definite_false:bb_3805|alpha=5|measure=anomaly_forced_choice,definite_false:bb_3805,definite_false,5.0,anomaly_forced_choice,0.04208773002028465
definite_false:qz_1393|alpha=5|measure=anomaly_forced_choice,definite_false:qz_1393,definite_false,5.0,anomaly_forced_choice,0.9997965693473816
definite_correct:dpql_3447|alpha=5|measure=anomaly_forced_choice,definite_correct:dpql_3447,definite_correct,5.0,anomaly_forced_choice,0.0007096704212017357
ambiguous:ambigqa_train_4887157859291163116|alpha=5|measure=anomaly_forced_choice,ambiguous:ambigqa_train_4887157859291163116,ambiguous,5.0,anomaly_forced_choice,0.8519527316093445
definite_correct:bb_5550|alpha=5|measure=anomaly_forced_choice,definite_correct:bb_5550,definite_correct,5.0,anomaly_forced_choice,0.24508501589298248
definite_correct:wh_1303|alpha=5|measure=anomaly_forced_choice,definite_correct:wh_1303,definite_correct,5.0,anomaly_forced_choice,8.481104305246845e-05
definite_correct:qb_916|alpha=5|measure=anomaly_forced_choice,definite_correct:qb_916,definite_correct,5.0,anomaly_forced_choice,0.04742587357759476
definite_correct:qz_1139|alpha=5|measure=anomaly_forced_choice,definite_correct:qz_1139,definite_correct,5.0,anomaly_forced_choice,0.07585818320512772
definite_false:bb_4519|alpha=5|measure=anomaly_forced_choice,definite_false:bb_4519,definite_false,5.0,anomaly_forced_choice,0.02931223064661026
definite_correct:bb_2920|alpha=5|measure=anomaly_forced_choice,definite_correct:bb_2920,definite_correct,5.0,anomaly_forced_choice,0.0004878571489825845
definite_false:dpql_4754|alpha=5|measure=anomaly_forced_choice,definite_false:dpql_4754,definite_false,5.0,anomaly_forced_choice,0.9525741338729858
definite_correct:qb_365|alpha=5|measure=anomaly_forced_choice,definite_correct:qb_365,definite_correct,5.0,anomaly_forced_choice,9.610241977497935e-05
definite_false:tc_2556|alpha=5|measure=anomaly_forced_choice,definite_false:tc_2556,definite_false,5.0,anomaly_forced_choice,0.9626730680465698
definite_false:qb_2901|alpha=5|measure=anomaly_forced_choice,definite_false:qb_2901,definite_false,5.0,anomaly_forced_choice,0.9996646642684937
definite_false:dpql_2396|alpha=5|measure=anomaly_forced_choice,definite_false:dpql_2396,definite_false,5.0,anomaly_forced_choice,0.7310585975646973
definite_false:dpql_3827|alpha=5|measure=anomaly_forced_choice,definite_false:dpql_3827,definite_false,5.0,anomaly_forced_choice,0.08509904891252518
definite_false:bb_596|alpha=5|measure=anomaly_forced_choice,definite_false:bb_596,definite_false,5.0,anomaly_forced_choice,0.9975274205207825
ambiguous:synthetic_ambiguity_d830565486f2d0b0|alpha=5|measure=anomaly_forced_choice,ambiguous:synthetic_ambiguity_d830565486f2d0b0,ambiguous,5.0,anomaly_forced_choice,0.2689414322376251
definite_false:dpql_384|alpha=5|measure=anomaly_forced_choice,definite_false:dpql_384,definite_false,5.0,anomaly_forced_choice,0.29421496391296387
definite_false:wh_2928|alpha=5|measure=anomaly_forced_choice,definite_false:wh_2928,definite_false,5.0,anomaly_forced_choice,0.6791787147521973
ambiguous:user_ambiguous_005|alpha=5|measure=anomaly_forced_choice,ambiguous:user_ambiguous_005,ambiguous,5.0,anomaly_forced_choice,0.562176525592804
definite_false:qb_4397|alpha=5|measure=anomaly_forced_choice,definite_false:qb_4397,definite_false,5.0,anomaly_forced_choice,0.7310585975646973
ambiguous:ambigqa_train_-6821663518687506172|alpha=5|measure=anomaly_forced_choice,ambiguous:ambigqa_train_-6821663518687506172,ambiguous,5.0,anomaly_forced_choice,0.012431650422513485
definite_correct:bb_6465|alpha=5|measure=anomaly_forced_choice,definite_correct:bb_6465,definite_correct,5.0,anomaly_forced_choice,0.0007096704212017357
definite_false:bb_968|alpha=5|measure=anomaly_forced_choice,definite_false:bb_968,definite_false,5.0,anomaly_forced_choice,0.8807970285415649
ambiguous:ambigqa_dev_-2861341002123248407|alpha=5|measure=anomaly_forced_choice,ambiguous:ambigqa_dev_-2861341002123248407,ambiguous,5.0,anomaly_forced_choice,0.9947799444198608
definite_correct:qw_393|alpha=5|measure=anomaly_forced_choice,definite_correct:qw_393,definite_correct,5.0,anomaly_forced_choice,0.09534946084022522
definite_false:bb_5659|alpha=5|measure=anomaly_forced_choice,definite_false:bb_5659,definite_false,5.0,anomaly_forced_choice,0.9241418242454529
definite_correct:qb_650|alpha=5|measure=anomaly_forced_choice,definite_correct:qb_650,definite_correct,5.0,anomaly_forced_choice,0.3775406777858734
definite_correct:tc_1602|alpha=5|measure=anomaly_forced_choice,definite_correct:tc_1602,definite_correct,5.0,anomaly_forced_choice,0.3208213150501251
definite_correct:bb_1135|alpha=5|measure=anomaly_forced_choice,definite_correct:bb_1135,definite_correct,5.0,anomaly_forced_choice,0.012431650422513485
definite_false:dpql_3092|alpha=5|measure=anomaly_forced_choice,definite_false:dpql_3092,definite_false,5.0,anomaly_forced_choice,0.9980732202529907
definite_correct:wh_51|alpha=5|measure=anomaly_forced_choice,definite_correct:wh_51,definite_correct,5.0,anomaly_forced_choice,0.0017007224960252643
ambiguous:user_ambiguous_026|alpha=5|measure=anomaly_forced_choice,ambiguous:user_ambiguous_026,ambiguous,5.0,anomaly_forced_choice,0.06008664891123772
ambiguous:user_ambiguous_079|alpha=5|measure=anomaly_forced_choice,ambiguous:user_ambiguous_079,ambiguous,5.0,anomaly_forced_choice,0.8807970285415649
definite_false:qw_1298|alpha=5|measure=anomaly_forced_choice,definite_false:qw_1298,definite_false,5.0,anomaly_forced_choice,0.9626730680465698
ambiguous:user_ambiguous_093|alpha=5|measure=anomaly_forced_choice,ambiguous:user_ambiguous_093,ambiguous,5.0,anomaly_forced_choice,0.6791787147521973
definite_correct:dpql_5223|alpha=5|measure=anomaly_forced_choice,definite_correct:dpql_5223,definite_correct,5.0,anomaly_forced_choice,0.09534946084022522
ambiguous:user_ambiguous_064|alpha=5|measure=anomaly_forced_choice,ambiguous:user_ambiguous_064,ambiguous,5.0,anomaly_forced_choice,0.9626730680465698
ambiguous:user_ambiguous_024|alpha=5|measure=anomaly_forced_choice,ambiguous:user_ambiguous_024,ambiguous,5.0,anomaly_forced_choice,0.3775406777858734
definite_correct:qb_8250|alpha=5|measure=anomaly_forced_choice,definite_correct:qb_8250,definite_correct,5.0,anomaly_forced_choice,0.00029595711384899914
ambiguous:user_ambiguous_016|alpha=5|measure=anomaly_forced_choice,ambiguous:user_ambiguous_016,ambiguous,5.0,anomaly_forced_choice,0.8519527316093445
ambiguous:user_ambiguous_027|alpha=5|measure=anomaly_forced_choice,ambiguous:user_ambiguous_027,ambiguous,5.0,anomaly_forced_choice,0.622459352016449
definite_correct:qb_3191|alpha=5|measure=anomaly_forced_choice,definite_correct:qb_3191,definite_correct,5.0,anomaly_forced_choice,0.00010889690020121634
ambiguous:synthetic_ambiguity_7462141d7ff09177|alpha=5|measure=anomaly_forced_choice,ambiguous:synthetic_ambiguity_7462141d7ff09177,ambiguous,5.0,anomaly_forced_choice,0.4378235340118408
definite_correct:qb_2151|alpha=5|measure=anomaly_forced_choice,definite_correct:qb_2151,definite_correct,5.0,anomaly_forced_choice,7.484622619813308e-05
ambiguous:user_ambiguous_012|alpha=5|measure=anomaly_forced_choice,ambiguous:user_ambiguous_012,ambiguous,5.0,anomaly_forced_choice,0.9399133324623108
definite_false:bb_981|alpha=5|measure=anomaly_forced_choice,definite_false:bb_981,definite_false,5.0,anomaly_forced_choice,0.3208213150501251
definite_correct:qw_1816|alpha=5|measure=anomaly_forced_choice,definite_correct:qw_1816,definite_correct,5.0,anomaly_forced_choice,0.11920291185379028
definite_false:qb_4446|alpha=5|measure=anomaly_forced_choice,definite_false:qb_4446,definite_false,5.0,anomaly_forced_choice,0.8807970285415649
definite_false:qb_3225|alpha=5|measure=anomaly_forced_choice,definite_false:qb_3225,definite_false,5.0,anomaly_forced_choice,0.037326883524656296
definite_correct:qb_4336|alpha=5|measure=anomaly_forced_choice,definite_correct:qb_4336,definite_correct,5.0,anomaly_forced_choice,5.829126530443318e-05
definite_correct:dpql_6346|alpha=5|measure=anomaly_forced_choice,definite_correct:dpql_6346,definite_correct,5.0,anomaly_forced_choice,0.3208213150501251
ambiguous:user_ambiguous_029|alpha=5|measure=anomaly_forced_choice,ambiguous:user_ambiguous_029,ambiguous,5.0,anomaly_forced_choice,0.9820137619972229
definite_correct:qb_5063|alpha=5|measure=anomaly_forced_choice,definite_correct:qb_5063,definite_correct,5.0,anomaly_forced_choice,0.16451646387577057
ambiguous:user_ambiguous_046|alpha=5|measure=anomaly_forced_choice,ambiguous:user_ambiguous_046,ambiguous,5.0,anomaly_forced_choice,0.010986942797899246
ambiguous:user_ambiguous_050|alpha=5|measure=anomaly_forced_choice,ambiguous:user_ambiguous_050,ambiguous,5.0,anomaly_forced_choice,0.9525741338729858
ambiguous:user_ambiguous_056|alpha=5|measure=anomaly_forced_choice,ambiguous:user_ambiguous_056,ambiguous,5.0,anomaly_forced_choice,0.18242551386356354
ambiguous:synthetic_ambiguity_127bbb74d142df4c|alpha=5|measure=anomaly_forced_choice,ambiguous:synthetic_ambiguity_127bbb74d142df4c,ambiguous,5.0,anomaly_forced_choice,0.8354835510253906
definite_false:qw_3582|alpha=5|measure=anomaly_forced_choice,definite_false:qw_3582,definite_false,5.0,anomaly_forced_choice,0.7310585975646973
definite_correct:qb_7271|alpha=5|measure=anomaly_forced_choice,definite_correct:qb_7271,definite_correct,5.0,anomaly_forced_choice,0.00012339458044152707
definite_correct:dpql_2538|alpha=5|measure=anomaly_forced_choice,definite_correct:dpql_2538,definite_correct,5.0,anomaly_forced_choice,0.00029595711384899914
definite_false:qw_3161|alpha=5|measure=anomaly_forced_choice,definite_false:qw_3161,definite_false,5.0,anomaly_forced_choice,0.9986749291419983
definite_false:dpql_5545|alpha=5|measure=anomaly_forced_choice,definite_false:dpql_5545,definite_false,5.0,anomaly_forced_choice,0.9820137619972229
definite_correct:qw_132|alpha=5|measure=anomaly_forced_choice,definite_correct:qw_132,definite_correct,5.0,anomaly_forced_choice,0.3208213150501251
definite_correct:dpql_633|alpha=5|measure=anomaly_forced_choice,definite_correct:dpql_633,definite_correct,5.0,anomaly_forced_choice,0.8933094143867493
ambiguous:ambigqa_dev_-2928173928559810904|alpha=5|measure=anomaly_forced_choice,ambiguous:ambigqa_dev_-2928173928559810904,ambiguous,5.0,anomaly_forced_choice,0.005911069456487894
definite_correct:qb_299|alpha=5|measure=anomaly_forced_choice,definite_correct:qb_299,definite_correct,5.0,anomaly_forced_choice,0.02931223064661026
ambiguous:synthetic_ambiguity_736399f8375cbe45|alpha=5|measure=anomaly_forced_choice,ambiguous:synthetic_ambiguity_736399f8375cbe45,ambiguous,5.0,anomaly_forced_choice,0.4378235340118408
ambiguous:user_ambiguous_081|alpha=5|measure=anomaly_forced_choice,ambiguous:user_ambiguous_081,ambiguous,5.0,anomaly_forced_choice,0.957912266254425
definite_false:qw_4953|alpha=5|measure=anomaly_forced_choice,definite_false:qw_4953,definite_false,5.0,anomaly_forced_choice,0.9989677667617798
definite_false:tc_2728|alpha=5|measure=anomaly_forced_choice,definite_false:tc_2728,definite_false,5.0,anomaly_forced_choice,0.9989677667617798
definite_false:qw_2399|alpha=5|measure=anomaly_forced_choice,definite_false:qw_2399,definite_false,5.0,anomaly_forced_choice,0.9978172779083252
definite_correct:qw_243|alpha=5|measure=anomaly_forced_choice,definite_correct:qw_243,definite_correct,5.0,anomaly_forced_choice,0.0002611903182696551
definite_false:bb_6668|alpha=5|measure=anomaly_forced_choice,definite_false:bb_6668,definite_false,5.0,anomaly_forced_choice,0.9149009585380554
definite_false:tc_2506|alpha=5|measure=anomaly_forced_choice,definite_false:tc_2506,definite_false,5.0,anomaly_forced_choice,0.14804719388484955
definite_correct:dpql_216|alpha=5|measure=anomaly_forced_choice,definite_correct:dpql_216,definite_correct,5.0,anomaly_forced_choice,0.01798621006309986
ambiguous:user_ambiguous_025|alpha=5|measure=anomaly_forced_choice,ambiguous:user_ambiguous_025,ambiguous,5.0,anomaly_forced_choice,0.14804719388484955
ambiguous:user_ambiguous_071|alpha=5|measure=anomaly_forced_choice,ambiguous:user_ambiguous_071,ambiguous,5.0,anomaly_forced_choice,0.562176525592804
ambiguous:user_ambiguous_019|alpha=5|measure=anomaly_forced_choice,ambiguous:user_ambiguous_019,ambiguous,5.0,anomaly_forced_choice,0.24508501589298248
definite_false:dpql_1059|alpha=5|measure=anomaly_forced_choice,definite_false:dpql_1059,definite_false,5.0,anomaly_forced_choice,0.5
definite_false:tc_2359|alpha=5|measure=anomaly_forced_choice,definite_false:tc_2359,definite_false,5.0,anomaly_forced_choice,0.3775406777858734
definite_false:qz_2428|alpha=5|measure=anomaly_forced_choice,definite_false:qz_2428,definite_false,5.0,anomaly_forced_choice,0.2689414322376251
definite_false:dpql_3912|alpha=5|measure=anomaly_forced_choice,definite_false:dpql_3912,definite_false,5.0,anomaly_forced_choice,0.6791787147521973
ambiguous:synthetic_ambiguity_c51d6353acd62fc1|alpha=5|measure=anomaly_forced_choice,ambiguous:synthetic_ambiguity_c51d6353acd62fc1,ambiguous,5.0,anomaly_forced_choice,0.020332353189587593
ambiguous:user_ambiguous_073|alpha=5|measure=anomaly_forced_choice,ambiguous:user_ambiguous_073,ambiguous,5.0,anomaly_forced_choice,0.9399133324623108
definite_correct:dpql_2276|alpha=5|measure=anomaly_forced_choice,definite_correct:dpql_2276,definite_correct,5.0,anomaly_forced_choice,0.16451646387577057
definite_false:qw_6106|alpha=5|measure=anomaly_forced_choice,definite_false:qw_6106,definite_false,5.0,anomaly_forced_choice,0.9986749291419983
definite_false:qb_3427|alpha=5|measure=anomaly_forced_choice,definite_false:qb_3427,definite_false,5.0,anomaly_forced_choice,0.9989677667617798
ambiguous:user_ambiguous_036|alpha=5|measure=anomaly_forced_choice,ambiguous:user_ambiguous_036,ambiguous,5.0,anomaly_forced_choice,0.03308597952127457
definite_false:qb_6250|alpha=5|measure=anomaly_forced_choice,definite_false:qb_6250,definite_false,5.0,anomaly_forced_choice,0.9465966820716858
ambiguous:synthetic_ambiguity_eccd45548d369037|alpha=5|measure=anomaly_forced_choice,ambiguous:synthetic_ambiguity_eccd45548d369037,ambiguous,5.0,anomaly_forced_choice,0.04742587357759476
definite_false:qb_2329|alpha=5|measure=anomaly_forced_choice,definite_false:qb_2329,definite_false,5.0,anomaly_forced_choice,0.9669140577316284
definite_false:bb_5317|alpha=5|measure=anomaly_forced_choice,definite_false:bb_5317,definite_false,5.0,anomaly_forced_choice,0.7772998809814453
definite_false:qb_355|alpha=5|measure=anomaly_forced_choice,definite_false:qb_355,definite_false,5.0,anomaly_forced_choice,0.0013250223128125072
definite_correct:qw_5335|alpha=5|measure=anomaly_forced_choice,definite_correct:qw_5335,definite_correct,5.0,anomaly_forced_choice,0.07585818320512772
ambiguous:ambigqa_dev_-9219689808672072116|alpha=5|measure=anomaly_forced_choice,ambiguous:ambigqa_dev_-9219689808672072116,ambiguous,5.0,anomaly_forced_choice,0.06754668802022934
ambiguous:user_ambiguous_068|alpha=5|measure=anomaly_forced_choice,ambiguous:user_ambiguous_068,ambiguous,5.0,anomaly_forced_choice,0.9626730680465698
ambiguous:user_ambiguous_070|alpha=5|measure=anomaly_forced_choice,ambiguous:user_ambiguous_070,ambiguous,5.0,anomaly_forced_choice,0.18242551386356354
definite_correct:qw_5716|alpha=5|measure=anomaly_forced_choice,definite_correct:qw_5716,definite_correct,5.0,anomaly_forced_choice,0.13296423852443695
ambiguous:user_ambiguous_078|alpha=5|measure=anomaly_forced_choice,ambiguous:user_ambiguous_078,ambiguous,5.0,anomaly_forced_choice,0.8354835510253906
definite_correct:dpql_6083|alpha=5|measure=anomaly_forced_choice,definite_correct:dpql_6083,definite_correct,5.0,anomaly_forced_choice,0.09534946084022522
ambiguous:user_ambiguous_069|alpha=5|measure=anomaly_forced_choice,ambiguous:user_ambiguous_069,ambiguous,5.0,anomaly_forced_choice,0.8933094143867493
ambiguous:ambigqa_train_-4847378126974715981|alpha=5|measure=anomaly_forced_choice,ambiguous:ambigqa_train_-4847378126974715981,ambiguous,5.0,anomaly_forced_choice,0.3208213150501251
definite_correct:qb_9283|alpha=5|measure=anomaly_forced_choice,definite_correct:qb_9283,definite_correct,5.0,anomaly_forced_choice,0.000552778597921133
definite_correct:qz_5801|alpha=5|measure=anomaly_forced_choice,definite_correct:qz_5801,definite_correct,5.0,anomaly_forced_choice,0.09534946084022522
definite_false:dpql_4977|alpha=5|measure=anomaly_forced_choice,definite_false:dpql_4977,definite_false,5.0,anomaly_forced_choice,0.0002611903182696551
ambiguous:ambigqa_train_-6615422287569447999|alpha=5|measure=anomaly_forced_choice,ambiguous:ambigqa_train_-6615422287569447999,ambiguous,5.0,anomaly_forced_choice,0.562176525592804
definite_false:qw_3732|alpha=5|measure=anomaly_forced_choice,definite_false:qw_3732,definite_false,5.0,anomaly_forced_choice,0.01798621006309986
ambiguous:user_ambiguous_018|alpha=5|measure=anomaly_forced_choice,ambiguous:user_ambiguous_018,ambiguous,5.0,anomaly_forced_choice,0.22270014882087708
definite_correct:tc_954|alpha=5|measure=anomaly_forced_choice,definite_correct:tc_954,definite_correct,5.0,anomaly_forced_choice,0.14804719388484955
definite_false:wh_2424|alpha=5|measure=anomaly_forced_choice,definite_false:wh_2424,definite_false,5.0,anomaly_forced_choice,0.08509904891252518
definite_correct:qw_1211|alpha=5|measure=anomaly_forced_choice,definite_correct:qw_1211,definite_correct,5.0,anomaly_forced_choice,0.00023050671734381467
definite_correct:bb_500|alpha=5|measure=anomaly_forced_choice,definite_correct:bb_500,definite_correct,5.0,anomaly_forced_choice,0.4378235340118408
definite_correct:bb_4832|alpha=5|measure=anomaly_forced_choice,definite_correct:bb_4832,definite_correct,5.0,anomaly_forced_choice,0.007577241398394108
definite_false:qz_6898|alpha=5|measure=anomaly_forced_choice,definite_false:qz_6898,definite_false,5.0,anomaly_forced_choice,0.03308597952127457
ambiguous:ambigqa_dev_-1684587227477882737|alpha=5|measure=anomaly_forced_choice,ambiguous:ambigqa_dev_-1684587227477882737,ambiguous,5.0,anomaly_forced_choice,0.004070138093084097
ambiguous:user_ambiguous_094|alpha=5|measure=anomaly_forced_choice,ambiguous:user_ambiguous_094,ambiguous,5.0,anomaly_forced_choice,0.562176525592804
definite_false:dpql_5115|alpha=5|measure=anomaly_forced_choice,definite_false:dpql_5115,definite_false,5.0,anomaly_forced_choice,0.06008664891123772
definite_false:qb_936|alpha=5|measure=anomaly_forced_choice,definite_false:qb_936,definite_false,5.0,anomaly_forced_choice,0.3208213150501251
definite_false:qb_3296|alpha=5|measure=anomaly_forced_choice,definite_false:qb_3296,definite_false,5.0,anomaly_forced_choice,0.04742587357759476
definite_false:bb_4587|alpha=5|measure=anomaly_forced_choice,definite_false:bb_4587,definite_false,5.0,anomaly_forced_choice,0.9992903470993042
definite_false:qb_1556|alpha=5|measure=anomaly_forced_choice,definite_false:qb_1556,definite_false,5.0,anomaly_forced_choice,0.0035936026833951473
definite_false:bb_8893|alpha=5|measure=anomaly_forced_choice,definite_false:bb_8893,definite_false,5.0,anomaly_forced_choice,0.02931223064661026
ambiguous:ambigqa_train_8480092557592561766|alpha=5|measure=anomaly_forced_choice,ambiguous:ambigqa_train_8480092557592561766,ambiguous,5.0,anomaly_forced_choice,0.8670357465744019
definite_false:qb_525|alpha=5|measure=anomaly_forced_choice,definite_false:qb_525,definite_false,5.0,anomaly_forced_choice,0.562176525592804
definite_false:tc_3016|alpha=5|measure=anomaly_forced_choice,definite_false:tc_3016,definite_false,5.0,anomaly_forced_choice,0.9988304972648621
definite_false:dpql_753|alpha=5|measure=anomaly_forced_choice,definite_false:dpql_753,definite_false,5.0,anomaly_forced_choice,0.14804719388484955
ambiguous:synthetic_ambiguity_befa9c239cfadb1e|alpha=5|measure=anomaly_forced_choice,ambiguous:synthetic_ambiguity_befa9c239cfadb1e,ambiguous,5.0,anomaly_forced_choice,0.9947799444198608
ambiguous:user_ambiguous_088|alpha=5|measure=anomaly_forced_choice,ambiguous:user_ambiguous_088,ambiguous,5.0,anomaly_forced_choice,0.07585818320512772
ambiguous:user_ambiguous_039|alpha=5|measure=anomaly_forced_choice,ambiguous:user_ambiguous_039,ambiguous,5.0,anomaly_forced_choice,0.022977370768785477
definite_false:tc_3120|alpha=5|measure=anomaly_forced_choice,definite_false:tc_3120,definite_false,5.0,anomaly_forced_choice,0.010986942797899246
ambiguous:ambigqa_train_-2840611200472199951|alpha=5|measure=anomaly_forced_choice,ambiguous:ambigqa_train_-2840611200472199951,ambiguous,5.0,anomaly_forced_choice,0.9626730680465698
definite_correct:tc_1323|alpha=5|measure=anomaly_forced_choice,definite_correct:tc_1323,definite_correct,5.0,anomaly_forced_choice,0.010986942797899246
definite_false:tc_540|alpha=5|measure=anomaly_forced_choice,definite_false:tc_540,definite_false,5.0,anomaly_forced_choice,0.9964063763618469
ambiguous:user_ambiguous_062|alpha=5|measure=anomaly_forced_choice,ambiguous:user_ambiguous_062,ambiguous,5.0,anomaly_forced_choice,0.4378235340118408
definite_correct:qw_4190|alpha=5|measure=anomaly_forced_choice,definite_correct:qw_4190,definite_correct,5.0,anomaly_forced_choice,0.0004878571489825845
ambiguous:user_ambiguous_001|alpha=5|measure=anomaly_forced_choice,ambiguous:user_ambiguous_001,ambiguous,5.0,anomaly_forced_choice,0.9241418242454529
definite_correct:wh_4041|alpha=5|measure=anomaly_forced_choice,definite_correct:wh_4041,definite_correct,5.0,anomaly_forced_choice,0.000552778597921133
definite_false:wh_3277|alpha=5|measure=anomaly_forced_choice,definite_false:wh_3277,definite_false,5.0,anomaly_forced_choice,0.9740425944328308
ambiguous:user_ambiguous_066|alpha=5|measure=anomaly_forced_choice,ambiguous:user_ambiguous_066,ambiguous,5.0,anomaly_forced_choice,0.9947799444198608
ambiguous:user_ambiguous_031|alpha=5|measure=anomaly_forced_choice,ambiguous:user_ambiguous_031,ambiguous,5.0,anomaly_forced_choice,0.09534946084022522
definite_correct:qb_2497|alpha=5|measure=anomaly_forced_choice,definite_correct:qb_2497,definite_correct,5.0,anomaly_forced_choice,0.053403329104185104
ambiguous:user_ambiguous_074|alpha=5|measure=anomaly_forced_choice,ambiguous:user_ambiguous_074,ambiguous,5.0,anomaly_forced_choice,0.9933071732521057
definite_correct:wh_453|alpha=5|measure=anomaly_forced_choice,definite_correct:wh_453,definite_correct,5.0,anomaly_forced_choice,0.0004305570910219103
ambiguous:user_ambiguous_092|alpha=5|measure=anomaly_forced_choice,ambiguous:user_ambiguous_092,ambiguous,5.0,anomaly_forced_choice,0.4378235340118408
ambiguous:ambigqa_train_3267103377301376828|alpha=5|measure=anomaly_forced_choice,ambiguous:ambigqa_train_3267103377301376828,ambiguous,5.0,anomaly_forced_choice,0.18242551386356354
definite_false:qz_3440|alpha=5|measure=anomaly_forced_choice,definite_false:qz_3440,definite_false,5.0,anomaly_forced_choice,0.4378235340118408
ambiguous:synthetic_ambiguity_77277aded01ef92e|alpha=5|measure=anomaly_forced_choice,ambiguous:synthetic_ambiguity_77277aded01ef92e,ambiguous,5.0,anomaly_forced_choice,0.9525741338729858
definite_correct:qb_9452|alpha=5|measure=anomaly_forced_choice,definite_correct:qb_9452,definite_correct,5.0,anomaly_forced_choice,0.0004878571489825845
definite_correct:bb_20|alpha=5|measure=anomaly_forced_choice,definite_correct:bb_20,definite_correct,5.0,anomaly_forced_choice,0.7981867790222168
definite_false:bb_5849|alpha=5|measure=anomaly_forced_choice,definite_false:bb_5849,definite_false,5.0,anomaly_forced_choice,0.9953904151916504
ambiguous:user_ambiguous_041|alpha=5|measure=anomaly_forced_choice,ambiguous:user_ambiguous_041,ambiguous,5.0,anomaly_forced_choice,0.00970847625285387
definite_correct:qw_4882|alpha=5|measure=anomaly_forced_choice,definite_correct:qw_4882,definite_correct,5.0,anomaly_forced_choice,0.16451646387577057
definite_false:dpql_3319|alpha=5|measure=anomaly_forced_choice,definite_false:dpql_3319,definite_false,5.0,anomaly_forced_choice,0.9978172779083252
definite_correct:bb_8732|alpha=5|measure=anomaly_forced_choice,definite_correct:bb_8732,definite_correct,5.0,anomaly_forced_choice,0.00023050671734381467
ambiguous:user_ambiguous_037|alpha=5|measure=anomaly_forced_choice,ambiguous:user_ambiguous_037,ambiguous,5.0,anomaly_forced_choice,0.18242551386356354
definite_false:tc_2257|alpha=5|measure=anomaly_forced_choice,definite_false:tc_2257,definite_false,5.0,anomaly_forced_choice,0.9996646642684937
ambiguous:user_ambiguous_004|alpha=5|measure=anomaly_forced_choice,ambiguous:user_ambiguous_004,ambiguous,5.0,anomaly_forced_choice,0.562176525592804
ambiguous:ambigqa_train_-4829972042995259834|alpha=5|measure=anomaly_forced_choice,ambiguous:ambigqa_train_-4829972042995259834,ambiguous,5.0,anomaly_forced_choice,0.2018132209777832
ambiguous:user_ambiguous_084|alpha=5|measure=anomaly_forced_choice,ambiguous:user_ambiguous_084,ambiguous,5.0,anomaly_forced_choice,0.037326883524656296
definite_correct:qb_1456|alpha=5|measure=anomaly_forced_choice,definite_correct:qb_1456,definite_correct,5.0,anomaly_forced_choice,0.8175744414329529
definite_false:dpql_4205|alpha=5|measure=anomaly_forced_choice,definite_false:dpql_4205,definite_false,5.0,anomaly_forced_choice,0.0004305570910219103
ambiguous:user_ambiguous_038|alpha=5|measure=anomaly_forced_choice,ambiguous:user_ambiguous_038,ambiguous,5.0,anomaly_forced_choice,0.7981867790222168
definite_false:dpql_151|alpha=5|measure=anomaly_forced_choice,definite_false:dpql_151,definite_false,5.0,anomaly_forced_choice,0.0035936026833951473
definite_false:wh_252|alpha=5|measure=anomaly_forced_choice,definite_false:wh_252,definite_false,5.0,anomaly_forced_choice,0.06008664891123772
ambiguous:user_ambiguous_048|alpha=5|measure=anomaly_forced_choice,ambiguous:user_ambiguous_048,ambiguous,5.0,anomaly_forced_choice,0.3208213150501251
definite_false:qw_4954|alpha=5|measure=anomaly_forced_choice,definite_false:qw_4954,definite_false,5.0,anomaly_forced_choice,0.4378235340118408
ambiguous:ambigqa_train_6967337893340565499|alpha=5|measure=anomaly_forced_choice,ambiguous:ambigqa_train_6967337893340565499,ambiguous,5.0,anomaly_forced_choice,0.4378235340118408
definite_correct:qw_1421|alpha=5|measure=anomaly_forced_choice,definite_correct:qw_1421,definite_correct,5.0,anomaly_forced_choice,0.10669060051441193
definite_false:qb_4987|alpha=5|measure=anomaly_forced_choice,definite_false:qb_4987,definite_false,5.0,anomaly_forced_choice,0.9998601675033569
definite_false:qb_3624|alpha=5|measure=anomaly_forced_choice,definite_false:qb_3624,definite_false,5.0,anomaly_forced_choice,0.9525741338729858
ambiguous:ambigqa_train_389267376370423320|alpha=5|measure=anomaly_forced_choice,ambiguous:ambigqa_train_389267376370423320,ambiguous,5.0,anomaly_forced_choice,0.012431650422513485
ambiguous:user_ambiguous_099|alpha=5|measure=anomaly_forced_choice,ambiguous:user_ambiguous_099,ambiguous,5.0,anomaly_forced_choice,0.7310585975646973
definite_correct:qw_6782|alpha=5|measure=anomaly_forced_choice,definite_correct:qw_6782,definite_correct,5.0,anomaly_forced_choice,0.02931223064661026
definite_correct:qb_1435|alpha=5|measure=anomaly_forced_choice,definite_correct:qb_1435,definite_correct,5.0,anomaly_forced_choice,6.605214002775028e-05
definite_false:dpql_4319|alpha=5|measure=anomaly_forced_choice,definite_false:dpql_4319,definite_false,5.0,anomaly_forced_choice,0.9859364032745361
definite_false:bb_8205|alpha=5|measure=anomaly_forced_choice,definite_false:bb_8205,definite_false,5.0,anomaly_forced_choice,0.10669060051441193
ambiguous:user_ambiguous_035|alpha=5|measure=anomaly_forced_choice,ambiguous:user_ambiguous_035,ambiguous,5.0,anomaly_forced_choice,0.5
definite_false:dpql_3261|alpha=5|measure=anomaly_forced_choice,definite_false:dpql_3261,definite_false,5.0,anomaly_forced_choice,0.9840936064720154
definite_false:bb_7609|alpha=5|measure=anomaly_forced_choice,definite_false:bb_7609,definite_false,5.0,anomaly_forced_choice,0.9796676635742188
definite_correct:qb_2148|alpha=5|measure=anomaly_forced_choice,definite_correct:qb_2148,definite_correct,5.0,anomaly_forced_choice,0.053403329104185104
definite_false:qw_3199|alpha=5|measure=anomaly_forced_choice,definite_false:qw_3199,definite_false,5.0,anomaly_forced_choice,0.7772998809814453
definite_correct:qb_4578|alpha=5|measure=anomaly_forced_choice,definite_correct:qb_4578,definite_correct,5.0,anomaly_forced_choice,0.00033535013790242374
ambiguous:user_ambiguous_090|alpha=5|measure=anomaly_forced_choice,ambiguous:user_ambiguous_090,ambiguous,5.0,anomaly_forced_choice,0.012431650422513485
definite_correct:bb_6117|alpha=5|measure=anomaly_forced_choice,definite_correct:bb_6117,definite_correct,5.0,anomaly_forced_choice,1.473898100812221e-05
ambiguous:user_ambiguous_076|alpha=5|measure=anomaly_forced_choice,ambiguous:user_ambiguous_076,ambiguous,5.0,anomaly_forced_choice,0.04208773002028465
definite_correct:wh_3778|alpha=5|measure=anomaly_forced_choice,definite_correct:wh_3778,definite_correct,5.0,anomaly_forced_choice,8.481104305246845e-05
definite_correct:qb_8036|alpha=5|measure=anomaly_forced_choice,definite_correct:qb_8036,definite_correct,5.0,anomaly_forced_choice,0.06008664891123772
ambiguous:ambigqa_train_-4861369907584367396|alpha=5|measure=anomaly_forced_choice,ambiguous:ambigqa_train_-4861369907584367396,ambiguous,5.0,anomaly_forced_choice,0.005911069456487894
ambiguous:user_ambiguous_075|alpha=5|measure=anomaly_forced_choice,ambiguous:user_ambiguous_075,ambiguous,5.0,anomaly_forced_choice,0.9940890073776245
definite_correct:tc_2317|alpha=5|measure=anomaly_forced_choice,definite_correct:tc_2317,definite_correct,5.0,anomaly_forced_choice,0.2689414322376251
definite_false:bb_77|alpha=5|measure=anomaly_forced_choice,definite_false:bb_77,definite_false,5.0,anomaly_forced_choice,0.9990890026092529
definite_correct:qb_6086|alpha=5|measure=anomaly_forced_choice,definite_correct:qb_6086,definite_correct,5.0,anomaly_forced_choice,0.00012339458044152707
definite_correct:qb_34|alpha=5|measure=anomaly_forced_choice,definite_correct:qb_34,definite_correct,5.0,anomaly_forced_choice,0.04208773002028465
definite_correct:bb_1467|alpha=5|measure=anomaly_forced_choice,definite_correct:bb_1467,definite_correct,5.0,anomaly_forced_choice,0.037326883524656296
definite_correct:bb_5566|alpha=5|measure=anomaly_forced_choice,definite_correct:bb_5566,definite_correct,5.0,anomaly_forced_choice,0.0004878571489825845
definite_correct:bb_6024|alpha=5|measure=anomaly_forced_choice,definite_correct:bb_6024,definite_correct,5.0,anomaly_forced_choice,0.4378235340118408
definite_false:qb_3878|alpha=5|measure=anomaly_forced_choice,definite_false:qb_3878,definite_false,5.0,anomaly_forced_choice,0.9820137619972229
definite_correct:qb_3516|alpha=5|measure=anomaly_forced_choice,definite_correct:qb_3516,definite_correct,5.0,anomaly_forced_choice,0.00023050671734381467
definite_false:qb_2928|alpha=5|measure=anomaly_forced_choice,definite_false:qb_2928,definite_false,5.0,anomaly_forced_choice,0.2018132209777832
definite_correct:qz_340|alpha=5|measure=anomaly_forced_choice,definite_correct:qz_340,definite_correct,5.0,anomaly_forced_choice,0.02931223064661026
definite_correct:qw_1253|alpha=5|measure=anomaly_forced_choice,definite_correct:qw_1253,definite_correct,5.0,anomaly_forced_choice,0.7310585975646973
ambiguous:user_ambiguous_049|alpha=5|measure=anomaly_forced_choice,ambiguous:user_ambiguous_049,ambiguous,5.0,anomaly_forced_choice,0.01798621006309986
ambiguous:synthetic_ambiguity_0fb6efbc1bf0ec38|alpha=5|measure=anomaly_forced_choice,ambiguous:synthetic_ambiguity_0fb6efbc1bf0ec38,ambiguous,5.0,anomaly_forced_choice,0.3775406777858734
definite_false:qb_9682|alpha=5|measure=anomaly_forced_choice,definite_false:qb_9682,definite_false,5.0,anomaly_forced_choice,0.977022647857666
ambiguous:ambigqa_train_-4290930682953750669|alpha=5|measure=anomaly_forced_choice,ambiguous:ambigqa_train_-4290930682953750669,ambiguous,5.0,anomaly_forced_choice,0.004070138093084097
definite_correct:qw_2634|alpha=5|measure=anomaly_forced_choice,definite_correct:qw_2634,definite_correct,5.0,anomaly_forced_choice,0.005911069456487894
definite_correct:bb_810|alpha=5|measure=anomaly_forced_choice,definite_correct:bb_810,definite_correct,5.0,anomaly_forced_choice,0.00023050671734381467
definite_false:qb_5694|alpha=5|measure=anomaly_forced_choice,definite_false:qb_5694,definite_false,5.0,anomaly_forced_choice,0.9820137619972229
definite_false:dpql_1695|alpha=5|measure=anomaly_forced_choice,definite_false:dpql_1695,definite_false,5.0,anomaly_forced_choice,0.9933071732521057
ambiguous:user_ambiguous_061|alpha=5|measure=anomaly_forced_choice,ambiguous:user_ambiguous_061,ambiguous,5.0,anomaly_forced_choice,0.0035936026833951473
definite_false:qw_3353|alpha=5|measure=anomaly_forced_choice,definite_false:qw_3353,definite_false,5.0,anomaly_forced_choice,0.8807970285415649
definite_false:qb_3869|alpha=5|measure=anomaly_forced_choice,definite_false:qb_3869,definite_false,5.0,anomaly_forced_choice,0.9997040629386902
definite_correct:dpql_5846|alpha=5|measure=anomaly_forced_choice,definite_correct:dpql_5846,definite_correct,5.0,anomaly_forced_choice,0.0009110512328334153
ambiguous:user_ambiguous_054|alpha=5|measure=anomaly_forced_choice,ambiguous:user_ambiguous_054,ambiguous,5.0,anomaly_forced_choice,0.00970847625285387
definite_correct:qb_6581|alpha=5|measure=anomaly_forced_choice,definite_correct:qb_6581,definite_correct,5.0,anomaly_forced_choice,0.5
ambiguous:user_ambiguous_063|alpha=5|measure=anomaly_forced_choice,ambiguous:user_ambiguous_063,ambiguous,5.0,anomaly_forced_choice,0.9241418242454529
definite_correct:wh_4358|alpha=5|measure=anomaly_forced_choice,definite_correct:wh_4358,definite_correct,5.0,anomaly_forced_choice,0.0010322310263291001
definite_correct:qb_1172|alpha=5|measure=anomaly_forced_choice,definite_correct:qb_1172,definite_correct,5.0,anomaly_forced_choice,0.22270014882087708
definite_false:bb_8112|alpha=5|measure=anomaly_forced_choice,definite_false:bb_8112,definite_false,5.0,anomaly_forced_choice,0.3208213150501251
definite_correct:qb_2932|alpha=5|measure=anomaly_forced_choice,definite_correct:qb_2932,definite_correct,5.0,anomaly_forced_choice,7.484622619813308e-05
ambiguous:synthetic_ambiguity_db564851e7629ffa|alpha=5|measure=anomaly_forced_choice,ambiguous:synthetic_ambiguity_db564851e7629ffa,ambiguous,5.0,anomaly_forced_choice,0.8807970285415649
definite_false:dpql_2259|alpha=5|measure=anomaly_forced_choice,definite_false:dpql_2259,definite_false,5.0,anomaly_forced_choice,0.16451646387577057
definite_correct:qb_8861|alpha=5|measure=anomaly_forced_choice,definite_correct:qb_8861,definite_correct,5.0,anomaly_forced_choice,0.06754668802022934
definite_false:qw_5610|alpha=5|measure=anomaly_forced_choice,definite_false:qw_5610,definite_false,5.0,anomaly_forced_choice,0.0004305570910219103
ambiguous:user_ambiguous_055|alpha=5|measure=anomaly_forced_choice,ambiguous:user_ambiguous_055,ambiguous,5.0,anomaly_forced_choice,0.622459352016449
definite_correct:qw_45|alpha=5|measure=anomaly_forced_choice,definite_correct:qw_45,definite_correct,5.0,anomaly_forced_choice,0.020332353189587593
definite_correct:bb_121|alpha=5|measure=anomaly_forced_choice,definite_correct:bb_121,definite_correct,5.0,anomaly_forced_choice,0.22270014882087708
ambiguous:user_ambiguous_033|alpha=5|measure=anomaly_forced_choice,ambiguous:user_ambiguous_033,ambiguous,5.0,anomaly_forced_choice,0.9933071732521057
definite_false:wh_451|alpha=5|measure=anomaly_forced_choice,definite_false:wh_451,definite_false,5.0,anomaly_forced_choice,0.9971990585327148
definite_correct:qb_4948|alpha=5|measure=anomaly_forced_choice,definite_correct:qb_4948,definite_correct,5.0,anomaly_forced_choice,0.01798621006309986
definite_correct:bb_7263|alpha=5|measure=anomaly_forced_choice,definite_correct:bb_7263,definite_correct,5.0,anomaly_forced_choice,0.002182716503739357
definite_correct:bb_5094|alpha=5|measure=anomaly_forced_choice,definite_correct:bb_5094,definite_correct,5.0,anomaly_forced_choice,0.04742587357759476
ambiguous:ambigqa_train_6622540978806844416|alpha=5|measure=anomaly_forced_choice,ambiguous:ambigqa_train_6622540978806844416,ambiguous,5.0,anomaly_forced_choice,0.004070138093084097
definite_false:wh_1706|alpha=5|measure=anomaly_forced_choice,definite_false:wh_1706,definite_false,5.0,anomaly_forced_choice,0.012431650422513485
definite_correct:qb_3684|alpha=5|measure=anomaly_forced_choice,definite_correct:qb_3684,definite_correct,5.0,anomaly_forced_choice,8.481104305246845e-05
definite_correct:bb_9251|alpha=5|measure=anomaly_forced_choice,definite_correct:bb_9251,definite_correct,5.0,anomaly_forced_choice,0.00037998449988663197
definite_false:qw_5896|alpha=5|measure=anomaly_forced_choice,definite_false:qw_5896,definite_false,5.0,anomaly_forced_choice,0.01798621006309986
definite_correct:qb_9954|alpha=5|measure=anomaly_forced_choice,definite_correct:qb_9954,definite_correct,5.0,anomaly_forced_choice,0.0001398220774717629
definite_false:qb_2928|alpha=10|measure=confidence_manipulation_check,definite_false:qb_2928,definite_false,10.0,confidence_manipulation_check,0.8600869928985049
ambiguous:ambigqa_train_-5327098669371634148|alpha=10|measure=confidence_manipulation_check,ambiguous:ambigqa_train_-5327098669371634148,ambiguous,10.0,confidence_manipulation_check,0.6301098113355692
definite_correct:qb_9452|alpha=10|measure=confidence_manipulation_check,definite_correct:qb_9452,definite_correct,10.0,confidence_manipulation_check,0.8260415498311147
ambiguous:user_ambiguous_063|alpha=10|measure=confidence_manipulation_check,ambiguous:user_ambiguous_063,ambiguous,10.0,confidence_manipulation_check,0.5692786028863338
definite_false:tc_2556|alpha=10|measure=confidence_manipulation_check,definite_false:tc_2556,definite_false,10.0,confidence_manipulation_check,0.6860721883567749
definite_false:wh_527|alpha=10|measure=confidence_manipulation_check,definite_false:wh_527,definite_false,10.0,confidence_manipulation_check,0.6865550290094689
definite_false:dpql_4053|alpha=10|measure=confidence_manipulation_check,definite_false:dpql_4053,definite_false,10.0,confidence_manipulation_check,0.6912228469460387
ambiguous:ambigqa_train_3267103377301376828|alpha=10|measure=confidence_manipulation_check,ambiguous:ambigqa_train_3267103377301376828,ambiguous,10.0,confidence_manipulation_check,0.60568349607056
definite_false:qb_6250|alpha=10|measure=confidence_manipulation_check,definite_false:qb_6250,definite_false,10.0,confidence_manipulation_check,0.7498033455603036
ambiguous:user_ambiguous_045|alpha=10|measure=confidence_manipulation_check,ambiguous:user_ambiguous_045,ambiguous,10.0,confidence_manipulation_check,0.6375793129870999
ambiguous:user_ambiguous_018|alpha=10|measure=confidence_manipulation_check,ambiguous:user_ambiguous_018,ambiguous,10.0,confidence_manipulation_check,0.7843762513945535
ambiguous:synthetic_ambiguity_c51d6353acd62fc1|alpha=10|measure=confidence_manipulation_check,ambiguous:synthetic_ambiguity_c51d6353acd62fc1,ambiguous,10.0,confidence_manipulation_check,0.675748714372321
ambiguous:user_ambiguous_019|alpha=10|measure=confidence_manipulation_check,ambiguous:user_ambiguous_019,ambiguous,10.0,confidence_manipulation_check,0.8180766542029915
definite_correct:tc_1284|alpha=10|measure=confidence_manipulation_check,definite_correct:tc_1284,definite_correct,10.0,confidence_manipulation_check,0.830546120824738
definite_correct:qw_1253|alpha=10|measure=confidence_manipulation_check,definite_correct:qw_1253,definite_correct,10.0,confidence_manipulation_check,0.6809432241306865
definite_correct:bb_121|alpha=10|measure=confidence_manipulation_check,definite_correct:bb_121,definite_correct,10.0,confidence_manipulation_check,0.6709175464751751
definite_correct:qb_10132|alpha=10|measure=confidence_manipulation_check,definite_correct:qb_10132,definite_correct,10.0,confidence_manipulation_check,0.8565685268703135
definite_false:tc_3120|alpha=10|measure=confidence_manipulation_check,definite_false:tc_3120,definite_false,10.0,confidence_manipulation_check,0.7561156503352435
definite_false:dpql_3827|alpha=10|measure=confidence_manipulation_check,definite_false:dpql_3827,definite_false,10.0,confidence_manipulation_check,0.692926280594861
definite_false:qb_1556|alpha=10|measure=confidence_manipulation_check,definite_false:qb_1556,definite_false,10.0,confidence_manipulation_check,0.7291604588805057
ambiguous:user_ambiguous_032|alpha=10|measure=confidence_manipulation_check,ambiguous:user_ambiguous_032,ambiguous,10.0,confidence_manipulation_check,0.5974030254466925
definite_correct:bb_4832|alpha=10|measure=confidence_manipulation_check,definite_correct:bb_4832,definite_correct,10.0,confidence_manipulation_check,0.7580672445296642
definite_correct:bb_6117|alpha=10|measure=confidence_manipulation_check,definite_correct:bb_6117,definite_correct,10.0,confidence_manipulation_check,0.8139317351564671
definite_false:tc_3016|alpha=10|measure=confidence_manipulation_check,definite_false:tc_3016,definite_false,10.0,confidence_manipulation_check,0.7252179358634748
definite_false:dpql_151|alpha=10|measure=confidence_manipulation_check,definite_false:dpql_151,definite_false,10.0,confidence_manipulation_check,0.7871505791087601
definite_correct:tc_2317|alpha=10|measure=confidence_manipulation_check,definite_correct:tc_2317,definite_correct,10.0,confidence_manipulation_check,0.7155605764665495
ambiguous:ambigqa_train_389267376370423320|alpha=10|measure=confidence_manipulation_check,ambiguous:ambigqa_train_389267376370423320,ambiguous,10.0,confidence_manipulation_check,0.6592492479641805
definite_false:qw_3353|alpha=10|measure=confidence_manipulation_check,definite_false:qw_3353,definite_false,10.0,confidence_manipulation_check,0.706031943090602
ambiguous:user_ambiguous_066|alpha=10|measure=confidence_manipulation_check,ambiguous:user_ambiguous_066,ambiguous,10.0,confidence_manipulation_check,0.24956119636044605
ambiguous:ambigqa_train_-4829972042995259834|alpha=10|measure=confidence_manipulation_check,ambiguous:ambigqa_train_-4829972042995259834,ambiguous,10.0,confidence_manipulation_check,0.7411779429292323
definite_false:qw_6106|alpha=10|measure=confidence_manipulation_check,definite_false:qw_6106,definite_false,10.0,confidence_manipulation_check,0.7580584374160936
definite_false:qz_3440|alpha=10|measure=confidence_manipulation_check,definite_false:qz_3440,definite_false,10.0,confidence_manipulation_check,0.6760518065970246
ambiguous:user_ambiguous_054|alpha=10|measure=confidence_manipulation_check,ambiguous:user_ambiguous_054,ambiguous,10.0,confidence_manipulation_check,0.6702216724317082
ambiguous:ambigqa_dev_-1684587227477882737|alpha=10|measure=confidence_manipulation_check,ambiguous:ambigqa_dev_-1684587227477882737,ambiguous,10.0,confidence_manipulation_check,0.6122994098997878
definite_false:tc_2257|alpha=10|measure=confidence_manipulation_check,definite_false:tc_2257,definite_false,10.0,confidence_manipulation_check,0.278292111994233
ambiguous:user_ambiguous_094|alpha=10|measure=confidence_manipulation_check,ambiguous:user_ambiguous_094,ambiguous,10.0,confidence_manipulation_check,0.6880392790984785
ambiguous:ambigqa_train_-6821663518687506172|alpha=10|measure=confidence_manipulation_check,ambiguous:ambigqa_train_-6821663518687506172,ambiguous,10.0,confidence_manipulation_check,0.6704514923120769
ambiguous:ambigqa_train_-6615422287569447999|alpha=10|measure=confidence_manipulation_check,ambiguous:ambigqa_train_-6615422287569447999,ambiguous,10.0,confidence_manipulation_check,0.54832945782764
ambiguous:ambigqa_train_4701094121253884727|alpha=10|measure=confidence_manipulation_check,ambiguous:ambigqa_train_4701094121253884727,ambiguous,10.0,confidence_manipulation_check,0.7001495592372521
definite_correct:qb_3684|alpha=10|measure=confidence_manipulation_check,definite_correct:qb_3684,definite_correct,10.0,confidence_manipulation_check,0.7613018351539722
ambiguous:synthetic_ambiguity_39e9eaa2e03e1780|alpha=10|measure=confidence_manipulation_check,ambiguous:synthetic_ambiguity_39e9eaa2e03e1780,ambiguous,10.0,confidence_manipulation_check,0.33233847668743693
ambiguous:ambigqa_train_-4290930682953750669|alpha=10|measure=confidence_manipulation_check,ambiguous:ambigqa_train_-4290930682953750669,ambiguous,10.0,confidence_manipulation_check,0.6994084867650315
definite_correct:dpql_633|alpha=10|measure=confidence_manipulation_check,definite_correct:dpql_633,definite_correct,10.0,confidence_manipulation_check,0.7479148838426454
definite_correct:qb_4578|alpha=10|measure=confidence_manipulation_check,definite_correct:qb_4578,definite_correct,10.0,confidence_manipulation_check,0.8410544200405611
definite_correct:qb_8861|alpha=10|measure=confidence_manipulation_check,definite_correct:qb_8861,definite_correct,10.0,confidence_manipulation_check,0.7788528775093028
ambiguous:user_ambiguous_007|alpha=10|measure=confidence_manipulation_check,ambiguous:user_ambiguous_007,ambiguous,10.0,confidence_manipulation_check,0.7064979938892065
definite_correct:qb_2934|alpha=10|measure=confidence_manipulation_check,definite_correct:qb_2934,definite_correct,10.0,confidence_manipulation_check,0.7094396243007395
definite_correct:qb_5063|alpha=10|measure=confidence_manipulation_check,definite_correct:qb_5063,definite_correct,10.0,confidence_manipulation_check,0.795492105126175
definite_correct:qb_6581|alpha=10|measure=confidence_manipulation_check,definite_correct:qb_6581,definite_correct,10.0,confidence_manipulation_check,0.7058129208612655
definite_correct:bb_436|alpha=10|measure=confidence_manipulation_check,definite_correct:bb_436,definite_correct,10.0,confidence_manipulation_check,0.7499597409027728
definite_false:dpql_384|alpha=10|measure=confidence_manipulation_check,definite_false:dpql_384,definite_false,10.0,confidence_manipulation_check,0.6474716986973362
ambiguous:user_ambiguous_100|alpha=10|measure=confidence_manipulation_check,ambiguous:user_ambiguous_100,ambiguous,10.0,confidence_manipulation_check,0.2784617074816197
ambiguous:ambigqa_dev_2248395039731877618|alpha=10|measure=confidence_manipulation_check,ambiguous:ambigqa_dev_2248395039731877618,ambiguous,10.0,confidence_manipulation_check,0.6589094722216942
definite_correct:qw_132|alpha=10|measure=confidence_manipulation_check,definite_correct:qw_132,definite_correct,10.0,confidence_manipulation_check,0.7857843438226112
ambiguous:synthetic_ambiguity_0fb6efbc1bf0ec38|alpha=10|measure=confidence_manipulation_check,ambiguous:synthetic_ambiguity_0fb6efbc1bf0ec38,ambiguous,10.0,confidence_manipulation_check,0.6101292201718934
ambiguous:user_ambiguous_046|alpha=10|measure=confidence_manipulation_check,ambiguous:user_ambiguous_046,ambiguous,10.0,confidence_manipulation_check,0.7326528606389502
definite_false:dpql_3319|alpha=10|measure=confidence_manipulation_check,definite_false:dpql_3319,definite_false,10.0,confidence_manipulation_check,0.6565556640640352
definite_correct:dpql_6083|alpha=10|measure=confidence_manipulation_check,definite_correct:dpql_6083,definite_correct,10.0,confidence_manipulation_check,0.7617099073346708
definite_false:bb_5317|alpha=10|measure=confidence_manipulation_check,definite_false:bb_5317,definite_false,10.0,confidence_manipulation_check,0.5521422162419185
definite_false:qz_6898|alpha=10|measure=confidence_manipulation_check,definite_false:qz_6898,definite_false,10.0,confidence_manipulation_check,0.8256389934750544
definite_false:qw_5896|alpha=10|measure=confidence_manipulation_check,definite_false:qw_5896,definite_false,10.0,confidence_manipulation_check,0.6755538379878998
definite_correct:qw_1421|alpha=10|measure=confidence_manipulation_check,definite_correct:qw_1421,definite_correct,10.0,confidence_manipulation_check,0.7460226464767146
ambiguous:user_ambiguous_027|alpha=10|measure=confidence_manipulation_check,ambiguous:user_ambiguous_027,ambiguous,10.0,confidence_manipulation_check,0.6569456096767737
ambiguous:user_ambiguous_005|alpha=10|measure=confidence_manipulation_check,ambiguous:user_ambiguous_005,ambiguous,10.0,confidence_manipulation_check,0.8052933353505211
definite_false:qb_4397|alpha=10|measure=confidence_manipulation_check,definite_false:qb_4397,definite_false,10.0,confidence_manipulation_check,0.7421959709681687
definite_correct:qw_859|alpha=10|measure=confidence_manipulation_check,definite_correct:qw_859,definite_correct,10.0,confidence_manipulation_check,0.7709595061182313
definite_false:dpql_5545|alpha=10|measure=confidence_manipulation_check,definite_false:dpql_5545,definite_false,10.0,confidence_manipulation_check,0.8224058268744556
ambiguous:user_ambiguous_056|alpha=10|measure=confidence_manipulation_check,ambiguous:user_ambiguous_056,ambiguous,10.0,confidence_manipulation_check,0.6572408123513014
definite_false:dpql_4205|alpha=10|measure=confidence_manipulation_check,definite_false:dpql_4205,definite_false,10.0,confidence_manipulation_check,0.7535668963481384
ambiguous:user_ambiguous_093|alpha=10|measure=confidence_manipulation_check,ambiguous:user_ambiguous_093,ambiguous,10.0,confidence_manipulation_check,0.7276111022413602
definite_false:dpql_3092|alpha=10|measure=confidence_manipulation_check,definite_false:dpql_3092,definite_false,10.0,confidence_manipulation_check,0.34493352468125527
definite_correct:dpql_2276|alpha=10|measure=confidence_manipulation_check,definite_correct:dpql_2276,definite_correct,10.0,confidence_manipulation_check,0.7368915981227246
ambiguous:user_ambiguous_020|alpha=10|measure=confidence_manipulation_check,ambiguous:user_ambiguous_020,ambiguous,10.0,confidence_manipulation_check,0.6746009137335705
definite_correct:wh_1933|alpha=10|measure=confidence_manipulation_check,definite_correct:wh_1933,definite_correct,10.0,confidence_manipulation_check,0.8352342651845291
definite_correct:dpql_3447|alpha=10|measure=confidence_manipulation_check,definite_correct:dpql_3447,definite_correct,10.0,confidence_manipulation_check,0.8313660366199088
definite_false:wh_1706|alpha=10|measure=confidence_manipulation_check,definite_false:wh_1706,definite_false,10.0,confidence_manipulation_check,0.5394193393411115
definite_false:qb_3878|alpha=10|measure=confidence_manipulation_check,definite_false:qb_3878,definite_false,10.0,confidence_manipulation_check,0.6928732185031095
definite_false:dpql_5115|alpha=10|measure=confidence_manipulation_check,definite_false:dpql_5115,definite_false,10.0,confidence_manipulation_check,0.38012428618967536
definite_correct:qw_1211|alpha=10|measure=confidence_manipulation_check,definite_correct:qw_1211,definite_correct,10.0,confidence_manipulation_check,0.8288117078578111
ambiguous:ambigqa_train_-2840611200472199951|alpha=10|measure=confidence_manipulation_check,ambiguous:ambigqa_train_-2840611200472199951,ambiguous,10.0,confidence_manipulation_check,0.5996358687072644
definite_false:qw_5298|alpha=10|measure=confidence_manipulation_check,definite_false:qw_5298,definite_false,10.0,confidence_manipulation_check,0.6662833165624761
definite_false:qb_355|alpha=10|measure=confidence_manipulation_check,definite_false:qb_355,definite_false,10.0,confidence_manipulation_check,0.7974761256334659
ambiguous:synthetic_ambiguity_eccd45548d369037|alpha=10|measure=confidence_manipulation_check,ambiguous:synthetic_ambiguity_eccd45548d369037,ambiguous,10.0,confidence_manipulation_check,0.33786952330046915
ambiguous:synthetic_ambiguity_7462141d7ff09177|alpha=10|measure=confidence_manipulation_check,ambiguous:synthetic_ambiguity_7462141d7ff09177,ambiguous,10.0,confidence_manipulation_check,0.5899008634958591
definite_correct:tc_955|alpha=10|measure=confidence_manipulation_check,definite_correct:tc_955,definite_correct,10.0,confidence_manipulation_check,0.8057453901134011
definite_correct:wh_4041|alpha=10|measure=confidence_manipulation_check,definite_correct:wh_4041,definite_correct,10.0,confidence_manipulation_check,0.8369997055924316
ambiguous:user_ambiguous_035|alpha=10|measure=confidence_manipulation_check,ambiguous:user_ambiguous_035,ambiguous,10.0,confidence_manipulation_check,0.621192636631531
ambiguous:user_ambiguous_075|alpha=10|measure=confidence_manipulation_check,ambiguous:user_ambiguous_075,ambiguous,10.0,confidence_manipulation_check,0.26857035707944305
definite_correct:tc_1602|alpha=10|measure=confidence_manipulation_check,definite_correct:tc_1602,definite_correct,10.0,confidence_manipulation_check,0.6885230634881736
ambiguous:user_ambiguous_076|alpha=10|measure=confidence_manipulation_check,ambiguous:user_ambiguous_076,ambiguous,10.0,confidence_manipulation_check,0.6573593807757107
definite_false:qw_3732|alpha=10|measure=confidence_manipulation_check,definite_false:qw_3732,definite_false,10.0,confidence_manipulation_check,0.7474208211055838
ambiguous:user_ambiguous_081|alpha=10|measure=confidence_manipulation_check,ambiguous:user_ambiguous_081,ambiguous,10.0,confidence_manipulation_check,0.7055720374449265
definite_false:qw_3344|alpha=10|measure=confidence_manipulation_check,definite_false:qw_3344,definite_false,10.0,confidence_manipulation_check,0.8092290759199842
definite_false:dpql_3261|alpha=10|measure=confidence_manipulation_check,definite_false:dpql_3261,definite_false,10.0,confidence_manipulation_check,0.3557728331230464
definite_correct:qw_1816|alpha=10|measure=confidence_manipulation_check,definite_correct:qw_1816,definite_correct,10.0,confidence_manipulation_check,0.8694277869579538
definite_false:bb_5849|alpha=10|measure=confidence_manipulation_check,definite_false:bb_5849,definite_false,10.0,confidence_manipulation_check,0.7680782167874896
definite_correct:dpql_3467|alpha=10|measure=confidence_manipulation_check,definite_correct:dpql_3467,definite_correct,10.0,confidence_manipulation_check,0.7438249508735282
definite_correct:qb_1172|alpha=10|measure=confidence_manipulation_check,definite_correct:qb_1172,definite_correct,10.0,confidence_manipulation_check,0.7525941983662505
definite_false:qw_3500|alpha=10|measure=confidence_manipulation_check,definite_false:qw_3500,definite_false,10.0,confidence_manipulation_check,0.7519294192121834
definite_false:qb_9244|alpha=10|measure=confidence_manipulation_check,definite_false:qb_9244,definite_false,10.0,confidence_manipulation_check,0.681861327879551
ambiguous:user_ambiguous_016|alpha=10|measure=confidence_manipulation_check,ambiguous:user_ambiguous_016,ambiguous,10.0,confidence_manipulation_check,0.32128549278713764
definite_correct:bb_2920|alpha=10|measure=confidence_manipulation_check,definite_correct:bb_2920,definite_correct,10.0,confidence_manipulation_check,0.8046894876427387
ambiguous:user_ambiguous_050|alpha=10|measure=confidence_manipulation_check,ambiguous:user_ambiguous_050,ambiguous,10.0,confidence_manipulation_check,0.5671399799306528
ambiguous:user_ambiguous_071|alpha=10|measure=confidence_manipulation_check,ambiguous:user_ambiguous_071,ambiguous,10.0,confidence_manipulation_check,0.5880618888113531
definite_false:wh_252|alpha=10|measure=confidence_manipulation_check,definite_false:wh_252,definite_false,10.0,confidence_manipulation_check,0.6893661223634239
definite_correct:bb_500|alpha=10|measure=confidence_manipulation_check,definite_correct:bb_500,definite_correct,10.0,confidence_manipulation_check,0.7932215791667432
definite_false:qb_3296|alpha=10|measure=confidence_manipulation_check,definite_false:qb_3296,definite_false,10.0,confidence_manipulation_check,0.7264544862209732
ambiguous:ambigqa_train_4887157859291163116|alpha=10|measure=confidence_manipulation_check,ambiguous:ambigqa_train_4887157859291163116,ambiguous,10.0,confidence_manipulation_check,0.6688947107543981
ambiguous:ambigqa_dev_-9219689808672072116|alpha=10|measure=confidence_manipulation_check,ambiguous:ambigqa_dev_-9219689808672072116,ambiguous,10.0,confidence_manipulation_check,0.7390683759803778
ambiguous:user_ambiguous_082|alpha=10|measure=confidence_manipulation_check,ambiguous:user_ambiguous_082,ambiguous,10.0,confidence_manipulation_check,0.6896338729935451
definite_correct:qb_2148|alpha=10|measure=confidence_manipulation_check,definite_correct:qb_2148,definite_correct,10.0,confidence_manipulation_check,0.8052467987099704
definite_correct:bb_5566|alpha=10|measure=confidence_manipulation_check,definite_correct:bb_5566,definite_correct,10.0,confidence_manipulation_check,0.7495370054739852
definite_false:qb_2901|alpha=10|measure=confidence_manipulation_check,definite_false:qb_2901,definite_false,10.0,confidence_manipulation_check,0.5831770257442258
ambiguous:user_ambiguous_026|alpha=10|measure=confidence_manipulation_check,ambiguous:user_ambiguous_026,ambiguous,10.0,confidence_manipulation_check,0.5617246800966313
definite_correct:qb_2932|alpha=10|measure=confidence_manipulation_check,definite_correct:qb_2932,definite_correct,10.0,confidence_manipulation_check,0.845644678115653
ambiguous:ambigqa_train_6622540978806844416|alpha=10|measure=confidence_manipulation_check,ambiguous:ambigqa_train_6622540978806844416,ambiguous,10.0,confidence_manipulation_check,0.664869220941773
definite_false:bb_1220|alpha=10|measure=confidence_manipulation_check,definite_false:bb_1220,definite_false,10.0,confidence_manipulation_check,0.5834292337298393
ambiguous:user_ambiguous_089|alpha=10|measure=confidence_manipulation_check,ambiguous:user_ambiguous_089,ambiguous,10.0,confidence_manipulation_check,0.6606371109455722
ambiguous:user_ambiguous_059|alpha=10|measure=confidence_manipulation_check,ambiguous:user_ambiguous_059,ambiguous,10.0,confidence_manipulation_check,0.6509412704099077
ambiguous:synthetic_ambiguity_127bbb74d142df4c|alpha=10|measure=confidence_manipulation_check,ambiguous:synthetic_ambiguity_127bbb74d142df4c,ambiguous,10.0,confidence_manipulation_check,0.7913587569275933
ambiguous:user_ambiguous_038|alpha=10|measure=confidence_manipulation_check,ambiguous:user_ambiguous_038,ambiguous,10.0,confidence_manipulation_check,0.4092871482251212
definite_correct:qb_2589|alpha=10|measure=confidence_manipulation_check,definite_correct:qb_2589,definite_correct,10.0,confidence_manipulation_check,0.8011004887474258
definite_false:bb_6668|alpha=10|measure=confidence_manipulation_check,definite_false:bb_6668,definite_false,10.0,confidence_manipulation_check,0.7012415166023857
definite_correct:qw_4882|alpha=10|measure=confidence_manipulation_check,definite_correct:qw_4882,definite_correct,10.0,confidence_manipulation_check,0.6707557499683957
ambiguous:user_ambiguous_092|alpha=10|measure=confidence_manipulation_check,ambiguous:user_ambiguous_092,ambiguous,10.0,confidence_manipulation_check,0.6151571800233796
definite_false:bb_5659|alpha=10|measure=confidence_manipulation_check,definite_false:bb_5659,definite_false,10.0,confidence_manipulation_check,0.7411552069767822
definite_false:dpql_753|alpha=10|measure=confidence_manipulation_check,definite_false:dpql_753,definite_false,10.0,confidence_manipulation_check,0.3674568255781196
definite_correct:qb_4948|alpha=10|measure=confidence_manipulation_check,definite_correct:qb_4948,definite_correct,10.0,confidence_manipulation_check,0.736660997852141
ambiguous:user_ambiguous_036|alpha=10|measure=confidence_manipulation_check,ambiguous:user_ambiguous_036,ambiguous,10.0,confidence_manipulation_check,0.6923643251147041
definite_false:tc_2359|alpha=10|measure=confidence_manipulation_check,definite_false:tc_2359,definite_false,10.0,confidence_manipulation_check,0.7276074383982633
definite_correct:qb_6665|alpha=10|measure=confidence_manipulation_check,definite_correct:qb_6665,definite_correct,10.0,confidence_manipulation_check,0.7606462558964381
definite_correct:bb_20|alpha=10|measure=confidence_manipulation_check,definite_correct:bb_20,definite_correct,10.0,confidence_manipulation_check,0.758343787142627
ambiguous:user_ambiguous_015|alpha=10|measure=confidence_manipulation_check,ambiguous:user_ambiguous_015,ambiguous,10.0,confidence_manipulation_check,0.6943154582775151
definite_false:bb_981|alpha=10|measure=confidence_manipulation_check,definite_false:bb_981,definite_false,10.0,confidence_manipulation_check,0.7232840132916862
ambiguous:user_ambiguous_090|alpha=10|measure=confidence_manipulation_check,ambiguous:user_ambiguous_090,ambiguous,10.0,confidence_manipulation_check,0.6273098078233489
definite_correct:qb_299|alpha=10|measure=confidence_manipulation_check,definite_correct:qb_299,definite_correct,10.0,confidence_manipulation_check,0.84068411255966
ambiguous:user_ambiguous_004|alpha=10|measure=confidence_manipulation_check,ambiguous:user_ambiguous_004,ambiguous,10.0,confidence_manipulation_check,0.6944149827123055
definite_false:qw_2399|alpha=10|measure=confidence_manipulation_check,definite_false:qw_2399,definite_false,10.0,confidence_manipulation_check,0.7027438102730229
ambiguous:user_ambiguous_084|alpha=10|measure=confidence_manipulation_check,ambiguous:user_ambiguous_084,ambiguous,10.0,confidence_manipulation_check,0.6612089082301168
ambiguous:user_ambiguous_049|alpha=10|measure=confidence_manipulation_check,ambiguous:user_ambiguous_049,ambiguous,10.0,confidence_manipulation_check,0.4326893949939404
definite_false:qb_2370|alpha=10|measure=confidence_manipulation_check,definite_false:qb_2370,definite_false,10.0,confidence_manipulation_check,0.7641250348749509
definite_correct:qb_3516|alpha=10|measure=confidence_manipulation_check,definite_correct:qb_3516,definite_correct,10.0,confidence_manipulation_check,0.795605063260956
definite_false:bb_77|alpha=10|measure=confidence_manipulation_check,definite_false:bb_77,definite_false,10.0,confidence_manipulation_check,0.3208576537348563
ambiguous:user_ambiguous_078|alpha=10|measure=confidence_manipulation_check,ambiguous:user_ambiguous_078,ambiguous,10.0,confidence_manipulation_check,0.7620635898508852
ambiguous:user_ambiguous_037|alpha=10|measure=confidence_manipulation_check,ambiguous:user_ambiguous_037,ambiguous,10.0,confidence_manipulation_check,0.7278841166600615
definite_correct:qw_4190|alpha=10|measure=confidence_manipulation_check,definite_correct:qw_4190,definite_correct,10.0,confidence_manipulation_check,0.8164235632582774
definite_false:dpql_4977|alpha=10|measure=confidence_manipulation_check,definite_false:dpql_4977,definite_false,10.0,confidence_manipulation_check,0.7346581003271183
definite_false:qw_5610|alpha=10|measure=confidence_manipulation_check,definite_false:qw_5610,definite_false,10.0,confidence_manipulation_check,0.7616189377020873
definite_correct:qb_650|alpha=10|measure=confidence_manipulation_check,definite_correct:qb_650,definite_correct,10.0,confidence_manipulation_check,0.7241016218077334
definite_correct:qz_340|alpha=10|measure=confidence_manipulation_check,definite_correct:qz_340,definite_correct,10.0,confidence_manipulation_check,0.8236314235366423
definite_correct:qb_916|alpha=10|measure=confidence_manipulation_check,definite_correct:qb_916,definite_correct,10.0,confidence_manipulation_check,0.823931234314847
definite_false:qb_3869|alpha=10|measure=confidence_manipulation_check,definite_false:qb_3869,definite_false,10.0,confidence_manipulation_check,0.8272924213997613
ambiguous:user_ambiguous_073|alpha=10|measure=confidence_manipulation_check,ambiguous:user_ambiguous_073,ambiguous,10.0,confidence_manipulation_check,0.689631478101137
definite_false:qb_3987|alpha=10|measure=confidence_manipulation_check,definite_false:qb_3987,definite_false,10.0,confidence_manipulation_check,0.7228309334226651
definite_false:qw_4953|alpha=10|measure=confidence_manipulation_check,definite_false:qw_4953,definite_false,10.0,confidence_manipulation_check,0.8532099745060805
definite_correct:bb_6024|alpha=10|measure=confidence_manipulation_check,definite_correct:bb_6024,definite_correct,10.0,confidence_manipulation_check,0.7910438558848
definite_correct:dpql_216|alpha=10|measure=confidence_manipulation_check,definite_correct:dpql_216,definite_correct,10.0,confidence_manipulation_check,0.800277937714924
definite_false:bb_8205|alpha=10|measure=confidence_manipulation_check,definite_false:bb_8205,definite_false,10.0,confidence_manipulation_check,0.7783085764188912
ambiguous:synthetic_ambiguity_befa9c239cfadb1e|alpha=10|measure=confidence_manipulation_check,ambiguous:synthetic_ambiguity_befa9c239cfadb1e,ambiguous,10.0,confidence_manipulation_check,0.3059334921243135
ambiguous:user_ambiguous_025|alpha=10|measure=confidence_manipulation_check,ambiguous:user_ambiguous_025,ambiguous,10.0,confidence_manipulation_check,0.6615728209100552
definite_false:qb_3427|alpha=10|measure=confidence_manipulation_check,definite_false:qb_3427,definite_false,10.0,confidence_manipulation_check,0.6988887652461017
definite_correct:qz_3927|alpha=10|measure=confidence_manipulation_check,definite_correct:qz_3927,definite_correct,10.0,confidence_manipulation_check,0.7073126217097524
definite_false:qb_919|alpha=10|measure=confidence_manipulation_check,definite_false:qb_919,definite_false,10.0,confidence_manipulation_check,0.7152419230474379
definite_correct:dpql_6346|alpha=10|measure=confidence_manipulation_check,definite_correct:dpql_6346,definite_correct,10.0,confidence_manipulation_check,0.7738450377987306
ambiguous:synthetic_ambiguity_77277aded01ef92e|alpha=10|measure=confidence_manipulation_check,ambiguous:synthetic_ambiguity_77277aded01ef92e,ambiguous,10.0,confidence_manipulation_check,0.7707524114264288
definite_false:bb_596|alpha=10|measure=confidence_manipulation_check,definite_false:bb_596,definite_false,10.0,confidence_manipulation_check,0.27437552108895036
definite_false:tc_540|alpha=10|measure=confidence_manipulation_check,definite_false:tc_540,definite_false,10.0,confidence_manipulation_check,0.7883044347947362
ambiguous:user_ambiguous_060|alpha=10|measure=confidence_manipulation_check,ambiguous:user_ambiguous_060,ambiguous,10.0,confidence_manipulation_check,0.6662847239469556
definite_correct:wh_4358|alpha=10|measure=confidence_manipulation_check,definite_correct:wh_4358,definite_correct,10.0,confidence_manipulation_check,0.8059276654880222
ambiguous:user_ambiguous_001|alpha=10|measure=confidence_manipulation_check,ambiguous:user_ambiguous_001,ambiguous,10.0,confidence_manipulation_check,0.3629611907002982
ambiguous:user_ambiguous_039|alpha=10|measure=confidence_manipulation_check,ambiguous:user_ambiguous_039,ambiguous,10.0,confidence_manipulation_check,0.729271260664109
ambiguous:user_ambiguous_033|alpha=10|measure=confidence_manipulation_check,ambiguous:user_ambiguous_033,ambiguous,10.0,confidence_manipulation_check,0.3107845897437073
definite_correct:bb_8732|alpha=10|measure=confidence_manipulation_check,definite_correct:bb_8732,definite_correct,10.0,confidence_manipulation_check,0.737510478514514
definite_correct:dpql_971|alpha=10|measure=confidence_manipulation_check,definite_correct:dpql_971,definite_correct,10.0,confidence_manipulation_check,0.6745808579091317
definite_correct:bb_1467|alpha=10|measure=confidence_manipulation_check,definite_correct:bb_1467,definite_correct,10.0,confidence_manipulation_check,0.7292493417911373
ambiguous:user_ambiguous_029|alpha=10|measure=confidence_manipulation_check,ambiguous:user_ambiguous_029,ambiguous,10.0,confidence_manipulation_check,0.6542582971009097
ambiguous:user_ambiguous_055|alpha=10|measure=confidence_manipulation_check,ambiguous:user_ambiguous_055,ambiguous,10.0,confidence_manipulation_check,0.6446466668815901
ambiguous:ambigqa_train_-4861369907584367396|alpha=10|measure=confidence_manipulation_check,ambiguous:ambigqa_train_-4861369907584367396,ambiguous,10.0,confidence_manipulation_check,0.6522052195751712
definite_correct:bb_810|alpha=10|measure=confidence_manipulation_check,definite_correct:bb_810,definite_correct,10.0,confidence_manipulation_check,0.7443243802467351
ambiguous:synthetic_ambiguity_d830565486f2d0b0|alpha=10|measure=confidence_manipulation_check,ambiguous:synthetic_ambiguity_d830565486f2d0b0,ambiguous,10.0,confidence_manipulation_check,0.6322950148206473
definite_correct:qb_4336|alpha=10|measure=confidence_manipulation_check,definite_correct:qb_4336,definite_correct,10.0,confidence_manipulation_check,0.7727017314381441
ambiguous:user_ambiguous_017|alpha=10|measure=confidence_manipulation_check,ambiguous:user_ambiguous_017,ambiguous,10.0,confidence_manipulation_check,0.412592186126858
definite_correct:bb_7263|alpha=10|measure=confidence_manipulation_check,definite_correct:bb_7263,definite_correct,10.0,confidence_manipulation_check,0.6829639742438643
definite_false:dpql_4319|alpha=10|measure=confidence_manipulation_check,definite_false:dpql_4319,definite_false,10.0,confidence_manipulation_check,0.6937602114121546
definite_correct:qb_9283|alpha=10|measure=confidence_manipulation_check,definite_correct:qb_9283,definite_correct,10.0,confidence_manipulation_check,0.800311169421147
definite_correct:qb_7921|alpha=10|measure=confidence_manipulation_check,definite_correct:qb_7921,definite_correct,10.0,confidence_manipulation_check,0.7527231332400248
ambiguous:user_ambiguous_064|alpha=10|measure=confidence_manipulation_check,ambiguous:user_ambiguous_064,ambiguous,10.0,confidence_manipulation_check,0.5647880068965605
definite_correct:qb_7271|alpha=10|measure=confidence_manipulation_check,definite_correct:qb_7271,definite_correct,10.0,confidence_manipulation_check,0.8013207774358534
definite_correct:qb_2497|alpha=10|measure=confidence_manipulation_check,definite_correct:qb_2497,definite_correct,10.0,confidence_manipulation_check,0.8255578200424225
definite_correct:bb_6465|alpha=10|measure=confidence_manipulation_check,definite_correct:bb_6465,definite_correct,10.0,confidence_manipulation_check,0.7831830463386155
definite_false:qw_3199|alpha=10|measure=confidence_manipulation_check,definite_false:qw_3199,definite_false,10.0,confidence_manipulation_check,0.45641665342263876
definite_correct:wh_453|alpha=10|measure=confidence_manipulation_check,definite_correct:wh_453,definite_correct,10.0,confidence_manipulation_check,0.7531728344868981
definite_false:wh_3277|alpha=10|measure=confidence_manipulation_check,definite_false:wh_3277,definite_false,10.0,confidence_manipulation_check,0.7471009578011945
definite_correct:qb_1456|alpha=10|measure=confidence_manipulation_check,definite_correct:qb_1456,definite_correct,10.0,confidence_manipulation_check,0.7375892758903546
definite_false:qw_1298|alpha=10|measure=confidence_manipulation_check,definite_false:qw_1298,definite_false,10.0,confidence_manipulation_check,0.35676214314880783
definite_false:tc_2506|alpha=10|measure=confidence_manipulation_check,definite_false:tc_2506,definite_false,10.0,confidence_manipulation_check,0.8159145574503782
definite_correct:qb_365|alpha=10|measure=confidence_manipulation_check,definite_correct:qb_365,definite_correct,10.0,confidence_manipulation_check,0.7134637135415914
definite_correct:qb_6086|alpha=10|measure=confidence_manipulation_check,definite_correct:qb_6086,definite_correct,10.0,confidence_manipulation_check,0.7684427475541498
definite_false:qb_3624|alpha=10|measure=confidence_manipulation_check,definite_false:qb_3624,definite_false,10.0,confidence_manipulation_check,0.3402442826103652
definite_correct:qw_1068|alpha=10|measure=confidence_manipulation_check,definite_correct:qw_1068,definite_correct,10.0,confidence_manipulation_check,0.8406472189176726
definite_correct:dpql_5846|alpha=10|measure=confidence_manipulation_check,definite_correct:dpql_5846,definite_correct,10.0,confidence_manipulation_check,0.8190149459690474
ambiguous:ambigqa_train_-4847378126974715981|alpha=10|measure=confidence_manipulation_check,ambiguous:ambigqa_train_-4847378126974715981,ambiguous,10.0,confidence_manipulation_check,0.6592024435799203
definite_correct:dpql_5223|alpha=10|measure=confidence_manipulation_check,definite_correct:dpql_5223,definite_correct,10.0,confidence_manipulation_check,0.7323216735742563
definite_correct:dpql_2538|alpha=10|measure=confidence_manipulation_check,definite_correct:dpql_2538,definite_correct,10.0,confidence_manipulation_check,0.7939749422209048
definite_false:wh_2928|alpha=10|measure=confidence_manipulation_check,definite_false:wh_2928,definite_false,10.0,confidence_manipulation_check,0.8043693440909464
definite_false:dpql_2396|alpha=10|measure=confidence_manipulation_check,definite_false:dpql_2396,definite_false,10.0,confidence_manipulation_check,0.7625413334747464
definite_false:qb_3225|alpha=10|measure=confidence_manipulation_check,definite_false:qb_3225,definite_false,10.0,confidence_manipulation_check,0.6978027609700803
ambiguous:user_ambiguous_041|alpha=10|measure=confidence_manipulation_check,ambiguous:user_ambiguous_041,ambiguous,10.0,confidence_manipulation_check,0.7491754527521977
definite_correct:qb_9954|alpha=10|measure=confidence_manipulation_check,definite_correct:qb_9954,definite_correct,10.0,confidence_manipulation_check,0.6956240007119788
ambiguous:ambigqa_train_8846306718324708097|alpha=10|measure=confidence_manipulation_check,ambiguous:ambigqa_train_8846306718324708097,ambiguous,10.0,confidence_manipulation_check,0.7732925692370998
definite_correct:qw_393|alpha=10|measure=confidence_manipulation_check,definite_correct:qw_393,definite_correct,10.0,confidence_manipulation_check,0.8057211622912461
definite_correct:qw_5716|alpha=10|measure=confidence_manipulation_check,definite_correct:qw_5716,definite_correct,10.0,confidence_manipulation_check,0.6688992954677928
ambiguous:ambigqa_train_-282133277527244056|alpha=10|measure=confidence_manipulation_check,ambiguous:ambigqa_train_-282133277527244056,ambiguous,10.0,confidence_manipulation_check,0.6491644115370035
definite_false:bb_3805|alpha=10|measure=confidence_manipulation_check,definite_false:bb_3805,definite_false,10.0,confidence_manipulation_check,0.6533898304356626
definite_correct:wh_1303|alpha=10|measure=confidence_manipulation_check,definite_correct:wh_1303,definite_correct,10.0,confidence_manipulation_check,0.8325491677559286
definite_correct:qz_5801|alpha=10|measure=confidence_manipulation_check,definite_correct:qz_5801,definite_correct,10.0,confidence_manipulation_check,0.8208488840039366
definite_false:qb_4987|alpha=10|measure=confidence_manipulation_check,definite_false:qb_4987,definite_false,10.0,confidence_manipulation_check,0.7848080171888796
ambiguous:ambigqa_dev_-2861341002123248407|alpha=10|measure=confidence_manipulation_check,ambiguous:ambigqa_dev_-2861341002123248407,ambiguous,10.0,confidence_manipulation_check,0.5332140163751319
definite_correct:qb_8036|alpha=10|measure=confidence_manipulation_check,definite_correct:qb_8036,definite_correct,10.0,confidence_manipulation_check,0.7658838088756852
definite_false:qb_5694|alpha=10|measure=confidence_manipulation_check,definite_false:qb_5694,definite_false,10.0,confidence_manipulation_check,0.7221062607011846
ambiguous:user_ambiguous_031|alpha=10|measure=confidence_manipulation_check,ambiguous:user_ambiguous_031,ambiguous,10.0,confidence_manipulation_check,0.1481137260387186
definite_false:bb_8112|alpha=10|measure=confidence_manipulation_check,definite_false:bb_8112,definite_false,10.0,confidence_manipulation_check,0.7269126820089469
definite_false:dpql_4754|alpha=10|measure=confidence_manipulation_check,definite_false:dpql_4754,definite_false,10.0,confidence_manipulation_check,0.6895326296485109
definite_correct:qb_2151|alpha=10|measure=confidence_manipulation_check,definite_correct:qb_2151,definite_correct,10.0,confidence_manipulation_check,0.7932678481448306
definite_false:bb_6487|alpha=10|measure=confidence_manipulation_check,definite_false:bb_6487,definite_false,10.0,confidence_manipulation_check,0.6864888363095815
ambiguous:synthetic_ambiguity_736399f8375cbe45|alpha=10|measure=confidence_manipulation_check,ambiguous:synthetic_ambiguity_736399f8375cbe45,ambiguous,10.0,confidence_manipulation_check,0.27023713332746413
definite_correct:tc_954|alpha=10|measure=confidence_manipulation_check,definite_correct:tc_954,definite_correct,10.0,confidence_manipulation_check,0.856887886519587
definite_false:qw_3582|alpha=10|measure=confidence_manipulation_check,definite_false:qw_3582,definite_false,10.0,confidence_manipulation_check,0.5163247194199357
definite_false:dpql_3912|alpha=10|measure=confidence_manipulation_check,definite_false:dpql_3912,definite_false,10.0,confidence_manipulation_check,0.7070578747258878
definite_false:bb_4519|alpha=10|measure=confidence_manipulation_check,definite_false:bb_4519,definite_false,10.0,confidence_manipulation_check,0.7131962737428409
definite_false:wh_2424|alpha=10|measure=confidence_manipulation_check,definite_false:wh_2424,definite_false,10.0,confidence_manipulation_check,0.7100097908399675
definite_correct:qw_5335|alpha=10|measure=confidence_manipulation_check,definite_correct:qw_5335,definite_correct,10.0,confidence_manipulation_check,0.7659581652716951
definite_false:bb_8893|alpha=10|measure=confidence_manipulation_check,definite_false:bb_8893,definite_false,10.0,confidence_manipulation_check,0.7892412043848395
definite_correct:tc_1323|alpha=10|measure=confidence_manipulation_check,definite_correct:tc_1323,definite_correct,10.0,confidence_manipulation_check,0.7411605386112029
definite_correct:qb_1435|alpha=10|measure=confidence_manipulation_check,definite_correct:qb_1435,definite_correct,10.0,confidence_manipulation_check,0.8542297392692092
ambiguous:user_ambiguous_062|alpha=10|measure=confidence_manipulation_check,ambiguous:user_ambiguous_062,ambiguous,10.0,confidence_manipulation_check,0.3621562047628686
ambiguous:user_ambiguous_079|alpha=10|measure=confidence_manipulation_check,ambiguous:user_ambiguous_079,ambiguous,10.0,confidence_manipulation_check,0.653952817959231
ambiguous:user_ambiguous_091|alpha=10|measure=confidence_manipulation_check,ambiguous:user_ambiguous_091,ambiguous,10.0,confidence_manipulation_check,0.5854518690044642
definite_false:qb_9682|alpha=10|measure=confidence_manipulation_check,definite_false:qb_9682,definite_false,10.0,confidence_manipulation_check,0.7268620310747338
definite_correct:wh_3778|alpha=10|measure=confidence_manipulation_check,definite_correct:wh_3778,definite_correct,10.0,confidence_manipulation_check,0.7874741466443084
definite_false:qb_4446|alpha=10|measure=confidence_manipulation_check,definite_false:qb_4446,definite_false,10.0,confidence_manipulation_check,0.681304035018934
definite_correct:bb_5094|alpha=10|measure=confidence_manipulation_check,definite_correct:bb_5094,definite_correct,10.0,confidence_manipulation_check,0.6949480881728846
ambiguous:ambigqa_train_8480092557592561766|alpha=10|measure=confidence_manipulation_check,ambiguous:ambigqa_train_8480092557592561766,ambiguous,10.0,confidence_manipulation_check,0.19394508010009306
ambiguous:user_ambiguous_099|alpha=10|measure=confidence_manipulation_check,ambiguous:user_ambiguous_099,ambiguous,10.0,confidence_manipulation_check,0.7950769307646738
definite_false:qw_3161|alpha=10|measure=confidence_manipulation_check,definite_false:qw_3161,definite_false,10.0,confidence_manipulation_check,0.7063054814627322
ambiguous:ambigqa_train_6967337893340565499|alpha=10|measure=confidence_manipulation_check,ambiguous:ambigqa_train_6967337893340565499,ambiguous,10.0,confidence_manipulation_check,0.702642553540781
definite_correct:qb_34|alpha=10|measure=confidence_manipulation_check,definite_correct:qb_34,definite_correct,10.0,confidence_manipulation_check,0.7790722643256629
definite_correct:qw_2634|alpha=10|measure=confidence_manipulation_check,definite_correct:qw_2634,definite_correct,10.0,confidence_manipulation_check,0.8258979707660103
definite_correct:qb_4415|alpha=10|measure=confidence_manipulation_check,definite_correct:qb_4415,definite_correct,10.0,confidence_manipulation_check,0.7770518781494786
definite_false:bb_2616|alpha=10|measure=confidence_manipulation_check,definite_false:bb_2616,definite_false,10.0,confidence_manipulation_check,0.5962389962747694
ambiguous:user_ambiguous_061|alpha=10|measure=confidence_manipulation_check,ambiguous:user_ambiguous_061,ambiguous,10.0,confidence_manipulation_check,0.7181460233669043
ambiguous:user_ambiguous_068|alpha=10|measure=confidence_manipulation_check,ambiguous:user_ambiguous_068,ambiguous,10.0,confidence_manipulation_check,0.2602117011720111
ambiguous:user_ambiguous_074|alpha=10|measure=confidence_manipulation_check,ambiguous:user_ambiguous_074,ambiguous,10.0,confidence_manipulation_check,0.28743072443830897
definite_correct:bb_2326|alpha=10|measure=confidence_manipulation_check,definite_correct:bb_2326,definite_correct,10.0,confidence_manipulation_check,0.810862533642819
ambiguous:user_ambiguous_070|alpha=10|measure=confidence_manipulation_check,ambiguous:user_ambiguous_070,ambiguous,10.0,confidence_manipulation_check,0.26466579443076627
definite_correct:qw_243|alpha=10|measure=confidence_manipulation_check,definite_correct:qw_243,definite_correct,10.0,confidence_manipulation_check,0.807423614422892
definite_false:dpql_1059|alpha=10|measure=confidence_manipulation_check,definite_false:dpql_1059,definite_false,10.0,confidence_manipulation_check,0.7408037685158888
ambiguous:user_ambiguous_088|alpha=10|measure=confidence_manipulation_check,ambiguous:user_ambiguous_088,ambiguous,10.0,confidence_manipulation_check,0.5986627420494187
definite_false:wh_451|alpha=10|measure=confidence_manipulation_check,definite_false:wh_451,definite_false,10.0,confidence_manipulation_check,0.36303111718734726
definite_correct:qz_1139|alpha=10|measure=confidence_manipulation_check,definite_correct:qz_1139,definite_correct,10.0,confidence_manipulation_check,0.6765608109456251
definite_correct:bb_9251|alpha=10|measure=confidence_manipulation_check,definite_correct:bb_9251,definite_correct,10.0,confidence_manipulation_check,0.7731226868272187
definite_false:dpql_2259|alpha=10|measure=confidence_manipulation_check,definite_false:dpql_2259,definite_false,10.0,confidence_manipulation_check,0.7813945810356302
ambiguous:ambigqa_dev_-2928173928559810904|alpha=10|measure=confidence_manipulation_check,ambiguous:ambigqa_dev_-2928173928559810904,ambiguous,10.0,confidence_manipulation_check,0.6377131836045009
ambiguous:ambigqa_train_-5746040628732928353|alpha=10|measure=confidence_manipulation_check,ambiguous:ambigqa_train_-5746040628732928353,ambiguous,10.0,confidence_manipulation_check,0.6819687769865993
definite_false:qb_2899|alpha=10|measure=confidence_manipulation_check,definite_false:qb_2899,definite_false,10.0,confidence_manipulation_check,0.6459176977023162
ambiguous:synthetic_ambiguity_db564851e7629ffa|alpha=10|measure=confidence_manipulation_check,ambiguous:synthetic_ambiguity_db564851e7629ffa,ambiguous,10.0,confidence_manipulation_check,0.664042147276632
definite_correct:qw_45|alpha=10|measure=confidence_manipulation_check,definite_correct:qw_45,definite_correct,10.0,confidence_manipulation_check,0.8030854193516461
ambiguous:user_ambiguous_034|alpha=10|measure=confidence_manipulation_check,ambiguous:user_ambiguous_034,ambiguous,10.0,confidence_manipulation_check,0.5753525129402988
ambiguous:user_ambiguous_069|alpha=10|measure=confidence_manipulation_check,ambiguous:user_ambiguous_069,ambiguous,10.0,confidence_manipulation_check,0.7330618365172767
definite_correct:bb_1135|alpha=10|measure=confidence_manipulation_check,definite_correct:bb_1135,definite_correct,10.0,confidence_manipulation_check,0.7078080521140023
ambiguous:user_ambiguous_024|alpha=10|measure=confidence_manipulation_check,ambiguous:user_ambiguous_024,ambiguous,10.0,confidence_manipulation_check,0.6488539550892027
definite_false:bb_4587|alpha=10|measure=confidence_manipulation_check,definite_false:bb_4587,definite_false,10.0,confidence_manipulation_check,0.6149605962913484
definite_false:qb_7085|alpha=10|measure=confidence_manipulation_check,definite_false:qb_7085,definite_false,10.0,confidence_manipulation_check,0.7761331893658934
definite_false:tc_1535|alpha=10|measure=confidence_manipulation_check,definite_false:tc_1535,definite_false,10.0,confidence_manipulation_check,0.7738651380020201
definite_false:qb_2329|alpha=10|measure=confidence_manipulation_check,definite_false:qb_2329,definite_false,10.0,confidence_manipulation_check,0.3664260784280486
definite_false:dpql_1695|alpha=10|measure=confidence_manipulation_check,definite_false:dpql_1695,definite_false,10.0,confidence_manipulation_check,0.6625971634086455
definite_false:qb_525|alpha=10|measure=confidence_manipulation_check,definite_false:qb_525,definite_false,10.0,confidence_manipulation_check,0.6997179778078134
definite_false:bb_968|alpha=10|measure=confidence_manipulation_check,definite_false:bb_968,definite_false,10.0,confidence_manipulation_check,0.7881345254652843
definite_false:qb_936|alpha=10|measure=confidence_manipulation_check,definite_false:qb_936,definite_false,10.0,confidence_manipulation_check,0.7990806258796624
definite_correct:qb_3191|alpha=10|measure=confidence_manipulation_check,definite_correct:qb_3191,definite_correct,10.0,confidence_manipulation_check,0.7945980287506756
ambiguous:user_ambiguous_042|alpha=10|measure=confidence_manipulation_check,ambiguous:user_ambiguous_042,ambiguous,10.0,confidence_manipulation_check,0.8014283995064091
definite_false:tc_349|alpha=10|measure=confidence_manipulation_check,definite_false:tc_349,definite_false,10.0,confidence_manipulation_check,0.7780149334630551
definite_false:bb_2489|alpha=10|measure=confidence_manipulation_check,definite_false:bb_2489,definite_false,10.0,confidence_manipulation_check,0.6429589265642335
definite_false:bb_7609|alpha=10|measure=confidence_manipulation_check,definite_false:bb_7609,definite_false,10.0,confidence_manipulation_check,0.658524934991874
ambiguous:user_ambiguous_012|alpha=10|measure=confidence_manipulation_check,ambiguous:user_ambiguous_012,ambiguous,10.0,confidence_manipulation_check,0.7714140558249029
definite_false:bb_4598|alpha=10|measure=confidence_manipulation_check,definite_false:bb_4598,definite_false,10.0,confidence_manipulation_check,0.6849571646300319
ambiguous:user_ambiguous_008|alpha=10|measure=confidence_manipulation_check,ambiguous:user_ambiguous_008,ambiguous,10.0,confidence_manipulation_check,0.7224822825294723
ambiguous:user_ambiguous_048|alpha=10|measure=confidence_manipulation_check,ambiguous:user_ambiguous_048,ambiguous,10.0,confidence_manipulation_check,0.6851957586362459
definite_correct:qw_6782|alpha=10|measure=confidence_manipulation_check,definite_correct:qw_6782,definite_correct,10.0,confidence_manipulation_check,0.7462756633012304
definite_correct:qb_8074|alpha=10|measure=confidence_manipulation_check,definite_correct:qb_8074,definite_correct,10.0,confidence_manipulation_check,0.8115721751774572
definite_correct:bb_9184|alpha=10|measure=confidence_manipulation_check,definite_correct:bb_9184,definite_correct,10.0,confidence_manipulation_check,0.6908836753200376
definite_false:qw_4954|alpha=10|measure=confidence_manipulation_check,definite_false:qw_4954,definite_false,10.0,confidence_manipulation_check,0.7218362864208757
ambiguous:user_ambiguous_043|alpha=10|measure=confidence_manipulation_check,ambiguous:user_ambiguous_043,ambiguous,10.0,confidence_manipulation_check,0.6780158225740252
definite_false:tc_2728|alpha=10|measure=confidence_manipulation_check,definite_false:tc_2728,definite_false,10.0,confidence_manipulation_check,0.6663512992279721
definite_correct:qb_3365|alpha=10|measure=confidence_manipulation_check,definite_correct:qb_3365,definite_correct,10.0,confidence_manipulation_check,0.8274814220957695
definite_false:qz_2428|alpha=10|measure=confidence_manipulation_check,definite_false:qz_2428,definite_false,10.0,confidence_manipulation_check,0.6913846406193442
definite_correct:wh_51|alpha=10|measure=confidence_manipulation_check,definite_correct:wh_51,definite_correct,10.0,confidence_manipulation_check,0.842476909954997
definite_false:qz_1393|alpha=10|measure=confidence_manipulation_check,definite_false:qz_1393,definite_false,10.0,confidence_manipulation_check,0.7975175313273896
definite_correct:bb_5550|alpha=10|measure=confidence_manipulation_check,definite_correct:bb_5550,definite_correct,10.0,confidence_manipulation_check,0.7240905939866252
definite_correct:qb_8250|alpha=10|measure=confidence_manipulation_check,definite_correct:qb_8250,definite_correct,10.0,confidence_manipulation_check,0.7762504996664574
definite_correct:dpql_2276|alpha=5|measure=wager_abstention,definite_correct:dpql_2276,definite_correct,5.0,wager_abstention,0.00012339458044152707
definite_correct:qb_1172|alpha=5|measure=wager_abstention,definite_correct:qb_1172,definite_correct,5.0,wager_abstention,0.24508501589298248
ambiguous:user_ambiguous_032|alpha=5|measure=wager_abstention,ambiguous:user_ambiguous_032,ambiguous,5.0,wager_abstention,0.8807970285415649
definite_false:dpql_3912|alpha=5|measure=wager_abstention,definite_false:dpql_3912,definite_false,5.0,wager_abstention,0.9940890073776245
definite_correct:dpql_971|alpha=5|measure=wager_abstention,definite_correct:dpql_971,definite_correct,5.0,wager_abstention,0.8933094143867493
definite_correct:qb_7921|alpha=5|measure=wager_abstention,definite_correct:qb_7921,definite_correct,5.0,wager_abstention,0.9525741338729858
ambiguous:ambigqa_train_-4829972042995259834|alpha=5|measure=wager_abstention,ambiguous:ambigqa_train_-4829972042995259834,ambiguous,5.0,wager_abstention,0.14804719388484955
definite_false:dpql_3092|alpha=5|measure=wager_abstention,definite_false:dpql_3092,definite_false,5.0,wager_abstention,0.9994471669197083
definite_false:qw_3353|alpha=5|measure=wager_abstention,definite_false:qw_3353,definite_false,5.0,wager_abstention,0.998498797416687
definite_false:bb_4598|alpha=5|measure=wager_abstention,definite_false:bb_4598,definite_false,5.0,wager_abstention,0.999373733997345
definite_false:qb_919|alpha=5|measure=wager_abstention,definite_false:qb_919,definite_false,5.0,wager_abstention,0.0013250223128125072
ambiguous:user_ambiguous_029|alpha=5|measure=wager_abstention,ambiguous:user_ambiguous_029,ambiguous,5.0,wager_abstention,0.8175744414329529
ambiguous:user_ambiguous_042|alpha=5|measure=wager_abstention,ambiguous:user_ambiguous_042,ambiguous,5.0,wager_abstention,0.7772998809814453
ambiguous:user_ambiguous_046|alpha=5|measure=wager_abstention,ambiguous:user_ambiguous_046,ambiguous,5.0,wager_abstention,0.9971990585327148
definite_correct:tc_1323|alpha=5|measure=wager_abstention,definite_correct:tc_1323,definite_correct,5.0,wager_abstention,0.29421496391296387
definite_correct:qb_10132|alpha=5|measure=wager_abstention,definite_correct:qb_10132,definite_correct,5.0,wager_abstention,2.7535690605873242e-05
definite_false:qw_5896|alpha=5|measure=wager_abstention,definite_false:qw_5896,definite_false,5.0,wager_abstention,0.9924227595329285
ambiguous:user_ambiguous_059|alpha=5|measure=wager_abstention,ambiguous:user_ambiguous_059,ambiguous,5.0,wager_abstention,0.7310585975646973
definite_correct:tc_2317|alpha=5|measure=wager_abstention,definite_correct:tc_2317,definite_correct,5.0,wager_abstention,0.00037998449988663197
definite_correct:bb_1135|alpha=5|measure=wager_abstention,definite_correct:bb_1135,definite_correct,5.0,wager_abstention,0.9875683188438416
definite_correct:dpql_6083|alpha=5|measure=wager_abstention,definite_correct:dpql_6083,definite_correct,5.0,wager_abstention,0.0001795279822545126
definite_false:bb_1220|alpha=5|measure=wager_abstention,definite_false:bb_1220,definite_false,5.0,wager_abstention,0.9990890026092529
definite_false:bb_2616|alpha=5|measure=wager_abstention,definite_false:bb_2616,definite_false,5.0,wager_abstention,0.9997040629386902
definite_false:qw_2399|alpha=5|measure=wager_abstention,definite_false:qw_2399,definite_false,5.0,wager_abstention,0.999373733997345
ambiguous:synthetic_ambiguity_befa9c239cfadb1e|alpha=5|measure=wager_abstention,ambiguous:synthetic_ambiguity_befa9c239cfadb1e,ambiguous,5.0,wager_abstention,0.9997965693473816
definite_false:bb_6668|alpha=5|measure=wager_abstention,definite_false:bb_6668,definite_false,5.0,wager_abstention,0.9988304972648621
definite_false:qb_4446|alpha=5|measure=wager_abstention,definite_false:qb_4446,definite_false,5.0,wager_abstention,0.9902915358543396
definite_false:qb_355|alpha=5|measure=wager_abstention,definite_false:qb_355,definite_false,5.0,wager_abstention,0.18242551386356354
definite_false:wh_2928|alpha=5|measure=wager_abstention,definite_false:wh_2928,definite_false,5.0,wager_abstention,0.9149009585380554
definite_false:qb_7085|alpha=5|measure=wager_abstention,definite_false:qb_7085,definite_false,5.0,wager_abstention,0.9875683188438416
ambiguous:synthetic_ambiguity_db564851e7629ffa|alpha=5|measure=wager_abstention,ambiguous:synthetic_ambiguity_db564851e7629ffa,ambiguous,5.0,wager_abstention,0.9324532747268677
definite_correct:wh_51|alpha=5|measure=wager_abstention,definite_correct:wh_51,definite_correct,5.0,wager_abstention,0.9324532747268677
ambiguous:user_ambiguous_004|alpha=5|measure=wager_abstention,ambiguous:user_ambiguous_004,ambiguous,5.0,wager_abstention,0.006692850962281227
definite_false:qb_2901|alpha=5|measure=wager_abstention,definite_false:qb_2901,definite_false,5.0,wager_abstention,0.9997040629386902
definite_correct:dpql_6346|alpha=5|measure=wager_abstention,definite_correct:dpql_6346,definite_correct,5.0,wager_abstention,0.0004878571489825845
definite_correct:bb_20|alpha=5|measure=wager_abstention,definite_correct:bb_20,definite_correct,5.0,wager_abstention,0.012431650422513485
definite_correct:qb_8036|alpha=5|measure=wager_abstention,definite_correct:qb_8036,definite_correct,5.0,wager_abstention,0.9399133324623108
definite_correct:qw_243|alpha=5|measure=wager_abstention,definite_correct:qw_243,definite_correct,5.0,wager_abstention,0.7549149990081787
definite_false:qw_3199|alpha=5|measure=wager_abstention,definite_false:qw_3199,definite_false,5.0,wager_abstention,0.9997387528419495
definite_false:dpql_1695|alpha=5|measure=wager_abstention,definite_false:dpql_1695,definite_false,5.0,wager_abstention,0.9991958737373352
ambiguous:user_ambiguous_075|alpha=5|measure=wager_abstention,ambiguous:user_ambiguous_075,ambiguous,5.0,wager_abstention,0.9999417066574097
ambiguous:synthetic_ambiguity_0fb6efbc1bf0ec38|alpha=5|measure=wager_abstention,ambiguous:synthetic_ambiguity_0fb6efbc1bf0ec38,ambiguous,5.0,wager_abstention,0.9992903470993042
definite_false:bb_596|alpha=5|measure=wager_abstention,definite_false:bb_596,definite_false,5.0,wager_abstention,0.9998766183853149
ambiguous:user_ambiguous_054|alpha=5|measure=wager_abstention,ambiguous:user_ambiguous_054,ambiguous,5.0,wager_abstention,0.4378235340118408
definite_correct:tc_955|alpha=5|measure=wager_abstention,definite_correct:tc_955,definite_correct,5.0,wager_abstention,0.9465966820716858
ambiguous:user_ambiguous_033|alpha=5|measure=wager_abstention,ambiguous:user_ambiguous_033,ambiguous,5.0,wager_abstention,0.8807970285415649
definite_false:bb_5317|alpha=5|measure=wager_abstention,definite_false:bb_5317,definite_false,5.0,wager_abstention,0.9998601675033569
definite_false:qw_6106|alpha=5|measure=wager_abstention,definite_false:qw_6106,definite_false,5.0,wager_abstention,0.9991958737373352
ambiguous:user_ambiguous_045|alpha=5|measure=wager_abstention,ambiguous:user_ambiguous_045,ambiguous,5.0,wager_abstention,0.2689414322376251
definite_correct:qb_4336|alpha=5|measure=wager_abstention,definite_correct:qb_4336,definite_correct,5.0,wager_abstention,4.006369272246957e-05
definite_correct:qb_8861|alpha=5|measure=wager_abstention,definite_correct:qb_8861,definite_correct,5.0,wager_abstention,0.0007096704212017357
ambiguous:user_ambiguous_039|alpha=5|measure=wager_abstention,ambiguous:user_ambiguous_039,ambiguous,5.0,wager_abstention,0.8175744414329529
ambiguous:user_ambiguous_099|alpha=5|measure=wager_abstention,ambiguous:user_ambiguous_099,ambiguous,5.0,wager_abstention,0.9980732202529907
definite_correct:tc_1284|alpha=5|measure=wager_abstention,definite_correct:tc_1284,definite_correct,5.0,wager_abstention,0.00015843621804378927
ambiguous:ambigqa_dev_2248395039731877618|alpha=5|measure=wager_abstention,ambiguous:ambigqa_dev_2248395039731877618,ambiguous,5.0,wager_abstention,0.9988304972648621
definite_false:qb_3427|alpha=5|measure=wager_abstention,definite_false:qb_3427,definite_false,5.0,wager_abstention,0.9986749291419983
definite_correct:qb_650|alpha=5|measure=wager_abstention,definite_correct:qb_650,definite_correct,5.0,wager_abstention,5.144221358932555e-05
definite_correct:dpql_3467|alpha=5|measure=wager_abstention,definite_correct:dpql_3467,definite_correct,5.0,wager_abstention,0.002182716503739357
ambiguous:user_ambiguous_026|alpha=5|measure=wager_abstention,ambiguous:user_ambiguous_026,ambiguous,5.0,wager_abstention,0.9989677667617798
ambiguous:ambigqa_dev_-2861341002123248407|alpha=5|measure=wager_abstention,ambiguous:ambigqa_dev_-2861341002123248407,ambiguous,5.0,wager_abstention,0.970687747001648
definite_correct:qb_34|alpha=5|measure=wager_abstention,definite_correct:qb_34,definite_correct,5.0,wager_abstention,0.5
definite_correct:qb_4948|alpha=5|measure=wager_abstention,definite_correct:qb_4948,definite_correct,5.0,wager_abstention,0.0019267345778644085
definite_correct:qb_3684|alpha=5|measure=wager_abstention,definite_correct:qb_3684,definite_correct,5.0,wager_abstention,0.00020342698553577065
ambiguous:user_ambiguous_050|alpha=5|measure=wager_abstention,ambiguous:user_ambiguous_050,ambiguous,5.0,wager_abstention,0.9669140577316284
definite_false:bb_8893|alpha=5|measure=wager_abstention,definite_false:bb_8893,definite_false,5.0,wager_abstention,0.010986942797899246
definite_false:bb_7609|alpha=5|measure=wager_abstention,definite_false:bb_7609,definite_false,5.0,wager_abstention,0.9997387528419495
definite_false:bb_6487|alpha=5|measure=wager_abstention,definite_false:bb_6487,definite_false,5.0,wager_abstention,0.9840936064720154
definite_false:bb_3805|alpha=5|measure=wager_abstention,definite_false:bb_3805,definite_false,5.0,wager_abstention,0.29421496391296387
definite_false:qb_1556|alpha=5|measure=wager_abstention,definite_false:qb_1556,definite_false,5.0,wager_abstention,0.2018132209777832
ambiguous:ambigqa_train_3267103377301376828|alpha=5|measure=wager_abstention,ambiguous:ambigqa_train_3267103377301376828,ambiguous,5.0,wager_abstention,0.4378235340118408
definite_false:bb_8112|alpha=5|measure=wager_abstention,definite_false:bb_8112,definite_false,5.0,wager_abstention,0.9980732202529907
definite_false:dpql_753|alpha=5|measure=wager_abstention,definite_false:dpql_753,definite_false,5.0,wager_abstention,0.9986749291419983
ambiguous:user_ambiguous_024|alpha=5|measure=wager_abstention,ambiguous:user_ambiguous_024,ambiguous,5.0,wager_abstention,0.9994471669197083
definite_correct:qb_365|alpha=5|measure=wager_abstention,definite_correct:qb_365,definite_correct,5.0,wager_abstention,4.006369272246957e-05
definite_correct:qw_1421|alpha=5|measure=wager_abstention,definite_correct:qw_1421,definite_correct,5.0,wager_abstention,0.9924227595329285
definite_false:qw_5298|alpha=5|measure=wager_abstention,definite_false:qw_5298,definite_false,5.0,wager_abstention,0.9988304972648621
definite_correct:qb_5063|alpha=5|measure=wager_abstention,definite_correct:qb_5063,definite_correct,5.0,wager_abstention,0.0007096704212017357
definite_correct:dpql_633|alpha=5|measure=wager_abstention,definite_correct:dpql_633,definite_correct,5.0,wager_abstention,0.0004878571489825845
definite_false:qz_6898|alpha=5|measure=wager_abstention,definite_false:qz_6898,definite_false,5.0,wager_abstention,0.9986749291419983
definite_false:qw_1298|alpha=5|measure=wager_abstention,definite_false:qw_1298,definite_false,5.0,wager_abstention,0.9996646642684937
definite_correct:qb_9954|alpha=5|measure=wager_abstention,definite_correct:qb_9954,definite_correct,5.0,wager_abstention,7.484622619813308e-05
definite_false:dpql_4205|alpha=5|measure=wager_abstention,definite_false:dpql_4205,definite_false,5.0,wager_abstention,0.9902915358543396
definite_false:dpql_3261|alpha=5|measure=wager_abstention,definite_false:dpql_3261,definite_false,5.0,wager_abstention,0.9995694756507874
definite_correct:bb_5566|alpha=5|measure=wager_abstention,definite_correct:bb_5566,definite_correct,5.0,wager_abstention,0.0009110512328334153
definite_correct:bb_9184|alpha=5|measure=wager_abstention,definite_correct:bb_9184,definite_correct,5.0,wager_abstention,0.9324532747268677
definite_false:wh_451|alpha=5|measure=wager_abstention,definite_false:wh_451,definite_false,5.0,wager_abstention,0.9988304972648621
definite_correct:qw_2634|alpha=5|measure=wager_abstention,definite_correct:qw_2634,definite_correct,5.0,wager_abstention,0.562176525592804
definite_false:qz_1393|alpha=5|measure=wager_abstention,definite_false:qz_1393,definite_false,5.0,wager_abstention,0.9924227595329285
ambiguous:user_ambiguous_060|alpha=5|measure=wager_abstention,ambiguous:user_ambiguous_060,ambiguous,5.0,wager_abstention,0.9820137619972229
ambiguous:ambigqa_train_-5746040628732928353|alpha=5|measure=wager_abstention,ambiguous:ambigqa_train_-5746040628732928353,ambiguous,5.0,wager_abstention,0.9994471669197083
definite_false:tc_2257|alpha=5|measure=wager_abstention,definite_false:tc_2257,definite_false,5.0,wager_abstention,0.9999039173126221
definite_false:qb_3225|alpha=5|measure=wager_abstention,definite_false:qb_3225,definite_false,5.0,wager_abstention,0.9997387528419495
ambiguous:user_ambiguous_092|alpha=5|measure=wager_abstention,ambiguous:user_ambiguous_092,ambiguous,5.0,wager_abstention,0.2689414322376251
definite_correct:qb_6581|alpha=5|measure=wager_abstention,definite_correct:qb_6581,definite_correct,5.0,wager_abstention,0.0010322310263291001
definite_false:wh_252|alpha=5|measure=wager_abstention,definite_false:wh_252,definite_false,5.0,wager_abstention,0.9933071732521057
ambiguous:ambigqa_train_8480092557592561766|alpha=5|measure=wager_abstention,ambiguous:ambigqa_train_8480092557592561766,ambiguous,5.0,wager_abstention,0.9241418242454529
ambiguous:ambigqa_train_8846306718324708097|alpha=5|measure=wager_abstention,ambiguous:ambigqa_train_8846306718324708097,ambiguous,5.0,wager_abstention,0.00970847625285387
definite_correct:qw_393|alpha=5|measure=wager_abstention,definite_correct:qw_393,definite_correct,5.0,wager_abstention,0.00029595711384899914
ambiguous:user_ambiguous_036|alpha=5|measure=wager_abstention,ambiguous:user_ambiguous_036,ambiguous,5.0,wager_abstention,0.9988304972648621
ambiguous:user_ambiguous_093|alpha=5|measure=wager_abstention,ambiguous:user_ambiguous_093,ambiguous,5.0,wager_abstention,0.9964063763618469
definite_false:qw_4953|alpha=5|measure=wager_abstention,definite_false:qw_4953,definite_false,5.0,wager_abstention,0.9980732202529907
definite_false:dpql_4319|alpha=5|measure=wager_abstention,definite_false:dpql_4319,definite_false,5.0,wager_abstention,0.999373733997345
definite_false:qb_6250|alpha=5|measure=wager_abstention,definite_false:qb_6250,definite_false,5.0,wager_abstention,0.9975274205207825
definite_correct:bb_8732|alpha=5|measure=wager_abstention,definite_correct:bb_8732,definite_correct,5.0,wager_abstention,0.00037998449988663197
ambiguous:synthetic_ambiguity_7462141d7ff09177|alpha=5|measure=wager_abstention,ambiguous:synthetic_ambiguity_7462141d7ff09177,ambiguous,5.0,wager_abstention,0.9999417066574097
ambiguous:ambigqa_train_6967337893340565499|alpha=5|measure=wager_abstention,ambiguous:ambigqa_train_6967337893340565499,ambiguous,5.0,wager_abstention,0.11920291185379028
definite_false:qb_9244|alpha=5|measure=wager_abstention,definite_false:qb_9244,definite_false,5.0,wager_abstention,0.6791787147521973
ambiguous:synthetic_ambiguity_c51d6353acd62fc1|alpha=5|measure=wager_abstention,ambiguous:synthetic_ambiguity_c51d6353acd62fc1,ambiguous,5.0,wager_abstention,0.9241418242454529
definite_correct:qb_299|alpha=5|measure=wager_abstention,definite_correct:qb_299,definite_correct,5.0,wager_abstention,0.00037998449988663197
ambiguous:user_ambiguous_076|alpha=5|measure=wager_abstention,ambiguous:user_ambiguous_076,ambiguous,5.0,wager_abstention,0.8519527316093445
definite_correct:bb_9251|alpha=5|measure=wager_abstention,definite_correct:bb_9251,definite_correct,5.0,wager_abstention,0.4378235340118408
definite_false:bb_8205|alpha=5|measure=wager_abstention,definite_false:bb_8205,definite_false,5.0,wager_abstention,0.9796676635742188
ambiguous:user_ambiguous_091|alpha=5|measure=wager_abstention,ambiguous:user_ambiguous_091,ambiguous,5.0,wager_abstention,0.7772998809814453
definite_correct:bb_7263|alpha=5|measure=wager_abstention,definite_correct:bb_7263,definite_correct,5.0,wager_abstention,0.007577241398394108
definite_false:dpql_4754|alpha=5|measure=wager_abstention,definite_false:dpql_4754,definite_false,5.0,wager_abstention,0.9933071732521057
definite_correct:qb_3191|alpha=5|measure=wager_abstention,definite_correct:qb_3191,definite_correct,5.0,wager_abstention,0.0001795279822545126
definite_correct:wh_1933|alpha=5|measure=wager_abstention,definite_correct:wh_1933,definite_correct,5.0,wager_abstention,0.00029595711384899914
ambiguous:user_ambiguous_025|alpha=5|measure=wager_abstention,ambiguous:user_ambiguous_025,ambiguous,5.0,wager_abstention,0.9241418242454529
definite_false:bb_981|alpha=5|measure=wager_abstention,definite_false:bb_981,definite_false,5.0,wager_abstention,0.9959298968315125
definite_correct:qw_132|alpha=5|measure=wager_abstention,definite_correct:qw_132,definite_correct,5.0,wager_abstention,0.8354835510253906
definite_false:wh_2424|alpha=5|measure=wager_abstention,definite_false:wh_2424,definite_false,5.0,wager_abstention,0.0009110512328334153
definite_correct:qb_3516|alpha=5|measure=wager_abstention,definite_correct:qb_3516,definite_correct,5.0,wager_abstention,0.622459352016449
definite_correct:bb_5550|alpha=5|measure=wager_abstention,definite_correct:bb_5550,definite_correct,5.0,wager_abstention,0.7057850360870361
ambiguous:ambigqa_train_-6615422287569447999|alpha=5|measure=wager_abstention,ambiguous:ambigqa_train_-6615422287569447999,ambiguous,5.0,wager_abstention,0.9986749291419983
definite_false:bb_2489|alpha=5|measure=wager_abstention,definite_false:bb_2489,definite_false,5.0,wager_abstention,0.562176525592804
ambiguous:user_ambiguous_062|alpha=5|measure=wager_abstention,ambiguous:user_ambiguous_062,ambiguous,5.0,wager_abstention,0.9933071732521057
definite_correct:bb_121|alpha=5|measure=wager_abstention,definite_correct:bb_121,definite_correct,5.0,wager_abstention,0.00037998449988663197
definite_false:qw_5610|alpha=5|measure=wager_abstention,definite_false:qw_5610,definite_false,5.0,wager_abstention,0.007577241398394108
definite_false:qb_3296|alpha=5|measure=wager_abstention,definite_false:qb_3296,definite_false,5.0,wager_abstention,0.8807970285415649
definite_false:qz_2428|alpha=5|measure=wager_abstention,definite_false:qz_2428,definite_false,5.0,wager_abstention,0.9890130758285522
ambiguous:user_ambiguous_079|alpha=5|measure=wager_abstention,ambiguous:user_ambiguous_079,ambiguous,5.0,wager_abstention,0.9149009585380554
ambiguous:user_ambiguous_020|alpha=5|measure=wager_abstention,ambiguous:user_ambiguous_020,ambiguous,5.0,wager_abstention,0.622459352016449
ambiguous:ambigqa_train_4701094121253884727|alpha=5|measure=wager_abstention,ambiguous:ambigqa_train_4701094121253884727,ambiguous,5.0,wager_abstention,0.9959298968315125
ambiguous:user_ambiguous_089|alpha=5|measure=wager_abstention,ambiguous:user_ambiguous_089,ambiguous,5.0,wager_abstention,0.5
definite_correct:dpql_5223|alpha=5|measure=wager_abstention,definite_correct:dpql_5223,definite_correct,5.0,wager_abstention,0.9902915358543396
ambiguous:user_ambiguous_069|alpha=5|measure=wager_abstention,ambiguous:user_ambiguous_069,ambiguous,5.0,wager_abstention,0.5
definite_correct:qb_6086|alpha=5|measure=wager_abstention,definite_correct:qb_6086,definite_correct,5.0,wager_abstention,0.9947799444198608
ambiguous:user_ambiguous_074|alpha=5|measure=wager_abstention,ambiguous:user_ambiguous_074,ambiguous,5.0,wager_abstention,0.9820137619972229
definite_correct:tc_1602|alpha=5|measure=wager_abstention,definite_correct:tc_1602,definite_correct,5.0,wager_abstention,0.9399133324623108
definite_correct:wh_1303|alpha=5|measure=wager_abstention,definite_correct:wh_1303,definite_correct,5.0,wager_abstention,0.9669140577316284
definite_correct:bb_436|alpha=5|measure=wager_abstention,definite_correct:bb_436,definite_correct,5.0,wager_abstention,0.14804719388484955
ambiguous:synthetic_ambiguity_d830565486f2d0b0|alpha=5|measure=wager_abstention,ambiguous:synthetic_ambiguity_d830565486f2d0b0,ambiguous,5.0,wager_abstention,0.9997695088386536
definite_correct:qb_1456|alpha=5|measure=wager_abstention,definite_correct:qb_1456,definite_correct,5.0,wager_abstention,9.610241977497935e-05
ambiguous:ambigqa_dev_-2928173928559810904|alpha=5|measure=wager_abstention,ambiguous:ambigqa_dev_-2928173928559810904,ambiguous,5.0,wager_abstention,0.22270014882087708
ambiguous:ambigqa_train_-4847378126974715981|alpha=5|measure=wager_abstention,ambiguous:ambigqa_train_-4847378126974715981,ambiguous,5.0,wager_abstention,0.5
definite_false:dpql_3827|alpha=5|measure=wager_abstention,definite_false:dpql_3827,definite_false,5.0,wager_abstention,0.4378235340118408
definite_false:dpql_4977|alpha=5|measure=wager_abstention,definite_false:dpql_4977,definite_false,5.0,wager_abstention,0.9875683188438416
definite_false:qz_3440|alpha=5|measure=wager_abstention,definite_false:qz_3440,definite_false,5.0,wager_abstention,0.9964063763618469
definite_false:dpql_2396|alpha=5|measure=wager_abstention,definite_false:dpql_2396,definite_false,5.0,wager_abstention,0.4378235340118408
definite_false:dpql_5545|alpha=5|measure=wager_abstention,definite_false:dpql_5545,definite_false,5.0,wager_abstention,0.9241418242454529
ambiguous:synthetic_ambiguity_77277aded01ef92e|alpha=5|measure=wager_abstention,ambiguous:synthetic_ambiguity_77277aded01ef92e,ambiguous,5.0,wager_abstention,0.9988304972648621
definite_false:dpql_151|alpha=5|measure=wager_abstention,definite_false:dpql_151,definite_false,5.0,wager_abstention,0.06008664891123772
ambiguous:user_ambiguous_073|alpha=5|measure=wager_abstention,ambiguous:user_ambiguous_073,ambiguous,5.0,wager_abstention,0.9996199607849121
ambiguous:ambigqa_train_-6821663518687506172|alpha=5|measure=wager_abstention,ambiguous:ambigqa_train_-6821663518687506172,ambiguous,5.0,wager_abstention,0.9982993006706238
definite_false:qb_4397|alpha=5|measure=wager_abstention,definite_false:qb_4397,definite_false,5.0,wager_abstention,0.9997040629386902
definite_correct:qb_4415|alpha=5|measure=wager_abstention,definite_correct:qb_4415,definite_correct,5.0,wager_abstention,0.0035936026833951473
definite_correct:qz_1139|alpha=5|measure=wager_abstention,definite_correct:qz_1139,definite_correct,5.0,wager_abstention,7.484622619813308e-05
definite_false:qw_3732|alpha=5|measure=wager_abstention,definite_false:qw_3732,definite_false,5.0,wager_abstention,0.9902915358543396
definite_correct:tc_954|alpha=5|measure=wager_abstention,definite_correct:tc_954,definite_correct,5.0,wager_abstention,0.24508501589298248
definite_false:tc_1535|alpha=5|measure=wager_abstention,definite_false:tc_1535,definite_false,5.0,wager_abstention,0.9995694756507874
ambiguous:ambigqa_train_389267376370423320|alpha=5|measure=wager_abstention,ambiguous:ambigqa_train_389267376370423320,ambiguous,5.0,wager_abstention,0.9968273043632507
definite_false:qb_2329|alpha=5|measure=wager_abstention,definite_false:qb_2329,definite_false,5.0,wager_abstention,0.9997695088386536
definite_false:qb_9682|alpha=5|measure=wager_abstention,definite_false:qb_9682,definite_false,5.0,wager_abstention,0.9988304972648621
definite_correct:bb_2326|alpha=5|measure=wager_abstention,definite_correct:bb_2326,definite_correct,5.0,wager_abstention,9.610241977497935e-05
definite_false:qb_2370|alpha=5|measure=wager_abstention,definite_false:qb_2370,definite_false,5.0,wager_abstention,0.9996199607849121
ambiguous:user_ambiguous_081|alpha=5|measure=wager_abstention,ambiguous:user_ambiguous_081,ambiguous,5.0,wager_abstention,0.2689414322376251
ambiguous:user_ambiguous_016|alpha=5|measure=wager_abstention,ambiguous:user_ambiguous_016,ambiguous,5.0,wager_abstention,0.9997387528419495
definite_correct:qw_5716|alpha=5|measure=wager_abstention,definite_correct:qw_5716,definite_correct,5.0,wager_abstention,0.9990890026092529
ambiguous:user_ambiguous_019|alpha=5|measure=wager_abstention,ambiguous:user_ambiguous_019,ambiguous,5.0,wager_abstention,0.11920291185379028
definite_correct:wh_3778|alpha=5|measure=wager_abstention,definite_correct:wh_3778,definite_correct,5.0,wager_abstention,0.7310585975646973
definite_false:qb_2899|alpha=5|measure=wager_abstention,definite_false:qb_2899,definite_false,5.0,wager_abstention,0.9820137619972229
definite_false:wh_527|alpha=5|measure=wager_abstention,definite_false:wh_527,definite_false,5.0,wager_abstention,0.9998205304145813
definite_correct:qz_5801|alpha=5|measure=wager_abstention,definite_correct:qz_5801,definite_correct,5.0,wager_abstention,0.0002611903182696551
definite_false:qb_3624|alpha=5|measure=wager_abstention,definite_false:qb_3624,definite_false,5.0,wager_abstention,0.9989677667617798
ambiguous:synthetic_ambiguity_39e9eaa2e03e1780|alpha=5|measure=wager_abstention,ambiguous:synthetic_ambiguity_39e9eaa2e03e1780,ambiguous,5.0,wager_abstention,0.9875683188438416
definite_correct:bb_6024|alpha=5|measure=wager_abstention,definite_correct:bb_6024,definite_correct,5.0,wager_abstention,0.0017007224960252643
definite_correct:qw_1816|alpha=5|measure=wager_abstention,definite_correct:qw_1816,definite_correct,5.0,wager_abstention,0.562176525592804
ambiguous:user_ambiguous_041|alpha=5|measure=wager_abstention,ambiguous:user_ambiguous_041,ambiguous,5.0,wager_abstention,0.2689414322376251
definite_false:tc_2728|alpha=5|measure=wager_abstention,definite_false:tc_2728,definite_false,5.0,wager_abstention,0.9999151229858398
ambiguous:user_ambiguous_078|alpha=5|measure=wager_abstention,ambiguous:user_ambiguous_078,ambiguous,5.0,wager_abstention,0.014063626527786255
definite_false:qb_4987|alpha=5|measure=wager_abstention,definite_false:qb_4987,definite_false,5.0,wager_abstention,0.9997040629386902
definite_false:tc_540|alpha=5|measure=wager_abstention,definite_false:tc_540,definite_false,5.0,wager_abstention,0.9971990585327148
definite_correct:bb_1467|alpha=5|measure=wager_abstention,definite_correct:bb_1467,definite_correct,5.0,wager_abstention,0.8175744414329529
ambiguous:ambigqa_train_-282133277527244056|alpha=5|measure=wager_abstention,ambiguous:ambigqa_train_-282133277527244056,ambiguous,5.0,wager_abstention,0.9986749291419983
definite_false:qw_3161|alpha=5|measure=wager_abstention,definite_false:qw_3161,definite_false,5.0,wager_abstention,0.9953904151916504
definite_false:qb_2928|alpha=5|measure=wager_abstention,definite_false:qb_2928,definite_false,5.0,wager_abstention,0.9997387528419495
ambiguous:user_ambiguous_027|alpha=5|measure=wager_abstention,ambiguous:user_ambiguous_027,ambiguous,5.0,wager_abstention,0.998498797416687
ambiguous:ambigqa_dev_-1684587227477882737|alpha=5|measure=wager_abstention,ambiguous:ambigqa_dev_-1684587227477882737,ambiguous,5.0,wager_abstention,0.9991958737373352
ambiguous:ambigqa_train_-2840611200472199951|alpha=5|measure=wager_abstention,ambiguous:ambigqa_train_-2840611200472199951,ambiguous,5.0,wager_abstention,0.998498797416687
ambiguous:user_ambiguous_048|alpha=5|measure=wager_abstention,ambiguous:user_ambiguous_048,ambiguous,5.0,wager_abstention,0.9940890073776245
ambiguous:user_ambiguous_055|alpha=5|measure=wager_abstention,ambiguous:user_ambiguous_055,ambiguous,5.0,wager_abstention,0.8519527316093445
definite_false:qw_3500|alpha=5|measure=wager_abstention,definite_false:qw_3500,definite_false,5.0,wager_abstention,0.622459352016449
definite_false:dpql_1059|alpha=5|measure=wager_abstention,definite_false:dpql_1059,definite_false,5.0,wager_abstention,0.037326883524656296
definite_false:qb_936|alpha=5|measure=wager_abstention,definite_false:qb_936,definite_false,5.0,wager_abstention,0.9046505093574524
ambiguous:user_ambiguous_068|alpha=5|measure=wager_abstention,ambiguous:user_ambiguous_068,ambiguous,5.0,wager_abstention,0.9999339580535889
ambiguous:synthetic_ambiguity_127bbb74d142df4c|alpha=5|measure=wager_abstention,ambiguous:synthetic_ambiguity_127bbb74d142df4c,ambiguous,5.0,wager_abstention,0.999373733997345
ambiguous:user_ambiguous_017|alpha=5|measure=wager_abstention,ambiguous:user_ambiguous_017,ambiguous,5.0,wager_abstention,0.8175744414329529
definite_correct:dpql_2538|alpha=5|measure=wager_abstention,definite_correct:dpql_2538,definite_correct,5.0,wager_abstention,0.9902915358543396
definite_correct:bb_4832|alpha=5|measure=wager_abstention,definite_correct:bb_4832,definite_correct,5.0,wager_abstention,0.09534946084022522
definite_correct:qb_8074|alpha=5|measure=wager_abstention,definite_correct:qb_8074,definite_correct,5.0,wager_abstention,9.610241977497935e-05
definite_false:tc_349|alpha=5|measure=wager_abstention,definite_false:tc_349,definite_false,5.0,wager_abstention,0.8807970285415649
ambiguous:user_ambiguous_038|alpha=5|measure=wager_abstention,ambiguous:user_ambiguous_038,ambiguous,5.0,wager_abstention,0.9914224743843079
definite_correct:qb_3365|alpha=5|measure=wager_abstention,definite_correct:qb_3365,definite_correct,5.0,wager_abstention,0.8354835510253906
definite_correct:qb_2148|alpha=5|measure=wager_abstention,definite_correct:qb_2148,definite_correct,5.0,wager_abstention,0.957912266254425
definite_false:dpql_384|alpha=5|measure=wager_abstention,definite_false:dpql_384,definite_false,5.0,wager_abstention,0.9992903470993042
ambiguous:ambigqa_train_4887157859291163116|alpha=5|measure=wager_abstention,ambiguous:ambigqa_train_4887157859291163116,ambiguous,5.0,wager_abstention,0.07585818320512772
definite_false:qw_3344|alpha=5|measure=wager_abstention,definite_false:qw_3344,definite_false,5.0,wager_abstention,0.9859364032745361
definite_false:qw_4954|alpha=5|measure=wager_abstention,definite_false:qw_4954,definite_false,5.0,wager_abstention,0.9990890026092529
definite_correct:qw_1253|alpha=5|measure=wager_abstention,definite_correct:qw_1253,definite_correct,5.0,wager_abstention,0.0004305570910219103
ambiguous:user_ambiguous_088|alpha=5|measure=wager_abstention,ambiguous:user_ambiguous_088,ambiguous,5.0,wager_abstention,0.9465966820716858
definite_correct:qw_859|alpha=5|measure=wager_abstention,definite_correct:qw_859,definite_correct,5.0,wager_abstention,0.0011695101857185364
definite_false:bb_4587|alpha=5|measure=wager_abstention,definite_false:bb_4587,definite_false,5.0,wager_abstention,0.9992903470993042
definite_correct:qb_4578|alpha=5|measure=wager_abstention,definite_correct:qb_4578,definite_correct,5.0,wager_abstention,0.06008664891123772
ambiguous:user_ambiguous_035|alpha=5|measure=wager_abstention,ambiguous:user_ambiguous_035,ambiguous,5.0,wager_abstention,0.9988304972648621
definite_correct:qb_1435|alpha=5|measure=wager_abstention,definite_correct:qb_1435,definite_correct,5.0,wager_abstention,3.535625000949949e-05
definite_false:bb_4519|alpha=5|measure=wager_abstention,definite_false:bb_4519,definite_false,5.0,wager_abstention,0.9998910427093506
definite_false:tc_2359|alpha=5|measure=wager_abstention,definite_false:tc_2359,definite_false,5.0,wager_abstention,0.9947799444198608
definite_false:tc_2506|alpha=5|measure=wager_abstention,definite_false:tc_2506,definite_false,5.0,wager_abstention,0.9988304972648621
ambiguous:user_ambiguous_061|alpha=5|measure=wager_abstention,ambiguous:user_ambiguous_061,ambiguous,5.0,wager_abstention,0.562176525592804
definite_correct:qb_6665|alpha=5|measure=wager_abstention,definite_correct:qb_6665,definite_correct,5.0,wager_abstention,0.8175744414329529
definite_false:dpql_5115|alpha=5|measure=wager_abstention,definite_false:dpql_5115,definite_false,5.0,wager_abstention,0.9997695088386536
definite_correct:dpql_3447|alpha=5|measure=wager_abstention,definite_correct:dpql_3447,definite_correct,5.0,wager_abstention,0.00029595711384899914
ambiguous:user_ambiguous_034|alpha=5|measure=wager_abstention,ambiguous:user_ambiguous_034,ambiguous,5.0,wager_abstention,0.562176525592804
ambiguous:user_ambiguous_012|alpha=5|measure=wager_abstention,ambiguous:user_ambiguous_012,ambiguous,5.0,wager_abstention,0.9982993006706238
definite_correct:bb_6465|alpha=5|measure=wager_abstention,definite_correct:bb_6465,definite_correct,5.0,wager_abstention,8.481104305246845e-05
ambiguous:user_ambiguous_066|alpha=5|measure=wager_abstention,ambiguous:user_ambiguous_066,ambiguous,5.0,wager_abstention,0.9998766183853149
definite_correct:qb_2497|alpha=5|measure=wager_abstention,definite_correct:qb_2497,definite_correct,5.0,wager_abstention,8.481104305246845e-05
definite_correct:wh_4358|alpha=5|measure=wager_abstention,definite_correct:wh_4358,definite_correct,5.0,wager_abstention,0.7310585975646973
definite_false:dpql_3319|alpha=5|measure=wager_abstention,definite_false:dpql_3319,definite_false,5.0,wager_abstention,0.9990890026092529
definite_false:wh_3277|alpha=5|measure=wager_abstention,definite_false:wh_3277,definite_false,5.0,wager_abstention,0.9968273043632507
ambiguous:ambigqa_train_-4861369907584367396|alpha=5|measure=wager_abstention,ambiguous:ambigqa_train_-4861369907584367396,ambiguous,5.0,wager_abstention,0.014063626527786255
definite_false:bb_5849|alpha=5|measure=wager_abstention,definite_false:bb_5849,definite_false,5.0,wager_abstention,0.9940890073776245
definite_false:qb_3869|alpha=5|measure=wager_abstention,definite_false:qb_3869,definite_false,5.0,wager_abstention,0.9999251365661621
ambiguous:user_ambiguous_018|alpha=5|measure=wager_abstention,ambiguous:user_ambiguous_018,ambiguous,5.0,wager_abstention,0.562176525592804
ambiguous:user_ambiguous_049|alpha=5|measure=wager_abstention,ambiguous:user_ambiguous_049,ambiguous,5.0,wager_abstention,0.9996199607849121
ambiguous:ambigqa_train_-5327098669371634148|alpha=5|measure=wager_abstention,ambiguous:ambigqa_train_-5327098669371634148,ambiguous,5.0,wager_abstention,0.9986749291419983
ambiguous:user_ambiguous_084|alpha=5|measure=wager_abstention,ambiguous:user_ambiguous_084,ambiguous,5.0,wager_abstention,0.9990890026092529
definite_correct:qw_45|alpha=5|measure=wager_abstention,definite_correct:qw_45,definite_correct,5.0,wager_abstention,0.8354835510253906
definite_correct:qw_1211|alpha=5|measure=wager_abstention,definite_correct:qw_1211,definite_correct,5.0,wager_abstention,0.00029595711384899914
definite_correct:qb_9452|alpha=5|measure=wager_abstention,definite_correct:qb_9452,definite_correct,5.0,wager_abstention,0.00023050671734381467
definite_false:qb_525|alpha=5|measure=wager_abstention,definite_false:qb_525,definite_false,5.0,wager_abstention,0.9997387528419495
definite_correct:qb_2934|alpha=5|measure=wager_abstention,definite_correct:qb_2934,definite_correct,5.0,wager_abstention,0.977022647857666
definite_false:qb_3878|alpha=5|measure=wager_abstention,definite_false:qb_3878,definite_false,5.0,wager_abstention,0.9740425944328308
definite_correct:dpql_5846|alpha=5|measure=wager_abstention,definite_correct:dpql_5846,definite_correct,5.0,wager_abstention,0.0004305570910219103
ambiguous:user_ambiguous_090|alpha=5|measure=wager_abstention,ambiguous:user_ambiguous_090,ambiguous,5.0,wager_abstention,0.9990890026092529
ambiguous:user_ambiguous_008|alpha=5|measure=wager_abstention,ambiguous:user_ambiguous_008,ambiguous,5.0,wager_abstention,0.9959298968315125
ambiguous:user_ambiguous_070|alpha=5|measure=wager_abstention,ambiguous:user_ambiguous_070,ambiguous,5.0,wager_abstention,0.9669140577316284
definite_correct:qz_340|alpha=5|measure=wager_abstention,definite_correct:qz_340,definite_correct,5.0,wager_abstention,0.0006263342220336199
definite_correct:wh_453|alpha=5|measure=wager_abstention,definite_correct:wh_453,definite_correct,5.0,wager_abstention,0.004609571769833565
definite_false:wh_1706|alpha=5|measure=wager_abstention,definite_false:wh_1706,definite_false,5.0,wager_abstention,0.9968273043632507
definite_correct:qw_5335|alpha=5|measure=wager_abstention,definite_correct:qw_5335,definite_correct,5.0,wager_abstention,0.6791787147521973
ambiguous:ambigqa_train_-4290930682953750669|alpha=5|measure=wager_abstention,ambiguous:ambigqa_train_-4290930682953750669,ambiguous,5.0,wager_abstention,0.06008664891123772
definite_correct:wh_4041|alpha=5|measure=wager_abstention,definite_correct:wh_4041,definite_correct,5.0,wager_abstention,0.9465966820716858
definite_correct:qb_916|alpha=5|measure=wager_abstention,definite_correct:qb_916,definite_correct,5.0,wager_abstention,0.977022647857666
definite_correct:qw_6782|alpha=5|measure=wager_abstention,definite_correct:qw_6782,definite_correct,5.0,wager_abstention,0.000552778597921133
definite_false:qw_3582|alpha=5|measure=wager_abstention,definite_false:qw_3582,definite_false,5.0,wager_abstention,0.9994471669197083
definite_false:bb_77|alpha=5|measure=wager_abstention,definite_false:bb_77,definite_false,5.0,wager_abstention,0.9975274205207825
definite_false:tc_3016|alpha=5|measure=wager_abstention,definite_false:tc_3016,definite_false,5.0,wager_abstention,0.9989677667617798
ambiguous:user_ambiguous_082|alpha=5|measure=wager_abstention,ambiguous:user_ambiguous_082,ambiguous,5.0,wager_abstention,0.9986749291419983
definite_correct:bb_810|alpha=5|measure=wager_abstention,definite_correct:bb_810,definite_correct,5.0,wager_abstention,0.562176525592804
definite_false:tc_2556|alpha=5|measure=wager_abstention,definite_false:tc_2556,definite_false,5.0,wager_abstention,0.9995694756507874
ambiguous:user_ambiguous_031|alpha=5|measure=wager_abstention,ambiguous:user_ambiguous_031,ambiguous,5.0,wager_abstention,0.9796676635742188
ambiguous:ambigqa_train_6622540978806844416|alpha=5|measure=wager_abstention,ambiguous:ambigqa_train_6622540978806844416,ambiguous,5.0,wager_abstention,0.9933071732521057
definite_correct:qb_7271|alpha=5|measure=wager_abstention,definite_correct:qb_7271,definite_correct,5.0,wager_abstention,0.9241418242454529
definite_correct:qz_3927|alpha=5|measure=wager_abstention,definite_correct:qz_3927,definite_correct,5.0,wager_abstention,0.04208773002028465
definite_false:dpql_2259|alpha=5|measure=wager_abstention,definite_false:dpql_2259,definite_false,5.0,wager_abstention,0.9971990585327148
definite_correct:bb_2920|alpha=5|measure=wager_abstention,definite_correct:bb_2920,definite_correct,5.0,wager_abstention,0.00020342698553577065
ambiguous:synthetic_ambiguity_736399f8375cbe45|alpha=5|measure=wager_abstention,ambiguous:synthetic_ambiguity_736399f8375cbe45,ambiguous,5.0,wager_abstention,0.999373733997345
ambiguous:user_ambiguous_056|alpha=5|measure=wager_abstention,ambiguous:user_ambiguous_056,ambiguous,5.0,wager_abstention,0.9241418242454529
definite_correct:qw_1068|alpha=5|measure=wager_abstention,definite_correct:qw_1068,definite_correct,5.0,wager_abstention,0.00023050671734381467
ambiguous:user_ambiguous_007|alpha=5|measure=wager_abstention,ambiguous:user_ambiguous_007,ambiguous,5.0,wager_abstention,0.9964063763618469
definite_false:dpql_4053|alpha=5|measure=wager_abstention,definite_false:dpql_4053,definite_false,5.0,wager_abstention,0.9997387528419495
definite_correct:dpql_216|alpha=5|measure=wager_abstention,definite_correct:dpql_216,definite_correct,5.0,wager_abstention,0.7310585975646973
definite_false:bb_5659|alpha=5|measure=wager_abstention,definite_false:bb_5659,definite_false,5.0,wager_abstention,0.9995694756507874
ambiguous:user_ambiguous_005|alpha=5|measure=wager_abstention,ambiguous:user_ambiguous_005,ambiguous,5.0,wager_abstention,0.9964063763618469
ambiguous:user_ambiguous_100|alpha=5|measure=wager_abstention,ambiguous:user_ambiguous_100,ambiguous,5.0,wager_abstention,0.622459352016449
ambiguous:user_ambiguous_094|alpha=5|measure=wager_abstention,ambiguous:user_ambiguous_094,ambiguous,5.0,wager_abstention,0.9964063763618469
definite_correct:qb_9283|alpha=5|measure=wager_abstention,definite_correct:qb_9283,definite_correct,5.0,wager_abstention,0.9324532747268677
definite_correct:qw_4882|alpha=5|measure=wager_abstention,definite_correct:qw_4882,definite_correct,5.0,wager_abstention,0.005911069456487894
definite_false:bb_968|alpha=5|measure=wager_abstention,definite_false:bb_968,definite_false,5.0,wager_abstention,0.9971990585327148
ambiguous:user_ambiguous_071|alpha=5|measure=wager_abstention,ambiguous:user_ambiguous_071,ambiguous,5.0,wager_abstention,0.9046505093574524
definite_correct:bb_5094|alpha=5|measure=wager_abstention,definite_correct:bb_5094,definite_correct,5.0,wager_abstention,0.8807970285415649
ambiguous:ambigqa_dev_-9219689808672072116|alpha=5|measure=wager_abstention,ambiguous:ambigqa_dev_-9219689808672072116,ambiguous,5.0,wager_abstention,0.9991958737373352
definite_correct:qw_4190|alpha=5|measure=wager_abstention,definite_correct:qw_4190,definite_correct,5.0,wager_abstention,0.00015843621804378927
ambiguous:user_ambiguous_015|alpha=5|measure=wager_abstention,ambiguous:user_ambiguous_015,ambiguous,5.0,wager_abstention,0.11920291185379028
ambiguous:user_ambiguous_063|alpha=5|measure=wager_abstention,ambiguous:user_ambiguous_063,ambiguous,5.0,wager_abstention,0.9990890026092529
ambiguous:user_ambiguous_064|alpha=5|measure=wager_abstention,ambiguous:user_ambiguous_064,ambiguous,5.0,wager_abstention,0.9986749291419983
ambiguous:synthetic_ambiguity_eccd45548d369037|alpha=5|measure=wager_abstention,ambiguous:synthetic_ambiguity_eccd45548d369037,ambiguous,5.0,wager_abstention,0.9990890026092529
definite_false:tc_3120|alpha=5|measure=wager_abstention,definite_false:tc_3120,definite_false,5.0,wager_abstention,0.999373733997345
ambiguous:user_ambiguous_043|alpha=5|measure=wager_abstention,ambiguous:user_ambiguous_043,ambiguous,5.0,wager_abstention,0.9990890026092529
definite_false:qb_5694|alpha=5|measure=wager_abstention,definite_false:qb_5694,definite_false,5.0,wager_abstention,0.9992903470993042
ambiguous:user_ambiguous_001|alpha=5|measure=wager_abstention,ambiguous:user_ambiguous_001,ambiguous,5.0,wager_abstention,0.9978172779083252
definite_correct:qb_2932|alpha=5|measure=wager_abstention,definite_correct:qb_2932,definite_correct,5.0,wager_abstention,0.8175744414329529
definite_correct:bb_500|alpha=5|measure=wager_abstention,definite_correct:bb_500,definite_correct,5.0,wager_abstention,0.0002611903182696551
definite_correct:qb_8250|alpha=5|measure=wager_abstention,definite_correct:qb_8250,definite_correct,5.0,wager_abstention,0.9890130758285522
ambiguous:user_ambiguous_037|alpha=5|measure=wager_abstention,ambiguous:user_ambiguous_037,ambiguous,5.0,wager_abstention,0.9525741338729858
definite_false:qb_3987|alpha=5|measure=wager_abstention,definite_false:qb_3987,definite_false,5.0,wager_abstention,0.9991958737373352
definite_correct:bb_6117|alpha=5|measure=wager_abstention,definite_correct:bb_6117,definite_correct,5.0,wager_abstention,0.970687747001648
definite_correct:qb_2589|alpha=5|measure=wager_abstention,definite_correct:qb_2589,definite_correct,5.0,wager_abstention,0.6513549089431763
definite_correct:qb_2151|alpha=5|measure=wager_abstention,definite_correct:qb_2151,definite_correct,5.0,wager_abstention,0.9968273043632507
ambiguous:synthetic_ambiguity_c51d6353acd62fc1|alpha=10|measure=error_detection,ambiguous:synthetic_ambiguity_c51d6353acd62fc1,ambiguous,10.0,error_detection,0.005911069456487894
definite_false:bb_6487|alpha=10|measure=error_detection,definite_false:bb_6487,definite_false,10.0,error_detection,0.0010322310263291001
definite_false:qw_3353|alpha=10|measure=error_detection,definite_false:qw_3353,definite_false,10.0,error_detection,0.01590639166533947
definite_correct:wh_4041|alpha=10|measure=error_detection,definite_correct:wh_4041,definite_correct,10.0,error_detection,0.0001795279822545126
definite_false:bb_5849|alpha=10|measure=error_detection,definite_false:bb_5849,definite_false,10.0,error_detection,0.9399133324623108
ambiguous:synthetic_ambiguity_77277aded01ef92e|alpha=10|measure=error_detection,ambiguous:synthetic_ambiguity_77277aded01ef92e,ambiguous,10.0,error_detection,0.04208773002028465
definite_false:tc_2728|alpha=10|measure=error_detection,definite_false:tc_2728,definite_false,10.0,error_detection,0.9525741338729858
definite_correct:qb_10132|alpha=10|measure=error_detection,definite_correct:qb_10132,definite_correct,10.0,error_detection,0.0004878571489825845
ambiguous:ambigqa_train_4701094121253884727|alpha=10|measure=error_detection,ambiguous:ambigqa_train_4701094121253884727,ambiguous,10.0,error_detection,4.539786823443137e-05
definite_correct:qb_8074|alpha=10|measure=error_detection,definite_correct:qb_8074,definite_correct,10.0,error_detection,0.00010889690020121634
definite_correct:qw_4882|alpha=10|measure=error_detection,definite_correct:qw_4882,definite_correct,10.0,error_detection,0.0035936026833951473
definite_false:bb_8205|alpha=10|measure=error_detection,definite_false:bb_8205,definite_false,10.0,error_detection,0.00012339458044152707
ambiguous:user_ambiguous_025|alpha=10|measure=error_detection,ambiguous:user_ambiguous_025,ambiguous,10.0,error_detection,0.977022647857666
definite_false:qw_3500|alpha=10|measure=error_detection,definite_false:qw_3500,definite_false,10.0,error_detection,1.0129991096619051e-05
definite_correct:qb_4336|alpha=10|measure=error_detection,definite_correct:qb_4336,definite_correct,10.0,error_detection,6.144174221844878e-06
definite_false:bb_1220|alpha=10|measure=error_detection,definite_false:bb_1220,definite_false,10.0,error_detection,0.9626730680465698
definite_false:dpql_4754|alpha=10|measure=error_detection,definite_false:dpql_4754,definite_false,10.0,error_detection,0.022977370768785477
definite_false:bb_4519|alpha=10|measure=error_detection,definite_false:bb_4519,definite_false,10.0,error_detection,0.5
definite_false:qb_2370|alpha=10|measure=error_detection,definite_false:qb_2370,definite_false,10.0,error_detection,0.0013250223128125072
ambiguous:synthetic_ambiguity_db564851e7629ffa|alpha=10|measure=error_detection,ambiguous:synthetic_ambiguity_db564851e7629ffa,ambiguous,10.0,error_detection,0.7310585975646973
definite_correct:dpql_2538|alpha=10|measure=error_detection,definite_correct:dpql_2538,definite_correct,10.0,error_detection,6.605214002775028e-05
ambiguous:user_ambiguous_049|alpha=10|measure=error_detection,ambiguous:user_ambiguous_049,ambiguous,10.0,error_detection,0.014063626527786255
definite_correct:bb_1467|alpha=10|measure=error_detection,definite_correct:bb_1467,definite_correct,10.0,error_detection,0.00012339458044152707
ambiguous:ambigqa_train_4887157859291163116|alpha=10|measure=error_detection,ambiguous:ambigqa_train_4887157859291163116,ambiguous,10.0,error_detection,0.0011695101857185364
ambiguous:synthetic_ambiguity_39e9eaa2e03e1780|alpha=10|measure=error_detection,ambiguous:synthetic_ambiguity_39e9eaa2e03e1780,ambiguous,10.0,error_detection,0.9933071732521057
ambiguous:user_ambiguous_073|alpha=10|measure=error_detection,ambiguous:user_ambiguous_073,ambiguous,10.0,error_detection,0.08509904891252518
definite_correct:qw_1816|alpha=10|measure=error_detection,definite_correct:qw_1816,definite_correct,10.0,error_detection,7.889262633398175e-06
definite_correct:qw_45|alpha=10|measure=error_detection,definite_correct:qw_45,definite_correct,10.0,error_detection,0.0008040859247557819
definite_false:qb_2329|alpha=10|measure=error_detection,definite_false:qb_2329,definite_false,10.0,error_detection,0.9999417066574097
definite_false:qb_4446|alpha=10|measure=error_detection,definite_false:qb_4446,definite_false,10.0,error_detection,0.622459352016449
definite_correct:qb_34|alpha=10|measure=error_detection,definite_correct:qb_34,definite_correct,10.0,error_detection,0.0004878571489825845
definite_false:qb_355|alpha=10|measure=error_detection,definite_false:qb_355,definite_false,10.0,error_detection,0.0011695101857185364
definite_correct:qb_2934|alpha=10|measure=error_detection,definite_correct:qb_2934,definite_correct,10.0,error_detection,0.00015843621804378927
definite_correct:bb_6024|alpha=10|measure=error_detection,definite_correct:bb_6024,definite_correct,10.0,error_detection,0.008577484637498856
ambiguous:user_ambiguous_019|alpha=10|measure=error_detection,ambiguous:user_ambiguous_019,ambiguous,10.0,error_detection,0.0031726828310638666
ambiguous:user_ambiguous_015|alpha=10|measure=error_detection,ambiguous:user_ambiguous_015,ambiguous,10.0,error_detection,0.010986942797899246
ambiguous:user_ambiguous_068|alpha=10|measure=error_detection,ambiguous:user_ambiguous_068,ambiguous,10.0,error_detection,0.9399133324623108
ambiguous:ambigqa_train_6967337893340565499|alpha=10|measure=error_detection,ambiguous:ambigqa_train_6967337893340565499,ambiguous,10.0,error_detection,0.00010889690020121634
definite_correct:qz_340|alpha=10|measure=error_detection,definite_correct:qz_340,definite_correct,10.0,error_detection,0.00029595711384899914
definite_correct:wh_1303|alpha=10|measure=error_detection,definite_correct:wh_1303,definite_correct,10.0,error_detection,0.0009110512328334153
definite_false:qb_9682|alpha=10|measure=error_detection,definite_false:qb_9682,definite_false,10.0,error_detection,0.004070138093084097
definite_correct:qw_1211|alpha=10|measure=error_detection,definite_correct:qw_1211,definite_correct,10.0,error_detection,3.535625000949949e-05
definite_false:qb_3225|alpha=10|measure=error_detection,definite_false:qb_3225,definite_false,10.0,error_detection,0.2689414322376251
ambiguous:user_ambiguous_045|alpha=10|measure=error_detection,ambiguous:user_ambiguous_045,ambiguous,10.0,error_detection,0.007577241398394108
ambiguous:user_ambiguous_061|alpha=10|measure=error_detection,ambiguous:user_ambiguous_061,ambiguous,10.0,error_detection,0.005220125894993544
ambiguous:user_ambiguous_069|alpha=10|measure=error_detection,ambiguous:user_ambiguous_069,ambiguous,10.0,error_detection,0.14804719388484955
definite_false:dpql_4053|alpha=10|measure=error_detection,definite_false:dpql_4053,definite_false,10.0,error_detection,0.9820137619972229
ambiguous:ambigqa_train_-5327098669371634148|alpha=10|measure=error_detection,ambiguous:ambigqa_train_-5327098669371634148,ambiguous,10.0,error_detection,0.11920291185379028
definite_correct:qw_1253|alpha=10|measure=error_detection,definite_correct:qw_1253,definite_correct,10.0,error_detection,0.0007096704212017357
definite_correct:qb_8036|alpha=10|measure=error_detection,definite_correct:qb_8036,definite_correct,10.0,error_detection,0.00029595711384899914
definite_correct:tc_955|alpha=10|measure=error_detection,definite_correct:tc_955,definite_correct,10.0,error_detection,0.00020342698553577065
definite_correct:qw_4190|alpha=10|measure=error_detection,definite_correct:qw_4190,definite_correct,10.0,error_detection,3.535625000949949e-05
definite_correct:dpql_3467|alpha=10|measure=error_detection,definite_correct:dpql_3467,definite_correct,10.0,error_detection,0.0001795279822545126
ambiguous:user_ambiguous_099|alpha=10|measure=error_detection,ambiguous:user_ambiguous_099,ambiguous,10.0,error_detection,0.004609571769833565
definite_false:qz_2428|alpha=10|measure=error_detection,definite_false:qz_2428,definite_false,10.0,error_detection,0.09534946084022522
definite_false:qz_1393|alpha=10|measure=error_detection,definite_false:qz_1393,definite_false,10.0,error_detection,0.622459352016449
definite_correct:qb_2589|alpha=10|measure=error_detection,definite_correct:qb_2589,definite_correct,10.0,error_detection,0.0001795279822545126
definite_false:qb_3869|alpha=10|measure=error_detection,definite_false:qb_3869,definite_false,10.0,error_detection,0.9971990585327148
ambiguous:ambigqa_dev_-9219689808672072116|alpha=10|measure=error_detection,ambiguous:ambigqa_dev_-9219689808672072116,ambiguous,10.0,error_detection,8.481104305246845e-05
definite_false:dpql_4205|alpha=10|measure=error_detection,definite_false:dpql_4205,definite_false,10.0,error_detection,0.004609571769833565
definite_false:tc_2506|alpha=10|measure=error_detection,definite_false:tc_2506,definite_false,10.0,error_detection,0.002800926798954606
definite_false:bb_8893|alpha=10|measure=error_detection,definite_false:bb_8893,definite_false,10.0,error_detection,0.000552778597921133
ambiguous:synthetic_ambiguity_0fb6efbc1bf0ec38|alpha=10|measure=error_detection,ambiguous:synthetic_ambiguity_0fb6efbc1bf0ec38,ambiguous,10.0,error_detection,0.010986942797899246
definite_correct:qz_1139|alpha=10|measure=error_detection,definite_correct:qz_1139,definite_correct,10.0,error_detection,7.889262633398175e-06
definite_false:qw_5610|alpha=10|measure=error_detection,definite_false:qw_5610,definite_false,10.0,error_detection,2.7535690605873242e-05
definite_correct:qz_5801|alpha=10|measure=error_detection,definite_correct:qz_5801,definite_correct,10.0,error_detection,1.8925147742265835e-05
definite_false:bb_4598|alpha=10|measure=error_detection,definite_false:bb_4598,definite_false,10.0,error_detection,0.3208213150501251
ambiguous:synthetic_ambiguity_127bbb74d142df4c|alpha=10|measure=error_detection,ambiguous:synthetic_ambiguity_127bbb74d142df4c,ambiguous,10.0,error_detection,0.0035936026833951473
ambiguous:ambigqa_train_-4829972042995259834|alpha=10|measure=error_detection,ambiguous:ambigqa_train_-4829972042995259834,ambiguous,10.0,error_detection,0.00247262348420918
definite_correct:bb_7263|alpha=10|measure=error_detection,definite_correct:bb_7263,definite_correct,10.0,error_detection,0.0004878571489825845
definite_false:wh_3277|alpha=10|measure=error_detection,definite_false:wh_3277,definite_false,10.0,error_detection,0.007577241398394108
ambiguous:user_ambiguous_042|alpha=10|measure=error_detection,ambiguous:user_ambiguous_042,ambiguous,10.0,error_detection,0.0035936026833951473
definite_correct:bb_9251|alpha=10|measure=error_detection,definite_correct:bb_9251,definite_correct,10.0,error_detection,8.481104305246845e-05
ambiguous:user_ambiguous_091|alpha=10|measure=error_detection,ambiguous:user_ambiguous_091,ambiguous,10.0,error_detection,0.11920291185379028
definite_correct:qb_2148|alpha=10|measure=error_detection,definite_correct:qb_2148,definite_correct,10.0,error_detection,1.3007128472963814e-05
definite_false:qz_3440|alpha=10|measure=error_detection,definite_false:qz_3440,definite_false,10.0,error_detection,0.008577484637498856
definite_false:dpql_1059|alpha=10|measure=error_detection,definite_false:dpql_1059,definite_false,10.0,error_detection,4.539786823443137e-05
definite_false:qw_4954|alpha=10|measure=error_detection,definite_false:qw_4954,definite_false,10.0,error_detection,0.977022647857666
definite_false:qb_5694|alpha=10|measure=error_detection,definite_false:qb_5694,definite_false,10.0,error_detection,0.11920291185379028
ambiguous:user_ambiguous_036|alpha=10|measure=error_detection,ambiguous:user_ambiguous_036,ambiguous,10.0,error_detection,0.03308597952127457
ambiguous:ambigqa_dev_-2861341002123248407|alpha=10|measure=error_detection,ambiguous:ambigqa_dev_-2861341002123248407,ambiguous,10.0,error_detection,0.053403329104185104
ambiguous:user_ambiguous_043|alpha=10|measure=error_detection,ambiguous:user_ambiguous_043,ambiguous,10.0,error_detection,0.004609571769833565
definite_false:bb_5659|alpha=10|measure=error_detection,definite_false:bb_5659,definite_false,10.0,error_detection,0.6791787147521973
definite_false:qw_3344|alpha=10|measure=error_detection,definite_false:qw_3344,definite_false,10.0,error_detection,0.037326883524656296
ambiguous:user_ambiguous_076|alpha=10|measure=error_detection,ambiguous:user_ambiguous_076,ambiguous,10.0,error_detection,0.11920291185379028
definite_correct:bb_810|alpha=10|measure=error_detection,definite_correct:bb_810,definite_correct,10.0,error_detection,3.120191104244441e-05
definite_false:dpql_3319|alpha=10|measure=error_detection,definite_false:dpql_3319,definite_false,10.0,error_detection,0.2689414322376251
definite_correct:qb_4415|alpha=10|measure=error_detection,definite_correct:qb_4415,definite_correct,10.0,error_detection,0.00029595711384899914
ambiguous:user_ambiguous_033|alpha=10|measure=error_detection,ambiguous:user_ambiguous_033,ambiguous,10.0,error_detection,0.2689414322376251
definite_false:bb_77|alpha=10|measure=error_detection,definite_false:bb_77,definite_false,10.0,error_detection,0.9933071732521057
definite_false:tc_3016|alpha=10|measure=error_detection,definite_false:tc_3016,definite_false,10.0,error_detection,0.007577241398394108
ambiguous:synthetic_ambiguity_7462141d7ff09177|alpha=10|measure=error_detection,ambiguous:synthetic_ambiguity_7462141d7ff09177,ambiguous,10.0,error_detection,0.9875683188438416
ambiguous:user_ambiguous_055|alpha=10|measure=error_detection,ambiguous:user_ambiguous_055,ambiguous,10.0,error_detection,0.037326883524656296
definite_false:tc_3120|alpha=10|measure=error_detection,definite_false:tc_3120,definite_false,10.0,error_detection,0.005220125894993544
definite_false:qw_3732|alpha=10|measure=error_detection,definite_false:qw_3732,definite_false,10.0,error_detection,0.000552778597921133
ambiguous:user_ambiguous_100|alpha=10|measure=error_detection,ambiguous:user_ambiguous_100,ambiguous,10.0,error_detection,0.11920291185379028
definite_false:qb_4397|alpha=10|measure=error_detection,definite_false:qb_4397,definite_false,10.0,error_detection,0.8519527316093445
definite_correct:qb_2497|alpha=10|measure=error_detection,definite_correct:qb_2497,definite_correct,10.0,error_detection,1.3007128472963814e-05
ambiguous:ambigqa_train_-2840611200472199951|alpha=10|measure=error_detection,ambiguous:ambigqa_train_-2840611200472199951,ambiguous,10.0,error_detection,0.9046505093574524
definite_false:wh_451|alpha=10|measure=error_detection,definite_false:wh_451,definite_false,10.0,error_detection,0.9999339580535889
ambiguous:user_ambiguous_078|alpha=10|measure=error_detection,ambiguous:user_ambiguous_078,ambiguous,10.0,error_detection,0.0008040859247557819
ambiguous:synthetic_ambiguity_d830565486f2d0b0|alpha=10|measure=error_detection,ambiguous:synthetic_ambiguity_d830565486f2d0b0,ambiguous,10.0,error_detection,0.3208213150501251
definite_correct:qb_3516|alpha=10|measure=error_detection,definite_correct:qb_3516,definite_correct,10.0,error_detection,0.00023050671734381467
definite_correct:qb_9452|alpha=10|measure=error_detection,definite_correct:qb_9452,definite_correct,10.0,error_detection,0.0004305570910219103
ambiguous:ambigqa_train_3267103377301376828|alpha=10|measure=error_detection,ambiguous:ambigqa_train_3267103377301376828,ambiguous,10.0,error_detection,0.0013250223128125072
ambiguous:user_ambiguous_005|alpha=10|measure=error_detection,ambiguous:user_ambiguous_005,ambiguous,10.0,error_detection,0.0017007224960252643
definite_false:qw_1298|alpha=10|measure=error_detection,definite_false:qw_1298,definite_false,10.0,error_detection,0.9947799444198608
definite_false:bb_7609|alpha=10|measure=error_detection,definite_false:bb_7609,definite_false,10.0,error_detection,0.9820137619972229
definite_correct:dpql_5846|alpha=10|measure=error_detection,definite_correct:dpql_5846,definite_correct,10.0,error_detection,0.000552778597921133
definite_correct:qb_9954|alpha=10|measure=error_detection,definite_correct:qb_9954,definite_correct,10.0,error_detection,7.889262633398175e-06
ambiguous:synthetic_ambiguity_eccd45548d369037|alpha=10|measure=error_detection,ambiguous:synthetic_ambiguity_eccd45548d369037,ambiguous,10.0,error_detection,0.9740425944328308
definite_false:qb_3878|alpha=10|measure=error_detection,definite_false:qb_3878,definite_false,10.0,error_detection,0.8519527316093445
definite_false:dpql_5115|alpha=10|measure=error_detection,definite_false:dpql_5115,definite_false,10.0,error_detection,0.622459352016449
definite_false:qb_525|alpha=10|measure=error_detection,definite_false:qb_525,definite_false,10.0,error_detection,0.970687747001648
definite_correct:qw_859|alpha=10|measure=error_detection,definite_correct:qw_859,definite_correct,10.0,error_detection,6.962256520637311e-06
definite_correct:bb_5566|alpha=10|measure=error_detection,definite_correct:bb_5566,definite_correct,10.0,error_detection,0.00247262348420918
ambiguous:user_ambiguous_018|alpha=10|measure=error_detection,ambiguous:user_ambiguous_018,ambiguous,10.0,error_detection,0.0006263342220336199
definite_false:bb_3805|alpha=10|measure=error_detection,definite_false:bb_3805,definite_false,10.0,error_detection,0.008577484637498856
definite_false:qb_919|alpha=10|measure=error_detection,definite_false:qb_919,definite_false,10.0,error_detection,0.0015011822106316686
ambiguous:user_ambiguous_008|alpha=10|measure=error_detection,ambiguous:user_ambiguous_008,ambiguous,10.0,error_detection,0.005220125894993544
definite_correct:qb_2932|alpha=10|measure=error_detection,definite_correct:qb_2932,definite_correct,10.0,error_detection,0.0009110512328334153
definite_false:qw_2399|alpha=10|measure=error_detection,definite_false:qw_2399,definite_false,10.0,error_detection,0.0035936026833951473
definite_false:bb_4587|alpha=10|measure=error_detection,definite_false:bb_4587,definite_false,10.0,error_detection,0.4378235340118408
definite_correct:bb_2920|alpha=10|measure=error_detection,definite_correct:bb_2920,definite_correct,10.0,error_detection,4.2228334677929524e-06
definite_correct:wh_3778|alpha=10|measure=error_detection,definite_correct:wh_3778,definite_correct,10.0,error_detection,0.0002611903182696551
ambiguous:user_ambiguous_001|alpha=10|measure=error_detection,ambiguous:user_ambiguous_001,ambiguous,10.0,error_detection,0.4378235340118408
ambiguous:user_ambiguous_012|alpha=10|measure=error_detection,ambiguous:user_ambiguous_012,ambiguous,10.0,error_detection,0.5
definite_correct:wh_453|alpha=10|measure=error_detection,definite_correct:wh_453,definite_correct,10.0,error_detection,1.3007128472963814e-05
ambiguous:user_ambiguous_037|alpha=10|measure=error_detection,ambiguous:user_ambiguous_037,ambiguous,10.0,error_detection,0.022977370768785477
ambiguous:ambigqa_train_-282133277527244056|alpha=10|measure=error_detection,ambiguous:ambigqa_train_-282133277527244056,ambiguous,10.0,error_detection,0.00029595711384899914
ambiguous:user_ambiguous_060|alpha=10|measure=error_detection,ambiguous:user_ambiguous_060,ambiguous,10.0,error_detection,0.002182716503739357
definite_correct:dpql_3447|alpha=10|measure=error_detection,definite_correct:dpql_3447,definite_correct,10.0,error_detection,5.144221358932555e-05
definite_false:wh_1706|alpha=10|measure=error_detection,definite_false:wh_1706,definite_false,10.0,error_detection,0.02931223064661026
definite_false:qb_7085|alpha=10|measure=error_detection,definite_false:qb_7085,definite_false,10.0,error_detection,8.481104305246845e-05
ambiguous:user_ambiguous_066|alpha=10|measure=error_detection,ambiguous:user_ambiguous_066,ambiguous,10.0,error_detection,0.9940890073776245
definite_correct:qb_365|alpha=10|measure=error_detection,definite_correct:qb_365,definite_correct,10.0,error_detection,1.6701422282494605e-05
definite_false:qb_936|alpha=10|measure=error_detection,definite_false:qb_936,definite_false,10.0,error_detection,6.605214002775028e-05
definite_false:dpql_3912|alpha=10|measure=error_detection,definite_false:dpql_3912,definite_false,10.0,error_detection,0.014063626527786255
definite_false:dpql_5545|alpha=10|measure=error_detection,definite_false:dpql_5545,definite_false,10.0,error_detection,0.0031726828310638666
ambiguous:synthetic_ambiguity_befa9c239cfadb1e|alpha=10|measure=error_detection,ambiguous:synthetic_ambiguity_befa9c239cfadb1e,ambiguous,10.0,error_detection,0.9924227595329285
definite_correct:qb_916|alpha=10|measure=error_detection,definite_correct:qb_916,definite_correct,10.0,error_detection,0.0001795279822545126
definite_correct:dpql_6083|alpha=10|measure=error_detection,definite_correct:dpql_6083,definite_correct,10.0,error_detection,5.829126530443318e-05
definite_false:dpql_3261|alpha=10|measure=error_detection,definite_false:dpql_3261,definite_false,10.0,error_detection,0.9959298968315125
definite_false:bb_8112|alpha=10|measure=error_detection,definite_false:bb_8112,definite_false,10.0,error_detection,0.00015843621804378927
definite_correct:dpql_971|alpha=10|measure=error_detection,definite_correct:dpql_971,definite_correct,10.0,error_detection,0.0010322310263291001
ambiguous:user_ambiguous_081|alpha=10|measure=error_detection,ambiguous:user_ambiguous_081,ambiguous,10.0,error_detection,0.07585818320512772
definite_correct:qb_6581|alpha=10|measure=error_detection,definite_correct:qb_6581,definite_correct,10.0,error_detection,0.0001795279822545126
definite_false:qb_9244|alpha=10|measure=error_detection,definite_false:qb_9244,definite_false,10.0,error_detection,0.0004878571489825845
ambiguous:user_ambiguous_027|alpha=10|measure=error_detection,ambiguous:user_ambiguous_027,ambiguous,10.0,error_detection,0.037326883524656296
definite_correct:qb_4578|alpha=10|measure=error_detection,definite_correct:qb_4578,definite_correct,10.0,error_detection,2.4300239601871e-05
definite_correct:qb_8250|alpha=10|measure=error_detection,definite_correct:qb_8250,definite_correct,10.0,error_detection,1.6701422282494605e-05
ambiguous:user_ambiguous_024|alpha=10|measure=error_detection,ambiguous:user_ambiguous_024,ambiguous,10.0,error_detection,0.562176525592804
ambiguous:ambigqa_train_389267376370423320|alpha=10|measure=error_detection,ambiguous:ambigqa_train_389267376370423320,ambiguous,10.0,error_detection,0.0031726828310638666
definite_false:qw_4953|alpha=10|measure=error_detection,definite_false:qw_4953,definite_false,10.0,error_detection,0.9990890026092529
definite_correct:tc_1323|alpha=10|measure=error_detection,definite_correct:tc_1323,definite_correct,10.0,error_detection,2.4300239601871e-05
definite_false:bb_2616|alpha=10|measure=error_detection,definite_false:bb_2616,definite_false,10.0,error_detection,0.9999039173126221
ambiguous:ambigqa_train_-4290930682953750669|alpha=10|measure=error_detection,ambiguous:ambigqa_train_-4290930682953750669,ambiguous,10.0,error_detection,0.0007096704212017357
ambiguous:ambigqa_train_-6821663518687506172|alpha=10|measure=error_detection,ambiguous:ambigqa_train_-6821663518687506172,ambiguous,10.0,error_detection,0.0017007224960252643
definite_correct:tc_954|alpha=10|measure=error_detection,definite_correct:tc_954,definite_correct,10.0,error_detection,0.002182716503739357
ambiguous:user_ambiguous_029|alpha=10|measure=error_detection,ambiguous:user_ambiguous_029,ambiguous,10.0,error_detection,0.037326883524656296
definite_false:qw_3161|alpha=10|measure=error_detection,definite_false:qw_3161,definite_false,10.0,error_detection,0.9626730680465698
definite_correct:bb_6117|alpha=10|measure=error_detection,definite_correct:bb_6117,definite_correct,10.0,error_detection,9.610241977497935e-05
ambiguous:user_ambiguous_093|alpha=10|measure=error_detection,ambiguous:user_ambiguous_093,ambiguous,10.0,error_detection,0.020332353189587593
ambiguous:ambigqa_train_-5746040628732928353|alpha=10|measure=error_detection,ambiguous:ambigqa_train_-5746040628732928353,ambiguous,10.0,error_detection,0.004609571769833565
definite_false:dpql_3827|alpha=10|measure=error_detection,definite_false:dpql_3827,definite_false,10.0,error_detection,0.00012339458044152707
definite_false:dpql_4977|alpha=10|measure=error_detection,definite_false:dpql_4977,definite_false,10.0,error_detection,1.0129991096619051e-05
definite_false:bb_5317|alpha=10|measure=error_detection,definite_false:bb_5317,definite_false,10.0,error_detection,0.9890130758285522
definite_false:qw_3199|alpha=10|measure=error_detection,definite_false:qw_3199,definite_false,10.0,error_detection,0.9933071732521057
definite_false:qb_3427|alpha=10|measure=error_detection,definite_false:qb_3427,definite_false,10.0,error_detection,0.9525741338729858
definite_false:tc_1535|alpha=10|measure=error_detection,definite_false:tc_1535,definite_false,10.0,error_detection,0.977022647857666
ambiguous:user_ambiguous_035|alpha=10|measure=error_detection,ambiguous:user_ambiguous_035,ambiguous,10.0,error_detection,0.014063626527786255
ambiguous:ambigqa_dev_-1684587227477882737|alpha=10|measure=error_detection,ambiguous:ambigqa_dev_-1684587227477882737,ambiguous,10.0,error_detection,0.0035936026833951473
definite_false:qb_3987|alpha=10|measure=error_detection,definite_false:qb_3987,definite_false,10.0,error_detection,0.8175744414329529
definite_false:wh_2424|alpha=10|measure=error_detection,definite_false:wh_2424,definite_false,10.0,error_detection,5.144221358932555e-05
definite_false:wh_2928|alpha=10|measure=error_detection,definite_false:wh_2928,definite_false,10.0,error_detection,0.0009110512328334153
definite_correct:qz_3927|alpha=10|measure=error_detection,definite_correct:qz_3927,definite_correct,10.0,error_detection,0.002182716503739357
definite_false:qb_2901|alpha=10|measure=error_detection,definite_false:qb_2901,definite_false,10.0,error_detection,0.9947799444198608
definite_false:qb_4987|alpha=10|measure=error_detection,definite_false:qb_4987,definite_false,10.0,error_detection,0.9998766183853149
ambiguous:synthetic_ambiguity_736399f8375cbe45|alpha=10|measure=error_detection,ambiguous:synthetic_ambiguity_736399f8375cbe45,ambiguous,10.0,error_detection,0.6791787147521973
definite_correct:tc_1284|alpha=10|measure=error_detection,definite_correct:tc_1284,definite_correct,10.0,error_detection,4.539786823443137e-05
definite_correct:wh_51|alpha=10|measure=error_detection,definite_correct:wh_51,definite_correct,10.0,error_detection,7.484622619813308e-05
definite_correct:wh_4358|alpha=10|measure=error_detection,definite_correct:wh_4358,definite_correct,10.0,error_detection,0.0010322310263291001
definite_false:dpql_384|alpha=10|measure=error_detection,definite_false:dpql_384,definite_false,10.0,error_detection,0.01798621006309986
ambiguous:ambigqa_train_-4861369907584367396|alpha=10|measure=error_detection,ambiguous:ambigqa_train_-4861369907584367396,ambiguous,10.0,error_detection,0.002182716503739357
definite_correct:bb_8732|alpha=10|measure=error_detection,definite_correct:bb_8732,definite_correct,10.0,error_detection,1.8925147742265835e-05
ambiguous:user_ambiguous_092|alpha=10|measure=error_detection,ambiguous:user_ambiguous_092,ambiguous,10.0,error_detection,0.06008664891123772
ambiguous:user_ambiguous_020|alpha=10|measure=error_detection,ambiguous:user_ambiguous_020,ambiguous,10.0,error_detection,0.01798621006309986
definite_correct:bb_436|alpha=10|measure=error_detection,definite_correct:bb_436,definite_correct,10.0,error_detection,0.0007096704212017357
definite_false:tc_540|alpha=10|measure=error_detection,definite_false:tc_540,definite_false,10.0,error_detection,0.3775406777858734
definite_false:qb_3296|alpha=10|measure=error_detection,definite_false:qb_3296,definite_false,10.0,error_detection,0.9626730680465698
definite_false:tc_2257|alpha=10|measure=error_detection,definite_false:tc_2257,definite_false,10.0,error_detection,0.9999251365661621
definite_false:tc_2556|alpha=10|measure=error_detection,definite_false:tc_2556,definite_false,10.0,error_detection,0.9978172779083252
ambiguous:ambigqa_train_6622540978806844416|alpha=10|measure=error_detection,ambiguous:ambigqa_train_6622540978806844416,ambiguous,10.0,error_detection,0.006692850962281227
definite_correct:qw_132|alpha=10|measure=error_detection,definite_correct:qw_132,definite_correct,10.0,error_detection,0.0001398220774717629
definite_correct:dpql_5223|alpha=10|measure=error_detection,definite_correct:dpql_5223,definite_correct,10.0,error_detection,0.000552778597921133
definite_correct:dpql_2276|alpha=10|measure=error_detection,definite_correct:dpql_2276,definite_correct,10.0,error_detection,1.3007128472963814e-05
definite_false:wh_252|alpha=10|measure=error_detection,definite_false:wh_252,definite_false,10.0,error_detection,0.562176525592804
ambiguous:user_ambiguous_070|alpha=10|measure=error_detection,ambiguous:user_ambiguous_070,ambiguous,10.0,error_detection,0.9149009585380554
ambiguous:ambigqa_dev_-2928173928559810904|alpha=10|measure=error_detection,ambiguous:ambigqa_dev_-2928173928559810904,ambiguous,10.0,error_detection,0.0001795279822545126
ambiguous:user_ambiguous_048|alpha=10|measure=error_detection,ambiguous:user_ambiguous_048,ambiguous,10.0,error_detection,0.0009110512328334153
definite_false:qb_1556|alpha=10|measure=error_detection,definite_false:qb_1556,definite_false,10.0,error_detection,0.00023050671734381467
ambiguous:ambigqa_train_8846306718324708097|alpha=10|measure=error_detection,ambiguous:ambigqa_train_8846306718324708097,ambiguous,10.0,error_detection,6.605214002775028e-05
definite_false:bb_981|alpha=10|measure=error_detection,definite_false:bb_981,definite_false,10.0,error_detection,0.11920291185379028
definite_correct:qb_9283|alpha=10|measure=error_detection,definite_correct:qb_9283,definite_correct,10.0,error_detection,6.605214002775028e-05
definite_correct:bb_20|alpha=10|measure=error_detection,definite_correct:bb_20,definite_correct,10.0,error_detection,9.610241977497935e-05
definite_correct:bb_9184|alpha=10|measure=error_detection,definite_correct:bb_9184,definite_correct,10.0,error_detection,0.0015011822106316686
definite_correct:qw_5716|alpha=10|measure=error_detection,definite_correct:qw_5716,definite_correct,10.0,error_detection,0.8807970285415649
definite_correct:qb_5063|alpha=10|measure=error_detection,definite_correct:qb_5063,definite_correct,10.0,error_detection,0.00029595711384899914
definite_false:qw_3582|alpha=10|measure=error_detection,definite_false:qw_3582,definite_false,10.0,error_detection,0.9964063763618469
definite_correct:bb_500|alpha=10|measure=error_detection,definite_correct:bb_500,definite_correct,10.0,error_detection,9.610241977497935e-05
definite_false:tc_349|alpha=10|measure=error_detection,definite_false:tc_349,definite_false,10.0,error_detection,0.010986942797899246
definite_correct:bb_5094|alpha=10|measure=error_detection,definite_correct:bb_5094,definite_correct,10.0,error_detection,0.00010889690020121634
definite_false:dpql_3092|alpha=10|measure=error_detection,definite_false:dpql_3092,definite_false,10.0,error_detection,0.9989677667617798
definite_correct:qw_393|alpha=10|measure=error_detection,definite_correct:qw_393,definite_correct,10.0,error_detection,0.00012339458044152707
ambiguous:user_ambiguous_088|alpha=10|measure=error_detection,ambiguous:user_ambiguous_088,ambiguous,10.0,error_detection,0.014063626527786255
ambiguous:user_ambiguous_032|alpha=10|measure=error_detection,ambiguous:user_ambiguous_032,ambiguous,10.0,error_detection,0.11920291185379028
definite_correct:qb_1456|alpha=10|measure=error_detection,definite_correct:qb_1456,definite_correct,10.0,error_detection,0.0004305570910219103
ambiguous:user_ambiguous_004|alpha=10|measure=error_detection,ambiguous:user_ambiguous_004,ambiguous,10.0,error_detection,0.00010889690020121634
ambiguous:user_ambiguous_075|alpha=10|measure=error_detection,ambiguous:user_ambiguous_075,ambiguous,10.0,error_detection,0.9324532747268677
definite_correct:qb_2151|alpha=10|measure=error_detection,definite_correct:qb_2151,definite_correct,10.0,error_detection,4.539786823443137e-05
ambiguous:user_ambiguous_059|alpha=10|measure=error_detection,ambiguous:user_ambiguous_059,ambiguous,10.0,error_detection,0.0017007224960252643
ambiguous:user_ambiguous_074|alpha=10|measure=error_detection,ambiguous:user_ambiguous_074,ambiguous,10.0,error_detection,0.9525741338729858
definite_false:tc_2359|alpha=10|measure=error_detection,definite_false:tc_2359,definite_false,10.0,error_detection,0.002182716503739357
ambiguous:ambigqa_train_-4847378126974715981|alpha=10|measure=error_detection,ambiguous:ambigqa_train_-4847378126974715981,ambiguous,10.0,error_detection,0.022977370768785477
definite_correct:qb_7921|alpha=10|measure=error_detection,definite_correct:qb_7921,definite_correct,10.0,error_detection,4.2228334677929524e-06
definite_correct:qb_1172|alpha=10|measure=error_detection,definite_correct:qb_1172,definite_correct,10.0,error_detection,1.6701422282494605e-05
definite_correct:qw_243|alpha=10|measure=error_detection,definite_correct:qw_243,definite_correct,10.0,error_detection,7.484622619813308e-05
definite_correct:qb_8861|alpha=10|measure=error_detection,definite_correct:qb_8861,definite_correct,10.0,error_detection,0.0017007224960252643
ambiguous:user_ambiguous_031|alpha=10|measure=error_detection,ambiguous:user_ambiguous_031,ambiguous,10.0,error_detection,0.3775406777858734
definite_correct:qb_6665|alpha=10|measure=error_detection,definite_correct:qb_6665,definite_correct,10.0,error_detection,3.535625000949949e-05
definite_false:dpql_151|alpha=10|measure=error_detection,definite_false:dpql_151,definite_false,10.0,error_detection,4.006369272246957e-05
definite_correct:qw_6782|alpha=10|measure=error_detection,definite_correct:qw_6782,definite_correct,10.0,error_detection,9.610241977497935e-05
definite_correct:qb_3365|alpha=10|measure=error_detection,definite_correct:qb_3365,definite_correct,10.0,error_detection,0.0001795279822545126
definite_false:qb_2928|alpha=10|measure=error_detection,definite_false:qb_2928,definite_false,10.0,error_detection,0.999841570854187
ambiguous:user_ambiguous_007|alpha=10|measure=error_detection,ambiguous:user_ambiguous_007,ambiguous,10.0,error_detection,0.006692850962281227
ambiguous:user_ambiguous_054|alpha=10|measure=error_detection,ambiguous:user_ambiguous_054,ambiguous,10.0,error_detection,0.0035936026833951473
ambiguous:user_ambiguous_082|alpha=10|measure=error_detection,ambiguous:user_ambiguous_082,ambiguous,10.0,error_detection,0.4378235340118408
ambiguous:user_ambiguous_089|alpha=10|measure=error_detection,ambiguous:user_ambiguous_089,ambiguous,10.0,error_detection,0.0008040859247557819
definite_correct:qb_3684|alpha=10|measure=error_detection,definite_correct:qb_3684,definite_correct,10.0,error_detection,2.7535690605873242e-05
ambiguous:ambigqa_dev_2248395039731877618|alpha=10|measure=error_detection,ambiguous:ambigqa_dev_2248395039731877618,ambiguous,10.0,error_detection,0.0019267345778644085
ambiguous:user_ambiguous_034|alpha=10|measure=error_detection,ambiguous:user_ambiguous_034,ambiguous,10.0,error_detection,0.02931223064661026
definite_false:qb_3624|alpha=10|measure=error_detection,definite_false:qb_3624,definite_false,10.0,error_detection,0.9986749291419983
ambiguous:user_ambiguous_079|alpha=10|measure=error_detection,ambiguous:user_ambiguous_079,ambiguous,10.0,error_detection,0.012431650422513485
definite_correct:bb_121|alpha=10|measure=error_detection,definite_correct:bb_121,definite_correct,10.0,error_detection,0.03308597952127457
definite_correct:qb_7271|alpha=10|measure=error_detection,definite_correct:qb_7271,definite_correct,10.0,error_detection,6.962256520637311e-06
definite_correct:qw_2634|alpha=10|measure=error_detection,definite_correct:qw_2634,definite_correct,10.0,error_detection,4.006369272246957e-05
definite_correct:qw_1421|alpha=10|measure=error_detection,definite_correct:qw_1421,definite_correct,10.0,error_detection,1.473898100812221e-05
definite_false:wh_527|alpha=10|measure=error_detection,definite_false:wh_527,definite_false,10.0,error_detection,0.9999724626541138
definite_correct:tc_1602|alpha=10|measure=error_detection,definite_correct:tc_1602,definite_correct,10.0,error_detection,0.010986942797899246
definite_correct:qb_650|alpha=10|measure=error_detection,definite_correct:qb_650,definite_correct,10.0,error_detection,3.288748985141865e-06
definite_false:bb_968|alpha=10|measure=error_detection,definite_false:bb_968,definite_false,10.0,error_detection,0.9820137619972229
ambiguous:user_ambiguous_084|alpha=10|measure=error_detection,ambiguous:user_ambiguous_084,ambiguous,10.0,error_detection,0.2689414322376251
definite_false:dpql_2396|alpha=10|measure=error_detection,definite_false:dpql_2396,definite_false,10.0,error_detection,0.14804719388484955
ambiguous:user_ambiguous_064|alpha=10|measure=error_detection,ambiguous:user_ambiguous_064,ambiguous,10.0,error_detection,0.04742587357759476
ambiguous:ambigqa_train_-6615422287569447999|alpha=10|measure=error_detection,ambiguous:ambigqa_train_-6615422287569447999,ambiguous,10.0,error_detection,0.07585818320512772
definite_correct:bb_6465|alpha=10|measure=error_detection,definite_correct:bb_6465,definite_correct,10.0,error_detection,0.0009110512328334153
ambiguous:user_ambiguous_071|alpha=10|measure=error_detection,ambiguous:user_ambiguous_071,ambiguous,10.0,error_detection,0.622459352016449
definite_correct:bb_1135|alpha=10|measure=error_detection,definite_correct:bb_1135,definite_correct,10.0,error_detection,0.00010889690020121634
ambiguous:user_ambiguous_017|alpha=10|measure=error_detection,ambiguous:user_ambiguous_017,ambiguous,10.0,error_detection,0.8175744414329529
definite_correct:qb_3191|alpha=10|measure=error_detection,definite_correct:qb_3191,definite_correct,10.0,error_detection,6.962256520637311e-06
ambiguous:user_ambiguous_062|alpha=10|measure=error_detection,ambiguous:user_ambiguous_062,ambiguous,10.0,error_detection,0.7772998809814453
definite_correct:wh_1933|alpha=10|measure=error_detection,definite_correct:wh_1933,definite_correct,10.0,error_detection,7.484622619813308e-05
ambiguous:user_ambiguous_041|alpha=10|measure=error_detection,ambiguous:user_ambiguous_041,ambiguous,10.0,error_detection,0.0010322310263291001
definite_correct:qb_1435|alpha=10|measure=error_detection,definite_correct:qb_1435,definite_correct,10.0,error_detection,5.144221358932555e-05
ambiguous:user_ambiguous_038|alpha=10|measure=error_detection,ambiguous:user_ambiguous_038,ambiguous,10.0,error_detection,0.3775406777858734
definite_correct:bb_4832|alpha=10|measure=error_detection,definite_correct:bb_4832,definite_correct,10.0,error_detection,0.0002611903182696551
definite_correct:qb_6086|alpha=10|measure=error_detection,definite_correct:qb_6086,definite_correct,10.0,error_detection,1.0129991096619051e-05
definite_correct:dpql_216|alpha=10|measure=error_detection,definite_correct:dpql_216,definite_correct,10.0,error_detection,0.000552778597921133
definite_false:qb_6250|alpha=10|measure=error_detection,definite_false:qb_6250,definite_false,10.0,error_detection,0.00023050671734381467
ambiguous:user_ambiguous_056|alpha=10|measure=error_detection,ambiguous:user_ambiguous_056,ambiguous,10.0,error_detection,0.3775406777858734
definite_correct:qb_4948|alpha=10|measure=error_detection,definite_correct:qb_4948,definite_correct,10.0,error_detection,9.610241977497935e-05
definite_false:dpql_2259|alpha=10|measure=error_detection,definite_false:dpql_2259,definite_false,10.0,error_detection,0.0002611903182696551
ambiguous:user_ambiguous_090|alpha=10|measure=error_detection,ambiguous:user_ambiguous_090,ambiguous,10.0,error_detection,0.007577241398394108
definite_correct:bb_2326|alpha=10|measure=error_detection,definite_correct:bb_2326,definite_correct,10.0,error_detection,1.0129991096619051e-05
ambiguous:user_ambiguous_026|alpha=10|measure=error_detection,ambiguous:user_ambiguous_026,ambiguous,10.0,error_detection,0.22270014882087708
definite_correct:dpql_6346|alpha=10|measure=error_detection,definite_correct:dpql_6346,definite_correct,10.0,error_detection,0.00037998449988663197
definite_false:qw_5896|alpha=10|measure=error_detection,definite_false:qw_5896,definite_false,10.0,error_detection,0.09534946084022522
definite_false:dpql_4319|alpha=10|measure=error_detection,definite_false:dpql_4319,definite_false,10.0,error_detection,0.9840936064720154
ambiguous:user_ambiguous_094|alpha=10|measure=error_detection,ambiguous:user_ambiguous_094,ambiguous,10.0,error_detection,0.012431650422513485
definite_correct:qb_299|alpha=10|measure=error_detection,definite_correct:qb_299,definite_correct,10.0,error_detection,0.00015843621804378927
definite_false:qw_5298|alpha=10|measure=error_detection,definite_false:qw_5298,definite_false,10.0,error_detection,0.18242551386356354
definite_false:qz_6898|alpha=10|measure=error_detection,definite_false:qz_6898,definite_false,10.0,error_detection,0.0019267345778644085
ambiguous:user_ambiguous_063|alpha=10|measure=error_detection,ambiguous:user_ambiguous_063,ambiguous,10.0,error_detection,0.3208213150501251
definite_false:bb_6668|alpha=10|measure=error_detection,definite_false:bb_6668,definite_false,10.0,error_detection,0.005911069456487894
definite_correct:qw_1068|alpha=10|measure=error_detection,definite_correct:qw_1068,definite_correct,10.0,error_detection,0.00029595711384899914
definite_false:bb_2489|alpha=10|measure=error_detection,definite_false:bb_2489,definite_false,10.0,error_detection,0.04742587357759476
ambiguous:user_ambiguous_039|alpha=10|measure=error_detection,ambiguous:user_ambiguous_039,ambiguous,10.0,error_detection,0.00970847625285387
definite_correct:dpql_633|alpha=10|measure=error_detection,definite_correct:dpql_633,definite_correct,10.0,error_detection,7.484622619813308e-05
definite_correct:tc_2317|alpha=10|measure=error_detection,definite_correct:tc_2317,definite_correct,10.0,error_detection,1.3007128472963814e-05
ambiguous:ambigqa_train_8480092557592561766|alpha=10|measure=error_detection,ambiguous:ambigqa_train_8480092557592561766,ambiguous,10.0,error_detection,0.9971990585327148
definite_false:dpql_1695|alpha=10|measure=error_detection,definite_false:dpql_1695,definite_false,10.0,error_detection,0.18242551386356354
ambiguous:user_ambiguous_050|alpha=10|measure=error_detection,ambiguous:user_ambiguous_050,ambiguous,10.0,error_detection,0.22270014882087708
ambiguous:user_ambiguous_016|alpha=10|measure=error_detection,ambiguous:user_ambiguous_016,ambiguous,10.0,error_detection,0.03308597952127457
ambiguous:user_ambiguous_046|alpha=10|measure=error_detection,ambiguous:user_ambiguous_046,ambiguous,10.0,error_detection,0.0011695101857185364
definite_false:qw_6106|alpha=10|measure=error_detection,definite_false:qw_6106,definite_false,10.0,error_detection,0.9241418242454529
definite_correct:qw_5335|alpha=10|measure=error_detection,definite_correct:qw_5335,definite_correct,10.0,error_detection,2.7535690605873242e-05
definite_correct:bb_5550|alpha=10|measure=error_detection,definite_correct:bb_5550,definite_correct,10.0,error_detection,0.000552778597921133
definite_false:bb_596|alpha=10|measure=error_detection,definite_false:bb_596,definite_false,10.0,error_detection,0.9989677667617798
definite_false:qb_2899|alpha=10|measure=error_detection,definite_false:qb_2899,definite_false,10.0,error_detection,0.01798621006309986
definite_false:dpql_753|alpha=10|measure=error_detection,definite_false:dpql_753,definite_false,10.0,error_detection,0.9820137619972229
definite_correct:bb_810|alpha=10|measure=anomaly_forced_choice,definite_correct:bb_810,definite_correct,10.0,anomaly_forced_choice,0.0001795279822545126
definite_correct:tc_2317|alpha=10|measure=anomaly_forced_choice,definite_correct:tc_2317,definite_correct,10.0,anomaly_forced_choice,0.3208213150501251
definite_false:qb_355|alpha=10|measure=anomaly_forced_choice,definite_false:qb_355,definite_false,10.0,anomaly_forced_choice,0.0011695101857185364
definite_false:bb_5849|alpha=10|measure=anomaly_forced_choice,definite_false:bb_5849,definite_false,10.0,anomaly_forced_choice,0.9525741338729858
definite_false:tc_540|alpha=10|measure=anomaly_forced_choice,definite_false:tc_540,definite_false,10.0,anomaly_forced_choice,0.9740425944328308
definite_correct:bb_2920|alpha=10|measure=anomaly_forced_choice,definite_correct:bb_2920,definite_correct,10.0,anomaly_forced_choice,0.000552778597921133
definite_correct:dpql_3467|alpha=10|measure=anomaly_forced_choice,definite_correct:dpql_3467,definite_correct,10.0,anomaly_forced_choice,0.0017007224960252643
ambiguous:user_ambiguous_089|alpha=10|measure=anomaly_forced_choice,ambiguous:user_ambiguous_089,ambiguous,10.0,anomaly_forced_choice,0.4378235340118408
ambiguous:ambigqa_dev_-9219689808672072116|alpha=10|measure=anomaly_forced_choice,ambiguous:ambigqa_dev_-9219689808672072116,ambiguous,10.0,anomaly_forced_choice,0.06008664891123772
definite_false:dpql_4205|alpha=10|measure=anomaly_forced_choice,definite_false:dpql_4205,definite_false,10.0,anomaly_forced_choice,0.0002611903182696551
definite_false:tc_2556|alpha=10|measure=anomaly_forced_choice,definite_false:tc_2556,definite_false,10.0,anomaly_forced_choice,0.22270014882087708
definite_correct:bb_6117|alpha=10|measure=anomaly_forced_choice,definite_correct:bb_6117,definite_correct,10.0,anomaly_forced_choice,1.473898100812221e-05
definite_correct:qw_1816|alpha=10|measure=anomaly_forced_choice,definite_correct:qw_1816,definite_correct,10.0,anomaly_forced_choice,0.10669060051441193
definite_correct:qb_5063|alpha=10|measure=anomaly_forced_choice,definite_correct:qb_5063,definite_correct,10.0,anomaly_forced_choice,0.2018132209777832
definite_correct:wh_1303|alpha=10|measure=anomaly_forced_choice,definite_correct:wh_1303,definite_correct,10.0,anomaly_forced_choice,7.484622619813308e-05
ambiguous:ambigqa_train_-6615422287569447999|alpha=10|measure=anomaly_forced_choice,ambiguous:ambigqa_train_-6615422287569447999,ambiguous,10.0,anomaly_forced_choice,0.4378235340118408
ambiguous:user_ambiguous_071|alpha=10|measure=anomaly_forced_choice,ambiguous:user_ambiguous_071,ambiguous,10.0,anomaly_forced_choice,0.5
ambiguous:user_ambiguous_032|alpha=10|measure=anomaly_forced_choice,ambiguous:user_ambiguous_032,ambiguous,10.0,anomaly_forced_choice,0.02595735527575016
ambiguous:ambigqa_train_-4861369907584367396|alpha=10|measure=anomaly_forced_choice,ambiguous:ambigqa_train_-4861369907584367396,ambiguous,10.0,anomaly_forced_choice,0.005220125894993544
definite_correct:qb_3365|alpha=10|measure=anomaly_forced_choice,definite_correct:qb_3365,definite_correct,10.0,anomaly_forced_choice,0.07585818320512772
definite_correct:tc_1284|alpha=10|measure=anomaly_forced_choice,definite_correct:tc_1284,definite_correct,10.0,anomaly_forced_choice,0.06008664891123772
definite_correct:qb_6086|alpha=10|measure=anomaly_forced_choice,definite_correct:qb_6086,definite_correct,10.0,anomaly_forced_choice,9.610241977497935e-05
definite_correct:wh_3778|alpha=10|measure=anomaly_forced_choice,definite_correct:wh_3778,definite_correct,10.0,anomaly_forced_choice,8.481104305246845e-05
ambiguous:user_ambiguous_094|alpha=10|measure=anomaly_forced_choice,ambiguous:user_ambiguous_094,ambiguous,10.0,anomaly_forced_choice,0.622459352016449
definite_false:qb_9682|alpha=10|measure=anomaly_forced_choice,definite_false:qb_9682,definite_false,10.0,anomaly_forced_choice,0.9241418242454529
definite_correct:qb_4578|alpha=10|measure=anomaly_forced_choice,definite_correct:qb_4578,definite_correct,10.0,anomaly_forced_choice,0.00033535013790242374
definite_false:dpql_3261|alpha=10|measure=anomaly_forced_choice,definite_false:dpql_3261,definite_false,10.0,anomaly_forced_choice,0.9525741338729858
definite_false:bb_8205|alpha=10|measure=anomaly_forced_choice,definite_false:bb_8205,definite_false,10.0,anomaly_forced_choice,0.006692850962281227
ambiguous:ambigqa_train_8480092557592561766|alpha=10|measure=anomaly_forced_choice,ambiguous:ambigqa_train_8480092557592561766,ambiguous,10.0,anomaly_forced_choice,0.8175744414329529
definite_correct:qw_5716|alpha=10|measure=anomaly_forced_choice,definite_correct:qw_5716,definite_correct,10.0,anomaly_forced_choice,0.11920291185379028
definite_correct:qb_4415|alpha=10|measure=anomaly_forced_choice,definite_correct:qb_4415,definite_correct,10.0,anomaly_forced_choice,0.0006263342220336199
definite_false:dpql_3092|alpha=10|measure=anomaly_forced_choice,definite_false:dpql_3092,definite_false,10.0,anomaly_forced_choice,0.9875683188438416
ambiguous:user_ambiguous_035|alpha=10|measure=anomaly_forced_choice,ambiguous:user_ambiguous_035,ambiguous,10.0,anomaly_forced_choice,0.4378235340118408
ambiguous:user_ambiguous_005|alpha=10|measure=anomaly_forced_choice,ambiguous:user_ambiguous_005,ambiguous,10.0,anomaly_forced_choice,0.4378235340118408
definite_correct:dpql_216|alpha=10|measure=anomaly_forced_choice,definite_correct:dpql_216,definite_correct,10.0,anomaly_forced_choice,0.01798621006309986
ambiguous:user_ambiguous_093|alpha=10|measure=anomaly_forced_choice,ambiguous:user_ambiguous_093,ambiguous,10.0,anomaly_forced_choice,0.562176525592804
definite_correct:qb_7921|alpha=10|measure=anomaly_forced_choice,definite_correct:qb_7921,definite_correct,10.0,anomaly_forced_choice,0.03308597952127457
ambiguous:user_ambiguous_070|alpha=10|measure=anomaly_forced_choice,ambiguous:user_ambiguous_070,ambiguous,10.0,anomaly_forced_choice,0.22270014882087708
definite_false:dpql_2396|alpha=10|measure=anomaly_forced_choice,definite_false:dpql_2396,definite_false,10.0,anomaly_forced_choice,0.4378235340118408
definite_correct:qb_365|alpha=10|measure=anomaly_forced_choice,definite_correct:qb_365,definite_correct,10.0,anomaly_forced_choice,8.481104305246845e-05
definite_correct:qb_3684|alpha=10|measure=anomaly_forced_choice,definite_correct:qb_3684,definite_correct,10.0,anomaly_forced_choice,7.484622619813308e-05
definite_correct:qb_1456|alpha=10|measure=anomaly_forced_choice,definite_correct:qb_1456,definite_correct,10.0,anomaly_forced_choice,0.7981867790222168
definite_false:wh_3277|alpha=10|measure=anomaly_forced_choice,definite_false:wh_3277,definite_false,10.0,anomaly_forced_choice,0.8807970285415649
definite_false:qb_2370|alpha=10|measure=anomaly_forced_choice,definite_false:qb_2370,definite_false,10.0,anomaly_forced_choice,0.012431650422513485
definite_false:qb_919|alpha=10|measure=anomaly_forced_choice,definite_false:qb_919,definite_false,10.0,anomaly_forced_choice,0.053403329104185104
definite_false:bb_981|alpha=10|measure=anomaly_forced_choice,definite_false:bb_981,definite_false,10.0,anomaly_forced_choice,0.18242551386356354
definite_correct:dpql_971|alpha=10|measure=anomaly_forced_choice,definite_correct:dpql_971,definite_correct,10.0,anomaly_forced_choice,0.04208773002028465
ambiguous:user_ambiguous_039|alpha=10|measure=anomaly_forced_choice,ambiguous:user_ambiguous_039,ambiguous,10.0,anomaly_forced_choice,0.007577241398394108
definite_false:bb_7609|alpha=10|measure=anomaly_forced_choice,definite_false:bb_7609,definite_false,10.0,anomaly_forced_choice,0.053403329104185104
definite_false:bb_5317|alpha=10|measure=anomaly_forced_choice,definite_false:bb_5317,definite_false,10.0,anomaly_forced_choice,0.02595735527575016
ambiguous:user_ambiguous_078|alpha=10|measure=anomaly_forced_choice,ambiguous:user_ambiguous_078,ambiguous,10.0,anomaly_forced_choice,0.8807970285415649
ambiguous:ambigqa_train_-2840611200472199951|alpha=10|measure=anomaly_forced_choice,ambiguous:ambigqa_train_-2840611200472199951,ambiguous,10.0,anomaly_forced_choice,0.9399133324623108
definite_false:tc_3120|alpha=10|measure=anomaly_forced_choice,definite_false:tc_3120,definite_false,10.0,anomaly_forced_choice,0.0017007224960252643
definite_correct:bb_5094|alpha=10|measure=anomaly_forced_choice,definite_correct:bb_5094,definite_correct,10.0,anomaly_forced_choice,0.04742587357759476
ambiguous:user_ambiguous_029|alpha=10|measure=anomaly_forced_choice,ambiguous:user_ambiguous_029,ambiguous,10.0,anomaly_forced_choice,0.977022647857666
definite_false:qw_4953|alpha=10|measure=anomaly_forced_choice,definite_false:qw_4953,definite_false,10.0,anomaly_forced_choice,0.9978172779083252
ambiguous:user_ambiguous_036|alpha=10|measure=anomaly_forced_choice,ambiguous:user_ambiguous_036,ambiguous,10.0,anomaly_forced_choice,0.014063626527786255
ambiguous:ambigqa_train_8846306718324708097|alpha=10|measure=anomaly_forced_choice,ambiguous:ambigqa_train_8846306718324708097,ambiguous,10.0,anomaly_forced_choice,0.0035936026833951473
ambiguous:ambigqa_dev_-2861341002123248407|alpha=10|measure=anomaly_forced_choice,ambiguous:ambigqa_dev_-2861341002123248407,ambiguous,10.0,anomaly_forced_choice,0.9914224743843079
ambiguous:ambigqa_train_-4829972042995259834|alpha=10|measure=anomaly_forced_choice,ambiguous:ambigqa_train_-4829972042995259834,ambiguous,10.0,anomaly_forced_choice,0.18242551386356354
definite_correct:wh_4358|alpha=10|measure=anomaly_forced_choice,definite_correct:wh_4358,definite_correct,10.0,anomaly_forced_choice,0.0010322310263291001
definite_false:wh_2424|alpha=10|measure=anomaly_forced_choice,definite_false:wh_2424,definite_false,10.0,anomaly_forced_choice,0.06008664891123772
definite_false:dpql_4053|alpha=10|measure=anomaly_forced_choice,definite_false:dpql_4053,definite_false,10.0,anomaly_forced_choice,0.8807970285415649
definite_false:dpql_1695|alpha=10|measure=anomaly_forced_choice,definite_false:dpql_1695,definite_false,10.0,anomaly_forced_choice,0.9324532747268677
definite_correct:bb_4832|alpha=10|measure=anomaly_forced_choice,definite_correct:bb_4832,definite_correct,10.0,anomaly_forced_choice,0.008577484637498856
definite_correct:tc_1602|alpha=10|measure=anomaly_forced_choice,definite_correct:tc_1602,definite_correct,10.0,anomaly_forced_choice,0.3208213150501251
ambiguous:ambigqa_train_-4847378126974715981|alpha=10|measure=anomaly_forced_choice,ambiguous:ambigqa_train_-4847378126974715981,ambiguous,10.0,anomaly_forced_choice,0.2689414322376251
definite_correct:qw_859|alpha=10|measure=anomaly_forced_choice,definite_correct:qw_859,definite_correct,10.0,anomaly_forced_choice,0.9875683188438416
definite_correct:qb_2497|alpha=10|measure=anomaly_forced_choice,definite_correct:qb_2497,definite_correct,10.0,anomaly_forced_choice,0.06754668802022934
definite_correct:tc_954|alpha=10|measure=anomaly_forced_choice,definite_correct:tc_954,definite_correct,10.0,anomaly_forced_choice,0.2689414322376251
definite_correct:qb_6581|alpha=10|measure=anomaly_forced_choice,definite_correct:qb_6581,definite_correct,10.0,anomaly_forced_choice,0.5
definite_correct:qb_4948|alpha=10|measure=anomaly_forced_choice,definite_correct:qb_4948,definite_correct,10.0,anomaly_forced_choice,0.020332353189587593
definite_false:bb_77|alpha=10|measure=anomaly_forced_choice,definite_false:bb_77,definite_false,10.0,anomaly_forced_choice,0.9986749291419983
ambiguous:user_ambiguous_081|alpha=10|measure=anomaly_forced_choice,ambiguous:user_ambiguous_081,ambiguous,10.0,anomaly_forced_choice,0.9465966820716858
definite_correct:qw_6782|alpha=10|measure=anomaly_forced_choice,definite_correct:qw_6782,definite_correct,10.0,anomaly_forced_choice,0.053403329104185104
definite_correct:qb_299|alpha=10|measure=anomaly_forced_choice,definite_correct:qb_299,definite_correct,10.0,anomaly_forced_choice,0.02931223064661026
definite_correct:wh_1933|alpha=10|measure=anomaly_forced_choice,definite_correct:wh_1933,definite_correct,10.0,anomaly_forced_choice,0.0008040859247557819
definite_false:qz_1393|alpha=10|measure=anomaly_forced_choice,definite_false:qz_1393,definite_false,10.0,anomaly_forced_choice,0.9990890026092529
ambiguous:user_ambiguous_074|alpha=10|measure=anomaly_forced_choice,ambiguous:user_ambiguous_074,ambiguous,10.0,anomaly_forced_choice,0.9859364032745361
definite_false:tc_2359|alpha=10|measure=anomaly_forced_choice,definite_false:tc_2359,definite_false,10.0,anomaly_forced_choice,0.11920291185379028
ambiguous:user_ambiguous_069|alpha=10|measure=anomaly_forced_choice,ambiguous:user_ambiguous_069,ambiguous,10.0,anomaly_forced_choice,0.9046505093574524
ambiguous:user_ambiguous_082|alpha=10|measure=anomaly_forced_choice,ambiguous:user_ambiguous_082,ambiguous,10.0,anomaly_forced_choice,0.9840936064720154
definite_false:qb_3869|alpha=10|measure=anomaly_forced_choice,definite_false:qb_3869,definite_false,10.0,anomaly_forced_choice,0.9986749291419983
ambiguous:user_ambiguous_004|alpha=10|measure=anomaly_forced_choice,ambiguous:user_ambiguous_004,ambiguous,10.0,anomaly_forced_choice,0.3775406777858734
definite_false:tc_3016|alpha=10|measure=anomaly_forced_choice,definite_false:tc_3016,definite_false,10.0,anomaly_forced_choice,0.9975274205207825
definite_false:tc_1535|alpha=10|measure=anomaly_forced_choice,definite_false:tc_1535,definite_false,10.0,anomaly_forced_choice,0.562176525592804
ambiguous:synthetic_ambiguity_d830565486f2d0b0|alpha=10|measure=anomaly_forced_choice,ambiguous:synthetic_ambiguity_d830565486f2d0b0,ambiguous,10.0,anomaly_forced_choice,0.07585818320512772
ambiguous:user_ambiguous_001|alpha=10|measure=anomaly_forced_choice,ambiguous:user_ambiguous_001,ambiguous,10.0,anomaly_forced_choice,0.8175744414329529
definite_correct:bb_9184|alpha=10|measure=anomaly_forced_choice,definite_correct:bb_9184,definite_correct,10.0,anomaly_forced_choice,0.053403329104185104
ambiguous:user_ambiguous_059|alpha=10|measure=anomaly_forced_choice,ambiguous:user_ambiguous_059,ambiguous,10.0,anomaly_forced_choice,0.020332353189587593
ambiguous:user_ambiguous_091|alpha=10|measure=anomaly_forced_choice,ambiguous:user_ambiguous_091,ambiguous,10.0,anomaly_forced_choice,0.8670357465744019
definite_false:qw_3353|alpha=10|measure=anomaly_forced_choice,definite_false:qw_3353,definite_false,10.0,anomaly_forced_choice,0.622459352016449
definite_correct:qw_393|alpha=10|measure=anomaly_forced_choice,definite_correct:qw_393,definite_correct,10.0,anomaly_forced_choice,0.06754668802022934
definite_false:qz_3440|alpha=10|measure=anomaly_forced_choice,definite_false:qz_3440,definite_false,10.0,anomaly_forced_choice,0.22270014882087708
ambiguous:ambigqa_dev_-1684587227477882737|alpha=10|measure=anomaly_forced_choice,ambiguous:ambigqa_dev_-1684587227477882737,ambiguous,10.0,anomaly_forced_choice,0.0035936026833951473
definite_correct:qb_4336|alpha=10|measure=anomaly_forced_choice,definite_correct:qb_4336,definite_correct,10.0,anomaly_forced_choice,6.605214002775028e-05
definite_correct:qw_4190|alpha=10|measure=anomaly_forced_choice,definite_correct:qw_4190,definite_correct,10.0,anomaly_forced_choice,0.000552778597921133
definite_correct:wh_453|alpha=10|measure=anomaly_forced_choice,definite_correct:wh_453,definite_correct,10.0,anomaly_forced_choice,0.000552778597921133
definite_correct:wh_4041|alpha=10|measure=anomaly_forced_choice,definite_correct:wh_4041,definite_correct,10.0,anomaly_forced_choice,0.000552778597921133
ambiguous:ambigqa_train_3267103377301376828|alpha=10|measure=anomaly_forced_choice,ambiguous:ambigqa_train_3267103377301376828,ambiguous,10.0,anomaly_forced_choice,0.22270014882087708
definite_correct:qb_1172|alpha=10|measure=anomaly_forced_choice,definite_correct:qb_1172,definite_correct,10.0,anomaly_forced_choice,0.2018132209777832
definite_false:bb_4587|alpha=10|measure=anomaly_forced_choice,definite_false:bb_4587,definite_false,10.0,anomaly_forced_choice,0.9975274205207825
ambiguous:user_ambiguous_017|alpha=10|measure=anomaly_forced_choice,ambiguous:user_ambiguous_017,ambiguous,10.0,anomaly_forced_choice,0.022977370768785477
ambiguous:synthetic_ambiguity_77277aded01ef92e|alpha=10|measure=anomaly_forced_choice,ambiguous:synthetic_ambiguity_77277aded01ef92e,ambiguous,10.0,anomaly_forced_choice,0.8175744414329529
definite_false:bb_6668|alpha=10|measure=anomaly_forced_choice,definite_false:bb_6668,definite_false,10.0,anomaly_forced_choice,0.2018132209777832
definite_correct:bb_121|alpha=10|measure=anomaly_forced_choice,definite_correct:bb_121,definite_correct,10.0,anomaly_forced_choice,0.16451646387577057
definite_false:dpql_3912|alpha=10|measure=anomaly_forced_choice,definite_false:dpql_3912,definite_false,10.0,anomaly_forced_choice,0.3208213150501251
definite_false:wh_2928|alpha=10|measure=anomaly_forced_choice,definite_false:wh_2928,definite_false,10.0,anomaly_forced_choice,0.2689414322376251
definite_false:qw_5298|alpha=10|measure=anomaly_forced_choice,definite_false:qw_5298,definite_false,10.0,anomaly_forced_choice,0.9914224743843079
ambiguous:synthetic_ambiguity_39e9eaa2e03e1780|alpha=10|measure=anomaly_forced_choice,ambiguous:synthetic_ambiguity_39e9eaa2e03e1780,ambiguous,10.0,anomaly_forced_choice,0.9740425944328308
ambiguous:user_ambiguous_034|alpha=10|measure=anomaly_forced_choice,ambiguous:user_ambiguous_034,ambiguous,10.0,anomaly_forced_choice,0.01590639166533947
definite_false:qw_4954|alpha=10|measure=anomaly_forced_choice,definite_false:qw_4954,definite_false,10.0,anomaly_forced_choice,0.022977370768785477
definite_false:qb_3427|alpha=10|measure=anomaly_forced_choice,definite_false:qb_3427,definite_false,10.0,anomaly_forced_choice,0.9978172779083252
definite_correct:qw_243|alpha=10|measure=anomaly_forced_choice,definite_correct:qw_243,definite_correct,10.0,anomaly_forced_choice,0.00029595711384899914
ambiguous:user_ambiguous_100|alpha=10|measure=anomaly_forced_choice,ambiguous:user_ambiguous_100,ambiguous,10.0,anomaly_forced_choice,0.562176525592804
definite_correct:qw_1211|alpha=10|measure=anomaly_forced_choice,definite_correct:qw_1211,definite_correct,10.0,anomaly_forced_choice,0.00020342698553577065
definite_false:qb_3878|alpha=10|measure=anomaly_forced_choice,definite_false:qb_3878,definite_false,10.0,anomaly_forced_choice,0.8175744414329529
ambiguous:user_ambiguous_038|alpha=10|measure=anomaly_forced_choice,ambiguous:user_ambiguous_038,ambiguous,10.0,anomaly_forced_choice,0.622459352016449
definite_correct:qb_2151|alpha=10|measure=anomaly_forced_choice,definite_correct:qb_2151,definite_correct,10.0,anomaly_forced_choice,0.00010889690020121634
definite_correct:qb_34|alpha=10|measure=anomaly_forced_choice,definite_correct:qb_34,definite_correct,10.0,anomaly_forced_choice,0.04208773002028465
definite_correct:qz_340|alpha=10|measure=anomaly_forced_choice,definite_correct:qz_340,definite_correct,10.0,anomaly_forced_choice,0.03308597952127457
definite_correct:qb_8036|alpha=10|measure=anomaly_forced_choice,definite_correct:qb_8036,definite_correct,10.0,anomaly_forced_choice,0.07585818320512772
definite_correct:qb_9452|alpha=10|measure=anomaly_forced_choice,definite_correct:qb_9452,definite_correct,10.0,anomaly_forced_choice,0.0004878571489825845
definite_false:qw_6106|alpha=10|measure=anomaly_forced_choice,definite_false:qw_6106,definite_false,10.0,anomaly_forced_choice,0.9978172779083252
ambiguous:user_ambiguous_048|alpha=10|measure=anomaly_forced_choice,ambiguous:user_ambiguous_048,ambiguous,10.0,anomaly_forced_choice,0.18242551386356354
definite_false:qw_3161|alpha=10|measure=anomaly_forced_choice,definite_false:qw_3161,definite_false,10.0,anomaly_forced_choice,0.977022647857666
ambiguous:user_ambiguous_088|alpha=10|measure=anomaly_forced_choice,ambiguous:user_ambiguous_088,ambiguous,10.0,anomaly_forced_choice,0.037326883524656296
ambiguous:user_ambiguous_049|alpha=10|measure=anomaly_forced_choice,ambiguous:user_ambiguous_049,ambiguous,10.0,anomaly_forced_choice,0.01798621006309986
definite_correct:bb_6024|alpha=10|measure=anomaly_forced_choice,definite_correct:bb_6024,definite_correct,10.0,anomaly_forced_choice,0.3775406777858734
ambiguous:user_ambiguous_060|alpha=10|measure=anomaly_forced_choice,ambiguous:user_ambiguous_060,ambiguous,10.0,anomaly_forced_choice,0.020332353189587593
definite_correct:qz_3927|alpha=10|measure=anomaly_forced_choice,definite_correct:qz_3927,definite_correct,10.0,anomaly_forced_choice,0.0008040859247557819
ambiguous:ambigqa_train_-5746040628732928353|alpha=10|measure=anomaly_forced_choice,ambiguous:ambigqa_train_-5746040628732928353,ambiguous,10.0,anomaly_forced_choice,0.3775406777858734
ambiguous:user_ambiguous_079|alpha=10|measure=anomaly_forced_choice,ambiguous:user_ambiguous_079,ambiguous,10.0,anomaly_forced_choice,0.7772998809814453
ambiguous:user_ambiguous_092|alpha=10|measure=anomaly_forced_choice,ambiguous:user_ambiguous_092,ambiguous,10.0,anomaly_forced_choice,0.3775406777858734
definite_false:dpql_2259|alpha=10|measure=anomaly_forced_choice,definite_false:dpql_2259,definite_false,10.0,anomaly_forced_choice,0.09534946084022522
definite_correct:bb_7263|alpha=10|measure=anomaly_forced_choice,definite_correct:bb_7263,definite_correct,10.0,anomaly_forced_choice,0.0015011822106316686
definite_correct:bb_1135|alpha=10|measure=anomaly_forced_choice,definite_correct:bb_1135,definite_correct,10.0,anomaly_forced_choice,0.012431650422513485
ambiguous:user_ambiguous_056|alpha=10|measure=anomaly_forced_choice,ambiguous:user_ambiguous_056,ambiguous,10.0,anomaly_forced_choice,0.07585818320512772
definite_false:bb_8893|alpha=10|measure=anomaly_forced_choice,definite_false:bb_8893,definite_false,10.0,anomaly_forced_choice,0.01798621006309986
definite_correct:dpql_6083|alpha=10|measure=anomaly_forced_choice,definite_correct:dpql_6083,definite_correct,10.0,anomaly_forced_choice,0.08509904891252518
ambiguous:user_ambiguous_050|alpha=10|measure=anomaly_forced_choice,ambiguous:user_ambiguous_050,ambiguous,10.0,anomaly_forced_choice,0.8807970285415649
ambiguous:user_ambiguous_024|alpha=10|measure=anomaly_forced_choice,ambiguous:user_ambiguous_024,ambiguous,10.0,anomaly_forced_choice,0.22270014882087708
ambiguous:user_ambiguous_061|alpha=10|measure=anomaly_forced_choice,ambiguous:user_ambiguous_061,ambiguous,10.0,anomaly_forced_choice,0.0035936026833951473
definite_correct:qb_6665|alpha=10|measure=anomaly_forced_choice,definite_correct:qb_6665,definite_correct,10.0,anomaly_forced_choice,0.0010322310263291001
ambiguous:user_ambiguous_046|alpha=10|measure=anomaly_forced_choice,ambiguous:user_ambiguous_046,ambiguous,10.0,anomaly_forced_choice,0.005911069456487894
ambiguous:user_ambiguous_090|alpha=10|measure=anomaly_forced_choice,ambiguous:user_ambiguous_090,ambiguous,10.0,anomaly_forced_choice,0.008577484637498856
definite_false:qb_2928|alpha=10|measure=anomaly_forced_choice,definite_false:qb_2928,definite_false,10.0,anomaly_forced_choice,0.012431650422513485
ambiguous:user_ambiguous_043|alpha=10|measure=anomaly_forced_choice,ambiguous:user_ambiguous_043,ambiguous,10.0,anomaly_forced_choice,0.7310585975646973
definite_false:bb_4519|alpha=10|measure=anomaly_forced_choice,definite_false:bb_4519,definite_false,10.0,anomaly_forced_choice,0.0031726828310638666
ambiguous:user_ambiguous_068|alpha=10|measure=anomaly_forced_choice,ambiguous:user_ambiguous_068,ambiguous,10.0,anomaly_forced_choice,0.9324532747268677
ambiguous:user_ambiguous_064|alpha=10|measure=anomaly_forced_choice,ambiguous:user_ambiguous_064,ambiguous,10.0,anomaly_forced_choice,0.9046505093574524
ambiguous:user_ambiguous_037|alpha=10|measure=anomaly_forced_choice,ambiguous:user_ambiguous_037,ambiguous,10.0,anomaly_forced_choice,0.06008664891123772
ambiguous:user_ambiguous_099|alpha=10|measure=anomaly_forced_choice,ambiguous:user_ambiguous_099,ambiguous,10.0,anomaly_forced_choice,0.6791787147521973
ambiguous:ambigqa_train_-282133277527244056|alpha=10|measure=anomaly_forced_choice,ambiguous:ambigqa_train_-282133277527244056,ambiguous,10.0,anomaly_forced_choice,0.006692850962281227
definite_correct:tc_955|alpha=10|measure=anomaly_forced_choice,definite_correct:tc_955,definite_correct,10.0,anomaly_forced_choice,0.11920291185379028
definite_false:qb_4446|alpha=10|measure=anomaly_forced_choice,definite_false:qb_4446,definite_false,10.0,anomaly_forced_choice,0.4378235340118408
definite_false:qb_1556|alpha=10|measure=anomaly_forced_choice,definite_false:qb_1556,definite_false,10.0,anomaly_forced_choice,0.00247262348420918
definite_false:tc_349|alpha=10|measure=anomaly_forced_choice,definite_false:tc_349,definite_false,10.0,anomaly_forced_choice,0.562176525592804
definite_correct:qw_1068|alpha=10|measure=anomaly_forced_choice,definite_correct:qw_1068,definite_correct,10.0,anomaly_forced_choice,0.0009110512328334153
ambiguous:ambigqa_train_6622540978806844416|alpha=10|measure=anomaly_forced_choice,ambiguous:ambigqa_train_6622540978806844416,ambiguous,10.0,anomaly_forced_choice,0.005911069456487894
definite_false:qb_4397|alpha=10|measure=anomaly_forced_choice,definite_false:qb_4397,definite_false,10.0,anomaly_forced_choice,0.04742587357759476
ambiguous:user_ambiguous_066|alpha=10|measure=anomaly_forced_choice,ambiguous:user_ambiguous_066,ambiguous,10.0,anomaly_forced_choice,0.9953904151916504
definite_correct:qb_1435|alpha=10|measure=anomaly_forced_choice,definite_correct:qb_1435,definite_correct,10.0,anomaly_forced_choice,9.610241977497935e-05
definite_false:tc_2728|alpha=10|measure=anomaly_forced_choice,definite_false:tc_2728,definite_false,10.0,anomaly_forced_choice,0.9959298968315125
definite_false:qb_2899|alpha=10|measure=anomaly_forced_choice,definite_false:qb_2899,definite_false,10.0,anomaly_forced_choice,0.22270014882087708
definite_correct:wh_51|alpha=10|measure=anomaly_forced_choice,definite_correct:wh_51,definite_correct,10.0,anomaly_forced_choice,0.0011695101857185364
definite_correct:qw_2634|alpha=10|measure=anomaly_forced_choice,definite_correct:qw_2634,definite_correct,10.0,anomaly_forced_choice,0.002800926798954606
ambiguous:user_ambiguous_076|alpha=10|measure=anomaly_forced_choice,ambiguous:user_ambiguous_076,ambiguous,10.0,anomaly_forced_choice,0.02931223064661026
definite_false:qb_2901|alpha=10|measure=anomaly_forced_choice,definite_false:qb_2901,definite_false,10.0,anomaly_forced_choice,0.9986749291419983
ambiguous:user_ambiguous_007|alpha=10|measure=anomaly_forced_choice,ambiguous:user_ambiguous_007,ambiguous,10.0,anomaly_forced_choice,0.7772998809814453
ambiguous:ambigqa_train_4887157859291163116|alpha=10|measure=anomaly_forced_choice,ambiguous:ambigqa_train_4887157859291163116,ambiguous,10.0,anomaly_forced_choice,0.8807970285415649
definite_false:qw_5610|alpha=10|measure=anomaly_forced_choice,definite_false:qw_5610,definite_false,10.0,anomaly_forced_choice,0.0002611903182696551
definite_correct:bb_5550|alpha=10|measure=anomaly_forced_choice,definite_correct:bb_5550,definite_correct,10.0,anomaly_forced_choice,0.24508501589298248
definite_false:dpql_1059|alpha=10|measure=anomaly_forced_choice,definite_false:dpql_1059,definite_false,10.0,anomaly_forced_choice,0.3775406777858734
definite_false:wh_451|alpha=10|measure=anomaly_forced_choice,definite_false:wh_451,definite_false,10.0,anomaly_forced_choice,0.9859364032745361
definite_correct:qb_3191|alpha=10|measure=anomaly_forced_choice,definite_correct:qb_3191,definite_correct,10.0,anomaly_forced_choice,9.610241977497935e-05
definite_false:bb_6487|alpha=10|measure=anomaly_forced_choice,definite_false:bb_6487,definite_false,10.0,anomaly_forced_choice,0.2018132209777832
definite_false:qb_5694|alpha=10|measure=anomaly_forced_choice,definite_false:qb_5694,definite_false,10.0,anomaly_forced_choice,0.9465966820716858
definite_false:dpql_4319|alpha=10|measure=anomaly_forced_choice,definite_false:dpql_4319,definite_false,10.0,anomaly_forced_choice,0.6791787147521973
ambiguous:user_ambiguous_084|alpha=10|measure=anomaly_forced_choice,ambiguous:user_ambiguous_084,ambiguous,10.0,anomaly_forced_choice,0.03308597952127457
ambiguous:user_ambiguous_075|alpha=10|measure=anomaly_forced_choice,ambiguous:user_ambiguous_075,ambiguous,10.0,anomaly_forced_choice,0.9902915358543396
definite_false:qw_3344|alpha=10|measure=anomaly_forced_choice,definite_false:qw_3344,definite_false,10.0,anomaly_forced_choice,0.9525741338729858
definite_false:dpql_5115|alpha=10|measure=anomaly_forced_choice,definite_false:dpql_5115,definite_false,10.0,anomaly_forced_choice,0.002800926798954606
ambiguous:synthetic_ambiguity_c51d6353acd62fc1|alpha=10|measure=anomaly_forced_choice,ambiguous:synthetic_ambiguity_c51d6353acd62fc1,ambiguous,10.0,anomaly_forced_choice,0.005911069456487894
definite_correct:qb_8250|alpha=10|measure=anomaly_forced_choice,definite_correct:qb_8250,definite_correct,10.0,anomaly_forced_choice,0.00029595711384899914
definite_false:bb_1220|alpha=10|measure=anomaly_forced_choice,definite_false:bb_1220,definite_false,10.0,anomaly_forced_choice,0.9978172779083252
ambiguous:ambigqa_dev_2248395039731877618|alpha=10|measure=anomaly_forced_choice,ambiguous:ambigqa_dev_2248395039731877618,ambiguous,10.0,anomaly_forced_choice,0.2018132209777832
definite_correct:qb_8861|alpha=10|measure=anomaly_forced_choice,definite_correct:qb_8861,definite_correct,10.0,anomaly_forced_choice,0.06008664891123772
definite_false:wh_252|alpha=10|measure=anomaly_forced_choice,definite_false:wh_252,definite_false,10.0,anomaly_forced_choice,0.004070138093084097
definite_false:qb_3987|alpha=10|measure=anomaly_forced_choice,definite_false:qb_3987,definite_false,10.0,anomaly_forced_choice,0.01798621006309986
definite_correct:dpql_6346|alpha=10|measure=anomaly_forced_choice,definite_correct:dpql_6346,definite_correct,10.0,anomaly_forced_choice,0.2689414322376251
ambiguous:synthetic_ambiguity_befa9c239cfadb1e|alpha=10|measure=anomaly_forced_choice,ambiguous:synthetic_ambiguity_befa9c239cfadb1e,ambiguous,10.0,anomaly_forced_choice,0.9890130758285522
definite_false:qw_5896|alpha=10|measure=anomaly_forced_choice,definite_false:qw_5896,definite_false,10.0,anomaly_forced_choice,0.008577484637498856
definite_false:qb_7085|alpha=10|measure=anomaly_forced_choice,definite_false:qb_7085,definite_false,10.0,anomaly_forced_choice,0.9525741338729858
definite_false:qb_3225|alpha=10|measure=anomaly_forced_choice,definite_false:qb_3225,definite_false,10.0,anomaly_forced_choice,0.01798621006309986
ambiguous:ambigqa_train_4701094121253884727|alpha=10|measure=anomaly_forced_choice,ambiguous:ambigqa_train_4701094121253884727,ambiguous,10.0,anomaly_forced_choice,0.3208213150501251
definite_correct:qb_3516|alpha=10|measure=anomaly_forced_choice,definite_correct:qb_3516,definite_correct,10.0,anomaly_forced_choice,0.0002611903182696551
definite_false:qw_3732|alpha=10|measure=anomaly_forced_choice,definite_false:qw_3732,definite_false,10.0,anomaly_forced_choice,0.008577484637498856
definite_false:bb_2616|alpha=10|measure=anomaly_forced_choice,definite_false:bb_2616,definite_false,10.0,anomaly_forced_choice,0.9982993006706238
definite_false:bb_8112|alpha=10|measure=anomaly_forced_choice,definite_false:bb_8112,definite_false,10.0,anomaly_forced_choice,0.22270014882087708
definite_correct:qz_1139|alpha=10|measure=anomaly_forced_choice,definite_correct:qz_1139,definite_correct,10.0,anomaly_forced_choice,0.06008664891123772
definite_correct:dpql_2276|alpha=10|measure=anomaly_forced_choice,definite_correct:dpql_2276,definite_correct,10.0,anomaly_forced_choice,0.14804719388484955
ambiguous:user_ambiguous_054|alpha=10|measure=anomaly_forced_choice,ambiguous:user_ambiguous_054,ambiguous,10.0,anomaly_forced_choice,0.004609571769833565
definite_correct:bb_5566|alpha=10|measure=anomaly_forced_choice,definite_correct:bb_5566,definite_correct,10.0,anomaly_forced_choice,0.0004878571489825845
definite_false:qb_6250|alpha=10|measure=anomaly_forced_choice,definite_false:qb_6250,definite_false,10.0,anomaly_forced_choice,0.8175744414329529
definite_false:qw_3500|alpha=10|measure=anomaly_forced_choice,definite_false:qw_3500,definite_false,10.0,anomaly_forced_choice,0.22270014882087708
definite_correct:qb_650|alpha=10|measure=anomaly_forced_choice,definite_correct:qb_650,definite_correct,10.0,anomaly_forced_choice,0.3208213150501251
definite_correct:bb_1467|alpha=10|measure=anomaly_forced_choice,definite_correct:bb_1467,definite_correct,10.0,anomaly_forced_choice,0.03308597952127457
definite_correct:qb_2932|alpha=10|measure=anomaly_forced_choice,definite_correct:qb_2932,definite_correct,10.0,anomaly_forced_choice,5.144221358932555e-05
ambiguous:user_ambiguous_073|alpha=10|measure=anomaly_forced_choice,ambiguous:user_ambiguous_073,ambiguous,10.0,anomaly_forced_choice,0.9241418242454529
ambiguous:user_ambiguous_018|alpha=10|measure=anomaly_forced_choice,ambiguous:user_ambiguous_018,ambiguous,10.0,anomaly_forced_choice,0.3208213150501251
definite_correct:qw_1253|alpha=10|measure=anomaly_forced_choice,definite_correct:qw_1253,definite_correct,10.0,anomaly_forced_choice,0.562176525592804
definite_false:qw_2399|alpha=10|measure=anomaly_forced_choice,definite_false:qw_2399,definite_false,10.0,anomaly_forced_choice,0.9796676635742188
definite_correct:bb_6465|alpha=10|measure=anomaly_forced_choice,definite_correct:bb_6465,definite_correct,10.0,anomaly_forced_choice,0.0008040859247557819
definite_false:dpql_4754|alpha=10|measure=anomaly_forced_choice,definite_false:dpql_4754,definite_false,10.0,anomaly_forced_choice,0.562176525592804
definite_false:dpql_753|alpha=10|measure=anomaly_forced_choice,definite_false:dpql_753,definite_false,10.0,anomaly_forced_choice,0.01798621006309986
definite_false:dpql_3319|alpha=10|measure=anomaly_forced_choice,definite_false:dpql_3319,definite_false,10.0,anomaly_forced_choice,0.9840936064720154
definite_false:qb_2329|alpha=10|measure=anomaly_forced_choice,definite_false:qb_2329,definite_false,10.0,anomaly_forced_choice,0.8933094143867493
definite_correct:dpql_2538|alpha=10|measure=anomaly_forced_choice,definite_correct:dpql_2538,definite_correct,10.0,anomaly_forced_choice,0.00020342698553577065
definite_false:qw_3582|alpha=10|measure=anomaly_forced_choice,definite_false:qw_3582,definite_false,10.0,anomaly_forced_choice,0.14804719388484955
definite_correct:dpql_5846|alpha=10|measure=anomaly_forced_choice,definite_correct:dpql_5846,definite_correct,10.0,anomaly_forced_choice,0.0007096704212017357
definite_false:tc_2257|alpha=10|measure=anomaly_forced_choice,definite_false:tc_2257,definite_false,10.0,anomaly_forced_choice,0.9991958737373352
definite_false:bb_596|alpha=10|measure=anomaly_forced_choice,definite_false:bb_596,definite_false,10.0,anomaly_forced_choice,0.9975274205207825
ambiguous:user_ambiguous_063|alpha=10|measure=anomaly_forced_choice,ambiguous:user_ambiguous_063,ambiguous,10.0,anomaly_forced_choice,0.8175744414329529
ambiguous:user_ambiguous_055|alpha=10|measure=anomaly_forced_choice,ambiguous:user_ambiguous_055,ambiguous,10.0,anomaly_forced_choice,0.562176525592804
ambiguous:user_ambiguous_041|alpha=10|measure=anomaly_forced_choice,ambiguous:user_ambiguous_041,ambiguous,10.0,anomaly_forced_choice,0.004609571769833565
ambiguous:ambigqa_dev_-2928173928559810904|alpha=10|measure=anomaly_forced_choice,ambiguous:ambigqa_dev_-2928173928559810904,ambiguous,10.0,anomaly_forced_choice,0.004070138093084097
definite_correct:dpql_3447|alpha=10|measure=anomaly_forced_choice,definite_correct:dpql_3447,definite_correct,10.0,anomaly_forced_choice,0.000552778597921133
definite_correct:qb_2148|alpha=10|measure=anomaly_forced_choice,definite_correct:qb_2148,definite_correct,10.0,anomaly_forced_choice,0.09534946084022522
ambiguous:user_ambiguous_031|alpha=10|measure=anomaly_forced_choice,ambiguous:user_ambiguous_031,ambiguous,10.0,anomaly_forced_choice,0.037326883524656296
definite_false:bb_4598|alpha=10|measure=anomaly_forced_choice,definite_false:bb_4598,definite_false,10.0,anomaly_forced_choice,0.08509904891252518
definite_correct:qw_4882|alpha=10|measure=anomaly_forced_choice,definite_correct:qw_4882,definite_correct,10.0,anomaly_forced_choice,0.14804719388484955
ambiguous:ambigqa_train_-6821663518687506172|alpha=10|measure=anomaly_forced_choice,ambiguous:ambigqa_train_-6821663518687506172,ambiguous,10.0,anomaly_forced_choice,0.006692850962281227
definite_false:qb_3296|alpha=10|measure=anomaly_forced_choice,definite_false:qb_3296,definite_false,10.0,anomaly_forced_choice,0.00970847625285387
definite_correct:qz_5801|alpha=10|measure=anomaly_forced_choice,definite_correct:qz_5801,definite_correct,10.0,anomaly_forced_choice,0.07585818320512772
ambiguous:synthetic_ambiguity_7462141d7ff09177|alpha=10|measure=anomaly_forced_choice,ambiguous:synthetic_ambiguity_7462141d7ff09177,ambiguous,10.0,anomaly_forced_choice,0.22270014882087708
definite_false:qw_3199|alpha=10|measure=anomaly_forced_choice,definite_false:qw_3199,definite_false,10.0,anomaly_forced_choice,0.2689414322376251
definite_correct:bb_8732|alpha=10|measure=anomaly_forced_choice,definite_correct:bb_8732,definite_correct,10.0,anomaly_forced_choice,0.00015843621804378927
definite_false:dpql_5545|alpha=10|measure=anomaly_forced_choice,definite_false:dpql_5545,definite_false,10.0,anomaly_forced_choice,0.9241418242454529
ambiguous:user_ambiguous_045|alpha=10|measure=anomaly_forced_choice,ambiguous:user_ambiguous_045,ambiguous,10.0,anomaly_forced_choice,0.0035936026833951473
ambiguous:user_ambiguous_012|alpha=10|measure=anomaly_forced_choice,ambiguous:user_ambiguous_012,ambiguous,10.0,anomaly_forced_choice,0.9241418242454529
definite_correct:tc_1323|alpha=10|measure=anomaly_forced_choice,definite_correct:tc_1323,definite_correct,10.0,anomaly_forced_choice,0.010986942797899246
ambiguous:user_ambiguous_027|alpha=10|measure=anomaly_forced_choice,ambiguous:user_ambiguous_027,ambiguous,10.0,anomaly_forced_choice,0.5
ambiguous:synthetic_ambiguity_127bbb74d142df4c|alpha=10|measure=anomaly_forced_choice,ambiguous:synthetic_ambiguity_127bbb74d142df4c,ambiguous,10.0,anomaly_forced_choice,0.622459352016449
definite_false:wh_527|alpha=10|measure=anomaly_forced_choice,definite_false:wh_527,definite_false,10.0,anomaly_forced_choice,0.9953904151916504
definite_false:qz_2428|alpha=10|measure=anomaly_forced_choice,definite_false:qz_2428,definite_false,10.0,anomaly_forced_choice,0.06754668802022934
ambiguous:ambigqa_train_-4290930682953750669|alpha=10|measure=anomaly_forced_choice,ambiguous:ambigqa_train_-4290930682953750669,ambiguous,10.0,anomaly_forced_choice,0.004070138093084097
ambiguous:user_ambiguous_042|alpha=10|measure=anomaly_forced_choice,ambiguous:user_ambiguous_042,ambiguous,10.0,anomaly_forced_choice,0.010986942797899246
definite_false:wh_1706|alpha=10|measure=anomaly_forced_choice,definite_false:wh_1706,definite_false,10.0,anomaly_forced_choice,0.002182716503739357
definite_correct:qb_9283|alpha=10|measure=anomaly_forced_choice,definite_correct:qb_9283,definite_correct,10.0,anomaly_forced_choice,0.00033535013790242374
definite_correct:qw_132|alpha=10|measure=anomaly_forced_choice,definite_correct:qw_132,definite_correct,10.0,anomaly_forced_choice,0.22270014882087708
ambiguous:user_ambiguous_019|alpha=10|measure=anomaly_forced_choice,ambiguous:user_ambiguous_019,ambiguous,10.0,anomaly_forced_choice,0.24508501589298248
definite_false:tc_2506|alpha=10|measure=anomaly_forced_choice,definite_false:tc_2506,definite_false,10.0,anomaly_forced_choice,0.007577241398394108
definite_correct:qw_5335|alpha=10|measure=anomaly_forced_choice,definite_correct:qw_5335,definite_correct,10.0,anomaly_forced_choice,0.06754668802022934
ambiguous:synthetic_ambiguity_0fb6efbc1bf0ec38|alpha=10|measure=anomaly_forced_choice,ambiguous:synthetic_ambiguity_0fb6efbc1bf0ec38,ambiguous,10.0,anomaly_forced_choice,0.2018132209777832
definite_false:qz_6898|alpha=10|measure=anomaly_forced_choice,definite_false:qz_6898,definite_false,10.0,anomaly_forced_choice,0.0015011822106316686
ambiguous:synthetic_ambiguity_eccd45548d369037|alpha=10|measure=anomaly_forced_choice,ambiguous:synthetic_ambiguity_eccd45548d369037,ambiguous,10.0,anomaly_forced_choice,0.020332353189587593
ambiguous:synthetic_ambiguity_736399f8375cbe45|alpha=10|measure=anomaly_forced_choice,ambiguous:synthetic_ambiguity_736399f8375cbe45,ambiguous,10.0,anomaly_forced_choice,0.18242551386356354
definite_correct:bb_2326|alpha=10|measure=anomaly_forced_choice,definite_correct:bb_2326,definite_correct,10.0,anomaly_forced_choice,0.00010889690020121634
definite_correct:qw_1421|alpha=10|measure=anomaly_forced_choice,definite_correct:qw_1421,definite_correct,10.0,anomaly_forced_choice,0.06754668802022934
definite_false:qb_525|alpha=10|measure=anomaly_forced_choice,definite_false:qb_525,definite_false,10.0,anomaly_forced_choice,0.04742587357759476
definite_false:qb_4987|alpha=10|measure=anomaly_forced_choice,definite_false:qb_4987,definite_false,10.0,anomaly_forced_choice,0.9991958737373352
definite_correct:qb_916|alpha=10|measure=anomaly_forced_choice,definite_correct:qb_916,definite_correct,10.0,anomaly_forced_choice,0.06008664891123772
definite_false:qw_1298|alpha=10|measure=anomaly_forced_choice,definite_false:qw_1298,definite_false,10.0,anomaly_forced_choice,0.5
ambiguous:user_ambiguous_026|alpha=10|measure=anomaly_forced_choice,ambiguous:user_ambiguous_026,ambiguous,10.0,anomaly_forced_choice,0.02931223064661026
definite_correct:bb_436|alpha=10|measure=anomaly_forced_choice,definite_correct:bb_436,definite_correct,10.0,anomaly_forced_choice,0.0004878571489825845
ambiguous:synthetic_ambiguity_db564851e7629ffa|alpha=10|measure=anomaly_forced_choice,ambiguous:synthetic_ambiguity_db564851e7629ffa,ambiguous,10.0,anomaly_forced_choice,0.7772998809814453
definite_correct:dpql_5223|alpha=10|measure=anomaly_forced_choice,definite_correct:dpql_5223,definite_correct,10.0,anomaly_forced_choice,0.037326883524656296
ambiguous:user_ambiguous_015|alpha=10|measure=anomaly_forced_choice,ambiguous:user_ambiguous_015,ambiguous,10.0,anomaly_forced_choice,0.7310585975646973
definite_correct:dpql_633|alpha=10|measure=anomaly_forced_choice,definite_correct:dpql_633,definite_correct,10.0,anomaly_forced_choice,0.6791787147521973
ambiguous:user_ambiguous_025|alpha=10|measure=anomaly_forced_choice,ambiguous:user_ambiguous_025,ambiguous,10.0,anomaly_forced_choice,0.04208773002028465
definite_false:bb_5659|alpha=10|measure=anomaly_forced_choice,definite_false:bb_5659,definite_false,10.0,anomaly_forced_choice,0.6791787147521973
definite_correct:qb_9954|alpha=10|measure=anomaly_forced_choice,definite_correct:qb_9954,definite_correct,10.0,anomaly_forced_choice,0.00010889690020121634
ambiguous:user_ambiguous_020|alpha=10|measure=anomaly_forced_choice,ambiguous:user_ambiguous_020,ambiguous,10.0,anomaly_forced_choice,0.16451646387577057
ambiguous:user_ambiguous_016|alpha=10|measure=anomaly_forced_choice,ambiguous:user_ambiguous_016,ambiguous,10.0,anomaly_forced_choice,0.8175744414329529
definite_correct:qb_10132|alpha=10|measure=anomaly_forced_choice,definite_correct:qb_10132,definite_correct,10.0,anomaly_forced_choice,0.0001398220774717629
definite_false:qb_936|alpha=10|measure=anomaly_forced_choice,definite_false:qb_936,definite_false,10.0,anomaly_forced_choice,0.16451646387577057
definite_false:qb_9244|alpha=10|measure=anomaly_forced_choice,definite_false:qb_9244,definite_false,10.0,anomaly_forced_choice,0.01798621006309986
definite_correct:bb_500|alpha=10|measure=anomaly_forced_choice,definite_correct:bb_500,definite_correct,10.0,anomaly_forced_choice,0.562176525592804
definite_false:dpql_151|alpha=10|measure=anomaly_forced_choice,definite_false:dpql_151,definite_false,10.0,anomaly_forced_choice,0.0017007224960252643
definite_false:dpql_4977|alpha=10|measure=anomaly_forced_choice,definite_false:dpql_4977,definite_false,10.0,anomaly_forced_choice,0.00023050671734381467
definite_false:bb_3805|alpha=10|measure=anomaly_forced_choice,definite_false:bb_3805,definite_false,10.0,anomaly_forced_choice,0.02595735527575016
ambiguous:user_ambiguous_033|alpha=10|measure=anomaly_forced_choice,ambiguous:user_ambiguous_033,ambiguous,10.0,anomaly_forced_choice,0.9859364032745361
ambiguous:user_ambiguous_062|alpha=10|measure=anomaly_forced_choice,ambiguous:user_ambiguous_062,ambiguous,10.0,anomaly_forced_choice,0.22270014882087708
definite_correct:qb_2589|alpha=10|measure=anomaly_forced_choice,definite_correct:qb_2589,definite_correct,10.0,anomaly_forced_choice,0.00970847625285387
definite_correct:bb_20|alpha=10|measure=anomaly_forced_choice,definite_correct:bb_20,definite_correct,10.0,anomaly_forced_choice,0.6513549089431763
definite_false:bb_968|alpha=10|measure=anomaly_forced_choice,definite_false:bb_968,definite_false,10.0,anomaly_forced_choice,0.4378235340118408
definite_correct:qb_2934|alpha=10|measure=anomaly_forced_choice,definite_correct:qb_2934,definite_correct,10.0,anomaly_forced_choice,0.007577241398394108
definite_false:dpql_384|alpha=10|measure=anomaly_forced_choice,definite_false:dpql_384,definite_false,10.0,anomaly_forced_choice,0.022977370768785477
ambiguous:ambigqa_train_6967337893340565499|alpha=10|measure=anomaly_forced_choice,ambiguous:ambigqa_train_6967337893340565499,ambiguous,10.0,anomaly_forced_choice,0.3775406777858734
ambiguous:ambigqa_train_389267376370423320|alpha=10|measure=anomaly_forced_choice,ambiguous:ambigqa_train_389267376370423320,ambiguous,10.0,anomaly_forced_choice,0.008577484637498856
definite_correct:qb_7271|alpha=10|measure=anomaly_forced_choice,definite_correct:qb_7271,definite_correct,10.0,anomaly_forced_choice,0.0001795279822545126
definite_correct:qw_45|alpha=10|measure=anomaly_forced_choice,definite_correct:qw_45,definite_correct,10.0,anomaly_forced_choice,0.01798621006309986
ambiguous:ambigqa_train_-5327098669371634148|alpha=10|measure=anomaly_forced_choice,ambiguous:ambigqa_train_-5327098669371634148,ambiguous,10.0,anomaly_forced_choice,0.622459352016449
definite_false:bb_2489|alpha=10|measure=anomaly_forced_choice,definite_false:bb_2489,definite_false,10.0,anomaly_forced_choice,0.012431650422513485
definite_correct:bb_9251|alpha=10|measure=anomaly_forced_choice,definite_correct:bb_9251,definite_correct,10.0,anomaly_forced_choice,0.000552778597921133
ambiguous:user_ambiguous_008|alpha=10|measure=anomaly_forced_choice,ambiguous:user_ambiguous_008,ambiguous,10.0,anomaly_forced_choice,0.18242551386356354
definite_false:qb_3624|alpha=10|measure=anomaly_forced_choice,definite_false:qb_3624,definite_false,10.0,anomaly_forced_choice,0.9241418242454529
definite_correct:qb_8074|alpha=10|measure=anomaly_forced_choice,definite_correct:qb_8074,definite_correct,10.0,anomaly_forced_choice,0.03308597952127457
definite_false:dpql_3827|alpha=10|measure=anomaly_forced_choice,definite_false:dpql_3827,definite_false,10.0,anomaly_forced_choice,0.06008664891123772
definite_false:qb_4397|alpha=15|measure=error_detection,definite_false:qb_4397,definite_false,15.0,error_detection,0.7310585975646973
definite_correct:qz_340|alpha=15|measure=error_detection,definite_correct:qz_340,definite_correct,15.0,error_detection,0.00023050671734381467
definite_false:tc_2506|alpha=15|measure=error_detection,definite_false:tc_2506,definite_false,15.0,error_detection,0.0013250223128125072
definite_false:qb_9244|alpha=15|measure=error_detection,definite_false:qb_9244,definite_false,15.0,error_detection,0.00023050671734381467
definite_false:qb_9682|alpha=15|measure=error_detection,definite_false:qb_9682,definite_false,15.0,error_detection,0.0019267345778644085
definite_false:dpql_4205|alpha=15|measure=error_detection,definite_false:dpql_4205,definite_false,15.0,error_detection,0.004609571769833565
ambiguous:user_ambiguous_070|alpha=15|measure=error_detection,ambiguous:user_ambiguous_070,ambiguous,15.0,error_detection,0.9525741338729858
definite_false:wh_527|alpha=15|measure=error_detection,definite_false:wh_527,definite_false,15.0,error_detection,0.9999599456787109
ambiguous:user_ambiguous_064|alpha=15|measure=error_detection,ambiguous:user_ambiguous_064,ambiguous,15.0,error_detection,0.02595735527575016
definite_correct:qb_650|alpha=15|measure=error_detection,definite_correct:qb_650,definite_correct,15.0,error_detection,2.2603242086915998e-06
definite_false:tc_540|alpha=15|measure=error_detection,definite_false:tc_540,definite_false,15.0,error_detection,0.18242551386356354
definite_false:dpql_2259|alpha=15|measure=error_detection,definite_false:dpql_2259,definite_false,15.0,error_detection,0.0002611903182696551
ambiguous:ambigqa_train_3267103377301376828|alpha=15|measure=error_detection,ambiguous:ambigqa_train_3267103377301376828,ambiguous,15.0,error_detection,0.0019267345778644085
definite_correct:qb_3516|alpha=15|measure=error_detection,definite_correct:qb_3516,definite_correct,15.0,error_detection,0.0001795279822545126
definite_false:bb_4587|alpha=15|measure=error_detection,definite_false:bb_4587,definite_false,15.0,error_detection,0.07585818320512772
definite_correct:wh_4358|alpha=15|measure=error_detection,definite_correct:wh_4358,definite_correct,15.0,error_detection,0.0013250223128125072
definite_correct:bb_4832|alpha=15|measure=error_detection,definite_correct:bb_4832,definite_correct,15.0,error_detection,0.0002611903182696551
ambiguous:user_ambiguous_073|alpha=15|measure=error_detection,ambiguous:user_ambiguous_073,ambiguous,15.0,error_detection,0.18242551386356354
definite_false:bb_77|alpha=15|measure=error_detection,definite_false:bb_77,definite_false,15.0,error_detection,0.9902915358543396
definite_false:bb_4519|alpha=15|measure=error_detection,definite_false:bb_4519,definite_false,15.0,error_detection,0.4378235340118408
definite_correct:dpql_633|alpha=15|measure=error_detection,definite_correct:dpql_633,definite_correct,15.0,error_detection,5.829126530443318e-05
definite_false:qz_1393|alpha=15|measure=error_detection,definite_false:qz_1393,definite_false,15.0,error_detection,0.2689414322376251
ambiguous:synthetic_ambiguity_39e9eaa2e03e1780|alpha=15|measure=error_detection,ambiguous:synthetic_ambiguity_39e9eaa2e03e1780,ambiguous,15.0,error_detection,0.9902915358543396
ambiguous:user_ambiguous_025|alpha=15|measure=error_detection,ambiguous:user_ambiguous_025,ambiguous,15.0,error_detection,0.9525741338729858
definite_correct:bb_5094|alpha=15|measure=error_detection,definite_correct:bb_5094,definite_correct,15.0,error_detection,0.0001398220774717629
ambiguous:user_ambiguous_094|alpha=15|measure=error_detection,ambiguous:user_ambiguous_094,ambiguous,15.0,error_detection,0.00970847625285387
definite_false:qb_5694|alpha=15|measure=error_detection,definite_false:qb_5694,definite_false,15.0,error_detection,0.06008664891123772
ambiguous:user_ambiguous_075|alpha=15|measure=error_detection,ambiguous:user_ambiguous_075,ambiguous,15.0,error_detection,0.8807970285415649
definite_correct:dpql_2538|alpha=15|measure=error_detection,definite_correct:dpql_2538,definite_correct,15.0,error_detection,5.144221358932555e-05
ambiguous:user_ambiguous_068|alpha=15|measure=error_detection,ambiguous:user_ambiguous_068,ambiguous,15.0,error_detection,0.957912266254425
definite_correct:bb_1135|alpha=15|measure=error_detection,definite_correct:bb_1135,definite_correct,15.0,error_detection,0.00010889690020121634
definite_false:dpql_1695|alpha=15|measure=error_detection,definite_false:dpql_1695,definite_false,15.0,error_detection,0.06008664891123772
definite_false:qw_5298|alpha=15|measure=error_detection,definite_false:qw_5298,definite_false,15.0,error_detection,0.037326883524656296
ambiguous:user_ambiguous_046|alpha=15|measure=error_detection,ambiguous:user_ambiguous_046,ambiguous,15.0,error_detection,0.0006263342220336199
definite_correct:bb_6465|alpha=15|measure=error_detection,definite_correct:bb_6465,definite_correct,15.0,error_detection,0.0010322310263291001
ambiguous:synthetic_ambiguity_db564851e7629ffa|alpha=15|measure=error_detection,ambiguous:synthetic_ambiguity_db564851e7629ffa,ambiguous,15.0,error_detection,0.7310585975646973
ambiguous:user_ambiguous_020|alpha=15|measure=error_detection,ambiguous:user_ambiguous_020,ambiguous,15.0,error_detection,0.008577484637498856
definite_false:dpql_3092|alpha=15|measure=error_detection,definite_false:dpql_3092,definite_false,15.0,error_detection,0.9947799444198608
ambiguous:user_ambiguous_004|alpha=15|measure=error_detection,ambiguous:user_ambiguous_004,ambiguous,15.0,error_detection,0.0001398220774717629
definite_correct:qw_45|alpha=15|measure=error_detection,definite_correct:qw_45,definite_correct,15.0,error_detection,0.0008040859247557819
definite_correct:qw_1253|alpha=15|measure=error_detection,definite_correct:qw_1253,definite_correct,15.0,error_detection,0.0008040859247557819
definite_false:qb_3427|alpha=15|measure=error_detection,definite_false:qb_3427,definite_false,15.0,error_detection,0.8519527316093445
definite_false:qb_7085|alpha=15|measure=error_detection,definite_false:qb_7085,definite_false,15.0,error_detection,3.535625000949949e-05
ambiguous:user_ambiguous_074|alpha=15|measure=error_detection,ambiguous:user_ambiguous_074,ambiguous,15.0,error_detection,0.957912266254425
ambiguous:user_ambiguous_059|alpha=15|measure=error_detection,ambiguous:user_ambiguous_059,ambiguous,15.0,error_detection,0.0017007224960252643
definite_correct:qw_1211|alpha=15|measure=error_detection,definite_correct:qw_1211,definite_correct,15.0,error_detection,3.120191104244441e-05
definite_correct:bb_2326|alpha=15|measure=error_detection,definite_correct:bb_2326,definite_correct,15.0,error_detection,1.1478769010864198e-05
definite_false:bb_8893|alpha=15|measure=error_detection,definite_false:bb_8893,definite_false,15.0,error_detection,0.00037998449988663197
definite_false:bb_2616|alpha=15|measure=error_detection,definite_false:bb_2616,definite_false,15.0,error_detection,0.9820137619972229
ambiguous:user_ambiguous_043|alpha=15|measure=error_detection,ambiguous:user_ambiguous_043,ambiguous,15.0,error_detection,0.005911069456487894
definite_false:tc_3016|alpha=15|measure=error_detection,definite_false:tc_3016,definite_false,15.0,error_detection,0.004609571769833565
definite_false:bb_981|alpha=15|measure=error_detection,definite_false:bb_981,definite_false,15.0,error_detection,0.06008664891123772
ambiguous:user_ambiguous_091|alpha=15|measure=error_detection,ambiguous:user_ambiguous_091,ambiguous,15.0,error_detection,0.24508501589298248
definite_false:bb_6668|alpha=15|measure=error_detection,definite_false:bb_6668,definite_false,15.0,error_detection,0.0001398220774717629
ambiguous:ambigqa_train_-5746040628732928353|alpha=15|measure=error_detection,ambiguous:ambigqa_train_-5746040628732928353,ambiguous,15.0,error_detection,0.004070138093084097
definite_false:dpql_3319|alpha=15|measure=error_detection,definite_false:dpql_3319,definite_false,15.0,error_detection,0.007577241398394108
definite_correct:tc_1323|alpha=15|measure=error_detection,definite_correct:tc_1323,definite_correct,15.0,error_detection,2.7535690605873242e-05
ambiguous:user_ambiguous_029|alpha=15|measure=error_detection,ambiguous:user_ambiguous_029,ambiguous,15.0,error_detection,0.037326883524656296
definite_correct:qb_299|alpha=15|measure=error_detection,definite_correct:qb_299,definite_correct,15.0,error_detection,0.0001795279822545126
definite_correct:qb_6581|alpha=15|measure=error_detection,definite_correct:qb_6581,definite_correct,15.0,error_detection,0.0001398220774717629
ambiguous:user_ambiguous_062|alpha=15|measure=error_detection,ambiguous:user_ambiguous_062,ambiguous,15.0,error_detection,0.8175744414329529
ambiguous:user_ambiguous_041|alpha=15|measure=error_detection,ambiguous:user_ambiguous_041,ambiguous,15.0,error_detection,0.0006263342220336199
definite_false:wh_2424|alpha=15|measure=error_detection,definite_false:wh_2424,definite_false,15.0,error_detection,4.539786823443137e-05
ambiguous:user_ambiguous_084|alpha=15|measure=error_detection,ambiguous:user_ambiguous_084,ambiguous,15.0,error_detection,0.562176525592804
definite_correct:bb_121|alpha=15|measure=error_detection,definite_correct:bb_121,definite_correct,15.0,error_detection,0.03308597952127457
ambiguous:user_ambiguous_005|alpha=15|measure=error_detection,ambiguous:user_ambiguous_005,ambiguous,15.0,error_detection,0.0013250223128125072
definite_correct:bb_436|alpha=15|measure=error_detection,definite_correct:bb_436,definite_correct,15.0,error_detection,0.0004878571489825845
ambiguous:user_ambiguous_082|alpha=15|measure=error_detection,ambiguous:user_ambiguous_082,ambiguous,15.0,error_detection,0.7310585975646973
ambiguous:user_ambiguous_079|alpha=15|measure=error_detection,ambiguous:user_ambiguous_079,ambiguous,15.0,error_detection,0.010986942797899246
definite_correct:bb_9251|alpha=15|measure=error_detection,definite_correct:bb_9251,definite_correct,15.0,error_detection,0.00015843621804378927
definite_false:qb_936|alpha=15|measure=error_detection,definite_false:qb_936,definite_false,15.0,error_detection,8.481104305246845e-05
ambiguous:user_ambiguous_039|alpha=15|measure=error_detection,ambiguous:user_ambiguous_039,ambiguous,15.0,error_detection,0.005911069456487894
definite_false:bb_2489|alpha=15|measure=error_detection,definite_false:bb_2489,definite_false,15.0,error_detection,0.010986942797899246
definite_correct:qb_7921|alpha=15|measure=error_detection,definite_correct:qb_7921,definite_correct,15.0,error_detection,8.939696272136644e-06
ambiguous:user_ambiguous_045|alpha=15|measure=error_detection,ambiguous:user_ambiguous_045,ambiguous,15.0,error_detection,0.004609571769833565
definite_false:dpql_3261|alpha=15|measure=error_detection,definite_false:dpql_3261,definite_false,15.0,error_detection,0.9924227595329285
ambiguous:ambigqa_dev_-2928173928559810904|alpha=15|measure=error_detection,ambiguous:ambigqa_dev_-2928173928559810904,ambiguous,15.0,error_detection,0.0001795279822545126
ambiguous:ambigqa_train_-4829972042995259834|alpha=15|measure=error_detection,ambiguous:ambigqa_train_-4829972042995259834,ambiguous,15.0,error_detection,0.0031726828310638666
definite_false:qb_3869|alpha=15|measure=error_detection,definite_false:qb_3869,definite_false,15.0,error_detection,0.9947799444198608
definite_false:qw_6106|alpha=15|measure=error_detection,definite_false:qw_6106,definite_false,15.0,error_detection,0.8175744414329529
definite_false:qb_3225|alpha=15|measure=error_detection,definite_false:qb_3225,definite_false,15.0,error_detection,0.22270014882087708
ambiguous:synthetic_ambiguity_befa9c239cfadb1e|alpha=15|measure=error_detection,ambiguous:synthetic_ambiguity_befa9c239cfadb1e,ambiguous,15.0,error_detection,0.977022647857666
ambiguous:user_ambiguous_063|alpha=15|measure=error_detection,ambiguous:user_ambiguous_063,ambiguous,15.0,error_detection,0.2689414322376251
definite_correct:qb_365|alpha=15|measure=error_detection,definite_correct:qb_365,definite_correct,15.0,error_detection,1.3007128472963814e-05
definite_correct:qw_1421|alpha=15|measure=error_detection,definite_correct:qw_1421,definite_correct,15.0,error_detection,1.473898100812221e-05
definite_false:qb_3296|alpha=15|measure=error_detection,definite_false:qb_3296,definite_false,15.0,error_detection,0.970687747001648
definite_false:qw_3582|alpha=15|measure=error_detection,definite_false:qw_3582,definite_false,15.0,error_detection,0.9940890073776245
definite_correct:qz_3927|alpha=15|measure=error_detection,definite_correct:qz_3927,definite_correct,15.0,error_detection,0.002800926798954606
ambiguous:synthetic_ambiguity_127bbb74d142df4c|alpha=15|measure=error_detection,ambiguous:synthetic_ambiguity_127bbb74d142df4c,ambiguous,15.0,error_detection,0.0017007224960252643
definite_false:bb_7609|alpha=15|measure=error_detection,definite_false:bb_7609,definite_false,15.0,error_detection,0.004609571769833565
definite_correct:qw_2634|alpha=15|measure=error_detection,definite_correct:qw_2634,definite_correct,15.0,error_detection,2.4300239601871e-05
definite_false:qw_3732|alpha=15|measure=error_detection,definite_false:qw_3732,definite_false,15.0,error_detection,0.000552778597921133
definite_false:qb_6250|alpha=15|measure=error_detection,definite_false:qb_6250,definite_false,15.0,error_detection,0.00033535013790242374
ambiguous:user_ambiguous_001|alpha=15|measure=error_detection,ambiguous:user_ambiguous_001,ambiguous,15.0,error_detection,0.5
definite_false:qz_3440|alpha=15|measure=error_detection,definite_false:qz_3440,definite_false,15.0,error_detection,0.007577241398394108
definite_correct:qw_4190|alpha=15|measure=error_detection,definite_correct:qw_4190,definite_correct,15.0,error_detection,9.610241977497935e-05
ambiguous:user_ambiguous_081|alpha=15|measure=error_detection,ambiguous:user_ambiguous_081,ambiguous,15.0,error_detection,0.09534946084022522
ambiguous:user_ambiguous_099|alpha=15|measure=error_detection,ambiguous:user_ambiguous_099,ambiguous,15.0,error_detection,0.004070138093084097
definite_false:bb_6487|alpha=15|measure=error_detection,definite_false:bb_6487,definite_false,15.0,error_detection,0.0004305570910219103
definite_false:dpql_4319|alpha=15|measure=error_detection,definite_false:dpql_4319,definite_false,15.0,error_detection,0.9241418242454529
ambiguous:user_ambiguous_032|alpha=15|measure=error_detection,ambiguous:user_ambiguous_032,ambiguous,15.0,error_detection,0.18242551386356354
definite_correct:qb_8861|alpha=15|measure=error_detection,definite_correct:qb_8861,definite_correct,15.0,error_detection,0.0019267345778644085
definite_correct:qb_2151|alpha=15|measure=error_detection,definite_correct:qb_2151,definite_correct,15.0,error_detection,3.535625000949949e-05
ambiguous:ambigqa_train_4887157859291163116|alpha=15|measure=error_detection,ambiguous:ambigqa_train_4887157859291163116,ambiguous,15.0,error_detection,0.0015011822106316686
definite_false:tc_2556|alpha=15|measure=error_detection,definite_false:tc_2556,definite_false,15.0,error_detection,0.9953904151916504
definite_false:qb_1556|alpha=15|measure=error_detection,definite_false:qb_1556,definite_false,15.0,error_detection,0.000552778597921133
ambiguous:user_ambiguous_017|alpha=15|measure=error_detection,ambiguous:user_ambiguous_017,ambiguous,15.0,error_detection,0.7310585975646973
definite_false:qz_2428|alpha=15|measure=error_detection,definite_false:qz_2428,definite_false,15.0,error_detection,0.07585818320512772
ambiguous:user_ambiguous_036|alpha=15|measure=error_detection,ambiguous:user_ambiguous_036,ambiguous,15.0,error_detection,0.01590639166533947
ambiguous:user_ambiguous_076|alpha=15|measure=error_detection,ambiguous:user_ambiguous_076,ambiguous,15.0,error_detection,0.07585818320512772
definite_false:qw_3500|alpha=15|measure=error_detection,definite_false:qw_3500,definite_false,15.0,error_detection,1.0129991096619051e-05
ambiguous:ambigqa_dev_2248395039731877618|alpha=15|measure=error_detection,ambiguous:ambigqa_dev_2248395039731877618,ambiguous,15.0,error_detection,0.0013250223128125072
definite_correct:qw_132|alpha=15|measure=error_detection,definite_correct:qw_132,definite_correct,15.0,error_detection,9.610241977497935e-05
definite_correct:tc_955|alpha=15|measure=error_detection,definite_correct:tc_955,definite_correct,15.0,error_detection,0.0001795279822545126
definite_correct:qz_1139|alpha=15|measure=error_detection,definite_correct:qz_1139,definite_correct,15.0,error_detection,6.144174221844878e-06
definite_correct:bb_9184|alpha=15|measure=error_detection,definite_correct:bb_9184,definite_correct,15.0,error_detection,0.0010322310263291001
ambiguous:synthetic_ambiguity_77277aded01ef92e|alpha=15|measure=error_detection,ambiguous:synthetic_ambiguity_77277aded01ef92e,ambiguous,15.0,error_detection,0.02595735527575016
definite_false:dpql_3827|alpha=15|measure=error_detection,definite_false:dpql_3827,definite_false,15.0,error_detection,8.481104305246845e-05
ambiguous:ambigqa_train_-282133277527244056|alpha=15|measure=error_detection,ambiguous:ambigqa_train_-282133277527244056,ambiguous,15.0,error_detection,0.0006263342220336199
definite_false:qw_5896|alpha=15|measure=error_detection,definite_false:qw_5896,definite_false,15.0,error_detection,0.04742587357759476
ambiguous:ambigqa_dev_-1684587227477882737|alpha=15|measure=error_detection,ambiguous:ambigqa_dev_-1684587227477882737,ambiguous,15.0,error_detection,0.00247262348420918
definite_correct:qb_10132|alpha=15|measure=error_detection,definite_correct:qb_10132,definite_correct,15.0,error_detection,0.0006263342220336199
ambiguous:ambigqa_train_-6821663518687506172|alpha=15|measure=error_detection,ambiguous:ambigqa_train_-6821663518687506172,ambiguous,15.0,error_detection,0.0019267345778644085
definite_false:tc_349|alpha=15|measure=error_detection,definite_false:tc_349,definite_false,15.0,error_detection,0.022977370768785477
ambiguous:user_ambiguous_016|alpha=15|measure=error_detection,ambiguous:user_ambiguous_016,ambiguous,15.0,error_detection,0.037326883524656296
definite_correct:qb_5063|alpha=15|measure=error_detection,definite_correct:qb_5063,definite_correct,15.0,error_detection,0.0004305570910219103
definite_false:tc_1535|alpha=15|measure=error_detection,definite_false:tc_1535,definite_false,15.0,error_detection,0.970687747001648
definite_correct:qb_2497|alpha=15|measure=error_detection,definite_correct:qb_2497,definite_correct,15.0,error_detection,1.473898100812221e-05
definite_false:wh_1706|alpha=15|measure=error_detection,definite_false:wh_1706,definite_false,15.0,error_detection,0.0019267345778644085
definite_correct:bb_20|alpha=15|measure=error_detection,definite_correct:bb_20,definite_correct,15.0,error_detection,7.484622619813308e-05
definite_correct:bb_5566|alpha=15|measure=error_detection,definite_correct:bb_5566,definite_correct,15.0,error_detection,0.0031726828310638666
definite_correct:wh_3778|alpha=15|measure=error_detection,definite_correct:wh_3778,definite_correct,15.0,error_detection,0.00029595711384899914
definite_correct:qb_1172|alpha=15|measure=error_detection,definite_correct:qb_1172,definite_correct,15.0,error_detection,1.1478769010864198e-05
ambiguous:user_ambiguous_050|alpha=15|measure=error_detection,ambiguous:user_ambiguous_050,ambiguous,15.0,error_detection,0.22270014882087708
definite_false:wh_252|alpha=15|measure=error_detection,definite_false:wh_252,definite_false,15.0,error_detection,0.3208213150501251
definite_false:qw_2399|alpha=15|measure=error_detection,definite_false:qw_2399,definite_false,15.0,error_detection,0.0017007224960252643
ambiguous:synthetic_ambiguity_c51d6353acd62fc1|alpha=15|measure=error_detection,ambiguous:synthetic_ambiguity_c51d6353acd62fc1,ambiguous,15.0,error_detection,0.004609571769833565
definite_correct:wh_4041|alpha=15|measure=error_detection,definite_correct:wh_4041,definite_correct,15.0,error_detection,0.0001795279822545126
definite_correct:dpql_3447|alpha=15|measure=error_detection,definite_correct:dpql_3447,definite_correct,15.0,error_detection,5.144221358932555e-05
ambiguous:ambigqa_train_6622540978806844416|alpha=15|measure=error_detection,ambiguous:ambigqa_train_6622540978806844416,ambiguous,15.0,error_detection,0.005911069456487894
definite_false:wh_451|alpha=15|measure=error_detection,definite_false:wh_451,definite_false,15.0,error_detection,0.9999039173126221
ambiguous:synthetic_ambiguity_d830565486f2d0b0|alpha=15|measure=error_detection,ambiguous:synthetic_ambiguity_d830565486f2d0b0,ambiguous,15.0,error_detection,0.11920291185379028
definite_correct:dpql_3467|alpha=15|measure=error_detection,definite_correct:dpql_3467,definite_correct,15.0,error_detection,0.00023050671734381467
definite_correct:tc_1602|alpha=15|measure=error_detection,definite_correct:tc_1602,definite_correct,15.0,error_detection,0.006692850962281227
definite_correct:qw_243|alpha=15|measure=error_detection,definite_correct:qw_243,definite_correct,15.0,error_detection,6.605214002775028e-05
definite_correct:dpql_6346|alpha=15|measure=error_detection,definite_correct:dpql_6346,definite_correct,15.0,error_detection,0.0004305570910219103
definite_false:qw_3199|alpha=15|measure=error_detection,definite_false:qw_3199,definite_false,15.0,error_detection,0.9875683188438416
ambiguous:synthetic_ambiguity_736399f8375cbe45|alpha=15|measure=error_detection,ambiguous:synthetic_ambiguity_736399f8375cbe45,ambiguous,15.0,error_detection,0.5
ambiguous:user_ambiguous_027|alpha=15|measure=error_detection,ambiguous:user_ambiguous_027,ambiguous,15.0,error_detection,0.037326883524656296
definite_correct:qb_2932|alpha=15|measure=error_detection,definite_correct:qb_2932,definite_correct,15.0,error_detection,0.0013250223128125072
definite_false:bb_5317|alpha=15|measure=error_detection,definite_false:bb_5317,definite_false,15.0,error_detection,0.622459352016449
definite_correct:qb_9954|alpha=15|measure=error_detection,definite_correct:qb_9954,definite_correct,15.0,error_detection,7.889262633398175e-06
definite_correct:bb_7263|alpha=15|measure=error_detection,definite_correct:bb_7263,definite_correct,15.0,error_detection,0.00037998449988663197
ambiguous:user_ambiguous_056|alpha=15|measure=error_detection,ambiguous:user_ambiguous_056,ambiguous,15.0,error_detection,0.18242551386356354
ambiguous:user_ambiguous_089|alpha=15|measure=error_detection,ambiguous:user_ambiguous_089,ambiguous,15.0,error_detection,0.0004878571489825845
definite_correct:qb_8250|alpha=15|measure=error_detection,definite_correct:qb_8250,definite_correct,15.0,error_detection,1.6701422282494605e-05
ambiguous:user_ambiguous_066|alpha=15|measure=error_detection,ambiguous:user_ambiguous_066,ambiguous,15.0,error_detection,0.9947799444198608
definite_correct:qb_1456|alpha=15|measure=error_detection,definite_correct:qb_1456,definite_correct,15.0,error_detection,0.0004305570910219103
definite_false:dpql_151|alpha=15|measure=error_detection,definite_false:dpql_151,definite_false,15.0,error_detection,3.535625000949949e-05
definite_false:wh_2928|alpha=15|measure=error_detection,definite_false:wh_2928,definite_false,15.0,error_detection,0.0004305570910219103
ambiguous:ambigqa_train_-4861369907584367396|alpha=15|measure=error_detection,ambiguous:ambigqa_train_-4861369907584367396,ambiguous,15.0,error_detection,0.0019267345778644085
definite_false:qw_5610|alpha=15|measure=error_detection,definite_false:qw_5610,definite_false,15.0,error_detection,2.1444948288262822e-05
definite_false:bb_8112|alpha=15|measure=error_detection,definite_false:bb_8112,definite_false,15.0,error_detection,0.00020342698553577065
definite_correct:bb_6024|alpha=15|measure=error_detection,definite_correct:bb_6024,definite_correct,15.0,error_detection,0.007577241398394108
definite_correct:qw_5716|alpha=15|measure=error_detection,definite_correct:qw_5716,definite_correct,15.0,error_detection,0.9399133324623108
definite_false:qw_4954|alpha=15|measure=error_detection,definite_false:qw_4954,definite_false,15.0,error_detection,0.5
ambiguous:user_ambiguous_093|alpha=15|measure=error_detection,ambiguous:user_ambiguous_093,ambiguous,15.0,error_detection,0.01798621006309986
definite_false:bb_5659|alpha=15|measure=error_detection,definite_false:bb_5659,definite_false,15.0,error_detection,0.622459352016449
definite_correct:dpql_216|alpha=15|measure=error_detection,definite_correct:dpql_216,definite_correct,15.0,error_detection,0.000552778597921133
ambiguous:synthetic_ambiguity_0fb6efbc1bf0ec38|alpha=15|measure=error_detection,ambiguous:synthetic_ambiguity_0fb6efbc1bf0ec38,ambiguous,15.0,error_detection,0.008577484637498856
ambiguous:user_ambiguous_049|alpha=15|measure=error_detection,ambiguous:user_ambiguous_049,ambiguous,15.0,error_detection,0.020332353189587593
ambiguous:ambigqa_train_-6615422287569447999|alpha=15|measure=error_detection,ambiguous:ambigqa_train_-6615422287569447999,ambiguous,15.0,error_detection,0.2689414322376251
definite_false:bb_3805|alpha=15|measure=error_detection,definite_false:bb_3805,definite_false,15.0,error_detection,0.005220125894993544
ambiguous:user_ambiguous_026|alpha=15|measure=error_detection,ambiguous:user_ambiguous_026,ambiguous,15.0,error_detection,0.18242551386356354
definite_correct:dpql_5223|alpha=15|measure=error_detection,definite_correct:dpql_5223,definite_correct,15.0,error_detection,0.000552778597921133
definite_false:dpql_753|alpha=15|measure=error_detection,definite_false:dpql_753,definite_false,15.0,error_detection,0.622459352016449
definite_correct:qb_8036|alpha=15|measure=error_detection,definite_correct:qb_8036,definite_correct,15.0,error_detection,0.0011695101857185364
definite_correct:tc_954|alpha=15|measure=error_detection,definite_correct:tc_954,definite_correct,15.0,error_detection,0.0031726828310638666
definite_false:dpql_5115|alpha=15|measure=error_detection,definite_false:dpql_5115,definite_false,15.0,error_detection,0.3208213150501251
ambiguous:user_ambiguous_088|alpha=15|measure=error_detection,ambiguous:user_ambiguous_088,ambiguous,15.0,error_detection,0.01590639166533947
definite_correct:bb_810|alpha=15|measure=error_detection,definite_correct:bb_810,definite_correct,15.0,error_detection,3.120191104244441e-05
definite_correct:qb_2148|alpha=15|measure=error_detection,definite_correct:qb_2148,definite_correct,15.0,error_detection,1.8925147742265835e-05
definite_correct:dpql_6083|alpha=15|measure=error_detection,definite_correct:dpql_6083,definite_correct,15.0,error_detection,5.829126530443318e-05
definite_correct:dpql_5846|alpha=15|measure=error_detection,definite_correct:dpql_5846,definite_correct,15.0,error_detection,0.000552778597921133
definite_correct:qb_7271|alpha=15|measure=error_detection,definite_correct:qb_7271,definite_correct,15.0,error_detection,8.939696272136644e-06
ambiguous:ambigqa_train_389267376370423320|alpha=15|measure=error_detection,ambiguous:ambigqa_train_389267376370423320,ambiguous,15.0,error_detection,0.0031726828310638666
ambiguous:user_ambiguous_100|alpha=15|measure=error_detection,ambiguous:user_ambiguous_100,ambiguous,15.0,error_detection,0.3208213150501251
definite_false:qw_1298|alpha=15|measure=error_detection,definite_false:qw_1298,definite_false,15.0,error_detection,0.18242551386356354
definite_correct:bb_6117|alpha=15|measure=error_detection,definite_correct:bb_6117,definite_correct,15.0,error_detection,8.481104305246845e-05
definite_correct:qb_8074|alpha=15|measure=error_detection,definite_correct:qb_8074,definite_correct,15.0,error_detection,0.0001795279822545126
ambiguous:user_ambiguous_024|alpha=15|measure=error_detection,ambiguous:user_ambiguous_024,ambiguous,15.0,error_detection,0.5
definite_correct:qb_4415|alpha=15|measure=error_detection,definite_correct:qb_4415,definite_correct,15.0,error_detection,0.00023050671734381467
definite_correct:wh_453|alpha=15|measure=error_detection,definite_correct:wh_453,definite_correct,15.0,error_detection,2.1444948288262822e-05
definite_false:qb_3987|alpha=15|measure=error_detection,definite_false:qb_3987,definite_false,15.0,error_detection,0.4378235340118408
definite_false:qb_919|alpha=15|measure=error_detection,definite_false:qb_919,definite_false,15.0,error_detection,0.0013250223128125072
definite_correct:qw_6782|alpha=15|measure=error_detection,definite_correct:qw_6782,definite_correct,15.0,error_detection,8.481104305246845e-05
definite_correct:qb_6086|alpha=15|measure=error_detection,definite_correct:qb_6086,definite_correct,15.0,error_detection,7.889262633398175e-06
ambiguous:user_ambiguous_031|alpha=15|measure=error_detection,ambiguous:user_ambiguous_031,ambiguous,15.0,error_detection,0.3775406777858734
ambiguous:user_ambiguous_018|alpha=15|measure=error_detection,ambiguous:user_ambiguous_018,ambiguous,15.0,error_detection,0.0007096704212017357
definite_false:qb_4446|alpha=15|measure=error_detection,definite_false:qb_4446,definite_false,15.0,error_detection,0.562176525592804
definite_correct:bb_5550|alpha=15|measure=error_detection,definite_correct:bb_5550,definite_correct,15.0,error_detection,0.0004878571489825845
definite_correct:qb_4336|alpha=15|measure=error_detection,definite_correct:qb_4336,definite_correct,15.0,error_detection,5.422219146566931e-06
definite_correct:qw_4882|alpha=15|measure=error_detection,definite_correct:qw_4882,definite_correct,15.0,error_detection,0.002182716503739357
definite_false:qb_4987|alpha=15|measure=error_detection,definite_false:qb_4987,definite_false,15.0,error_detection,0.9997387528419495
definite_false:tc_2359|alpha=15|measure=error_detection,definite_false:tc_2359,definite_false,15.0,error_detection,0.0008040859247557819
definite_correct:bb_2920|alpha=15|measure=error_detection,definite_correct:bb_2920,definite_correct,15.0,error_detection,2.2603242086915998e-06
definite_false:qw_3344|alpha=15|measure=error_detection,definite_false:qw_3344,definite_false,15.0,error_detection,0.004070138093084097
ambiguous:user_ambiguous_007|alpha=15|measure=error_detection,ambiguous:user_ambiguous_007,ambiguous,15.0,error_detection,0.006692850962281227
definite_correct:qb_3365|alpha=15|measure=error_detection,definite_correct:qb_3365,definite_correct,15.0,error_detection,0.00020342698553577065
definite_correct:tc_1284|alpha=15|measure=error_detection,definite_correct:tc_1284,definite_correct,15.0,error_detection,3.535625000949949e-05
definite_false:dpql_4977|alpha=15|measure=error_detection,definite_false:dpql_4977,definite_false,15.0,error_detection,1.473898100812221e-05
ambiguous:ambigqa_train_6967337893340565499|alpha=15|measure=error_detection,ambiguous:ambigqa_train_6967337893340565499,ambiguous,15.0,error_detection,9.610241977497935e-05
definite_correct:qz_5801|alpha=15|measure=error_detection,definite_correct:qz_5801,definite_correct,15.0,error_detection,8.939696272136644e-06
definite_correct:qb_6665|alpha=15|measure=error_detection,definite_correct:qb_6665,definite_correct,15.0,error_detection,4.006369272246957e-05
ambiguous:user_ambiguous_008|alpha=15|measure=error_detection,ambiguous:user_ambiguous_008,ambiguous,15.0,error_detection,0.0031726828310638666
ambiguous:user_ambiguous_012|alpha=15|measure=error_detection,ambiguous:user_ambiguous_012,ambiguous,15.0,error_detection,0.622459352016449
definite_correct:qw_859|alpha=15|measure=error_detection,definite_correct:qw_859,definite_correct,15.0,error_detection,6.962256520637311e-06
definite_false:qb_2899|alpha=15|measure=error_detection,definite_false:qb_2899,definite_false,15.0,error_detection,0.004070138093084097
definite_false:tc_2728|alpha=15|measure=error_detection,definite_false:tc_2728,definite_false,15.0,error_detection,0.7310585975646973
definite_correct:qb_2934|alpha=15|measure=error_detection,definite_correct:qb_2934,definite_correct,15.0,error_detection,0.00012339458044152707
ambiguous:user_ambiguous_055|alpha=15|measure=error_detection,ambiguous:user_ambiguous_055,ambiguous,15.0,error_detection,0.03308597952127457
ambiguous:ambigqa_train_-4847378126974715981|alpha=15|measure=error_detection,ambiguous:ambigqa_train_-4847378126974715981,ambiguous,15.0,error_detection,0.037326883524656296
definite_correct:qw_5335|alpha=15|measure=error_detection,definite_correct:qw_5335,definite_correct,15.0,error_detection,2.1444948288262822e-05
definite_correct:qb_3191|alpha=15|measure=error_detection,definite_correct:qb_3191,definite_correct,15.0,error_detection,5.422219146566931e-06
definite_false:qb_2928|alpha=15|measure=error_detection,definite_false:qb_2928,definite_false,15.0,error_detection,0.9997695088386536
ambiguous:user_ambiguous_035|alpha=15|measure=error_detection,ambiguous:user_ambiguous_035,ambiguous,15.0,error_detection,0.01798621006309986
definite_correct:wh_1933|alpha=15|measure=error_detection,definite_correct:wh_1933,definite_correct,15.0,error_detection,7.484622619813308e-05
definite_correct:dpql_2276|alpha=15|measure=error_detection,definite_correct:dpql_2276,definite_correct,15.0,error_detection,8.939696272136644e-06
definite_false:qb_3624|alpha=15|measure=error_detection,definite_false:qb_3624,definite_false,15.0,error_detection,0.9986749291419983
definite_false:dpql_4053|alpha=15|measure=error_detection,definite_false:dpql_4053,definite_false,15.0,error_detection,0.3208213150501251
ambiguous:user_ambiguous_069|alpha=15|measure=error_detection,ambiguous:user_ambiguous_069,ambiguous,15.0,error_detection,0.5
definite_false:tc_2257|alpha=15|measure=error_detection,definite_false:tc_2257,definite_false,15.0,error_detection,0.9999151229858398
definite_false:bb_1220|alpha=15|measure=error_detection,definite_false:bb_1220,definite_false,15.0,error_detection,0.7772998809814453
definite_false:qw_3353|alpha=15|measure=error_detection,definite_false:qw_3353,definite_false,15.0,error_detection,0.004609571769833565
ambiguous:ambigqa_train_-5327098669371634148|alpha=15|measure=error_detection,ambiguous:ambigqa_train_-5327098669371634148,ambiguous,15.0,error_detection,0.11920291185379028
definite_false:bb_5849|alpha=15|measure=error_detection,definite_false:bb_5849,definite_false,15.0,error_detection,0.8807970285415649
ambiguous:ambigqa_train_-2840611200472199951|alpha=15|measure=error_detection,ambiguous:ambigqa_train_-2840611200472199951,ambiguous,15.0,error_detection,0.8519527316093445
ambiguous:ambigqa_dev_-9219689808672072116|alpha=15|measure=error_detection,ambiguous:ambigqa_dev_-9219689808672072116,ambiguous,15.0,error_detection,0.00010889690020121634
definite_false:bb_8205|alpha=15|measure=error_detection,definite_false:bb_8205,definite_false,15.0,error_detection,8.481104305246845e-05
definite_false:qb_3878|alpha=15|measure=error_detection,definite_false:qb_3878,definite_false,15.0,error_detection,0.06008664891123772
ambiguous:user_ambiguous_015|alpha=15|measure=error_detection,ambiguous:user_ambiguous_015,ambiguous,15.0,error_detection,0.010986942797899246
definite_correct:qb_916|alpha=15|measure=error_detection,definite_correct:qb_916,definite_correct,15.0,error_detection,0.00020342698553577065
ambiguous:user_ambiguous_054|alpha=15|measure=error_detection,ambiguous:user_ambiguous_054,ambiguous,15.0,error_detection,0.002182716503739357
ambiguous:ambigqa_train_8846306718324708097|alpha=15|measure=error_detection,ambiguous:ambigqa_train_8846306718324708097,ambiguous,15.0,error_detection,6.605214002775028e-05
definite_false:qb_355|alpha=15|measure=error_detection,definite_false:qb_355,definite_false,15.0,error_detection,0.0009110512328334153
ambiguous:ambigqa_train_8480092557592561766|alpha=15|measure=error_detection,ambiguous:ambigqa_train_8480092557592561766,ambiguous,15.0,error_detection,0.9968273043632507
definite_false:qw_4953|alpha=15|measure=error_detection,definite_false:qw_4953,definite_false,15.0,error_detection,0.9988304972648621
ambiguous:user_ambiguous_078|alpha=15|measure=error_detection,ambiguous:user_ambiguous_078,ambiguous,15.0,error_detection,0.0006263342220336199
definite_false:qz_6898|alpha=15|measure=error_detection,definite_false:qz_6898,definite_false,15.0,error_detection,0.0010322310263291001
ambiguous:user_ambiguous_037|alpha=15|measure=error_detection,ambiguous:user_ambiguous_037,ambiguous,15.0,error_detection,0.010986942797899246
definite_false:dpql_2396|alpha=15|measure=error_detection,definite_false:dpql_2396,definite_false,15.0,error_detection,0.06008664891123772
definite_false:qb_525|alpha=15|measure=error_detection,definite_false:qb_525,definite_false,15.0,error_detection,0.8807970285415649
definite_correct:bb_500|alpha=15|measure=error_detection,definite_correct:bb_500,definite_correct,15.0,error_detection,7.484622619813308e-05
definite_correct:qw_1816|alpha=15|measure=error_detection,definite_correct:qw_1816,definite_correct,15.0,error_detection,7.889262633398175e-06
definite_false:bb_596|alpha=15|measure=error_detection,definite_false:bb_596,definite_false,15.0,error_detection,0.9990890026092529
ambiguous:user_ambiguous_061|alpha=15|measure=error_detection,ambiguous:user_ambiguous_061,ambiguous,15.0,error_detection,0.004070138093084097
definite_false:tc_3120|alpha=15|measure=error_detection,definite_false:tc_3120,definite_false,15.0,error_detection,0.00247262348420918
definite_correct:qb_2589|alpha=15|measure=error_detection,definite_correct:qb_2589,definite_correct,15.0,error_detection,0.0001398220774717629
ambiguous:user_ambiguous_090|alpha=15|measure=error_detection,ambiguous:user_ambiguous_090,ambiguous,15.0,error_detection,0.010986942797899246
definite_correct:qb_9283|alpha=15|measure=error_detection,definite_correct:qb_9283,definite_correct,15.0,error_detection,6.605214002775028e-05
ambiguous:user_ambiguous_071|alpha=15|measure=error_detection,ambiguous:user_ambiguous_071,ambiguous,15.0,error_detection,0.562176525592804
definite_false:bb_968|alpha=15|measure=error_detection,definite_false:bb_968,definite_false,15.0,error_detection,0.9740425944328308
definite_false:qb_2370|alpha=15|measure=error_detection,definite_false:qb_2370,definite_false,15.0,error_detection,6.605214002775028e-05
definite_false:wh_3277|alpha=15|measure=error_detection,definite_false:wh_3277,definite_false,15.0,error_detection,0.002182716503739357
definite_correct:qw_1068|alpha=15|measure=error_detection,definite_correct:qw_1068,definite_correct,15.0,error_detection,0.00033535013790242374
ambiguous:ambigqa_train_-4290930682953750669|alpha=15|measure=error_detection,ambiguous:ambigqa_train_-4290930682953750669,ambiguous,15.0,error_detection,0.0008040859247557819
ambiguous:ambigqa_dev_-2861341002123248407|alpha=15|measure=error_detection,ambiguous:ambigqa_dev_-2861341002123248407,ambiguous,15.0,error_detection,0.053403329104185104
definite_correct:qb_3684|alpha=15|measure=error_detection,definite_correct:qb_3684,definite_correct,15.0,error_detection,2.1444948288262822e-05
definite_correct:wh_51|alpha=15|measure=error_detection,definite_correct:wh_51,definite_correct,15.0,error_detection,0.00015843621804378927
definite_false:qb_2901|alpha=15|measure=error_detection,definite_false:qb_2901,definite_false,15.0,error_detection,0.9796676635742188
definite_false:qb_2329|alpha=15|measure=error_detection,definite_false:qb_2329,definite_false,15.0,error_detection,0.999841570854187
ambiguous:user_ambiguous_038|alpha=15|measure=error_detection,ambiguous:user_ambiguous_038,ambiguous,15.0,error_detection,0.562176525592804
ambiguous:user_ambiguous_042|alpha=15|measure=error_detection,ambiguous:user_ambiguous_042,ambiguous,15.0,error_detection,0.004070138093084097
definite_correct:bb_1467|alpha=15|measure=error_detection,definite_correct:bb_1467,definite_correct,15.0,error_detection,0.00012339458044152707
definite_correct:qb_34|alpha=15|measure=error_detection,definite_correct:qb_34,definite_correct,15.0,error_detection,0.0006263342220336199
definite_false:dpql_384|alpha=15|measure=error_detection,definite_false:dpql_384,definite_false,15.0,error_detection,0.005911069456487894
definite_false:bb_4598|alpha=15|measure=error_detection,definite_false:bb_4598,definite_false,15.0,error_detection,0.14804719388484955
definite_false:dpql_4754|alpha=15|measure=error_detection,definite_false:dpql_4754,definite_false,15.0,error_detection,0.020332353189587593
definite_correct:dpql_971|alpha=15|measure=error_detection,definite_correct:dpql_971,definite_correct,15.0,error_detection,0.0008040859247557819
definite_correct:qb_4948|alpha=15|measure=error_detection,definite_correct:qb_4948,definite_correct,15.0,error_detection,8.481104305246845e-05
definite_correct:qb_9452|alpha=15|measure=error_detection,definite_correct:qb_9452,definite_correct,15.0,error_detection,0.00033535013790242374
definite_correct:qb_1435|alpha=15|measure=error_detection,definite_correct:qb_1435,definite_correct,15.0,error_detection,5.144221358932555e-05
definite_correct:tc_2317|alpha=15|measure=error_detection,definite_correct:tc_2317,definite_correct,15.0,error_detection,1.0129991096619051e-05
definite_correct:qw_393|alpha=15|measure=error_detection,definite_correct:qw_393,definite_correct,15.0,error_detection,0.0001398220774717629
ambiguous:user_ambiguous_033|alpha=15|measure=error_detection,ambiguous:user_ambiguous_033,ambiguous,15.0,error_detection,0.4378235340118408
ambiguous:ambigqa_train_4701094121253884727|alpha=15|measure=error_detection,ambiguous:ambigqa_train_4701094121253884727,ambiguous,15.0,error_detection,6.605214002775028e-05
definite_correct:qb_4578|alpha=15|measure=error_detection,definite_correct:qb_4578,definite_correct,15.0,error_detection,2.4300239601871e-05
ambiguous:synthetic_ambiguity_7462141d7ff09177|alpha=15|measure=error_detection,ambiguous:synthetic_ambiguity_7462141d7ff09177,ambiguous,15.0,error_detection,0.9796676635742188
definite_false:dpql_5545|alpha=15|measure=error_detection,definite_false:dpql_5545,definite_false,15.0,error_detection,0.0010322310263291001
definite_false:dpql_3912|alpha=15|measure=error_detection,definite_false:dpql_3912,definite_false,15.0,error_detection,0.005911069456487894
ambiguous:user_ambiguous_092|alpha=15|measure=error_detection,ambiguous:user_ambiguous_092,ambiguous,15.0,error_detection,0.14804719388484955
ambiguous:user_ambiguous_060|alpha=15|measure=error_detection,ambiguous:user_ambiguous_060,ambiguous,15.0,error_detection,0.0017007224960252643
ambiguous:user_ambiguous_019|alpha=15|measure=error_detection,ambiguous:user_ambiguous_019,ambiguous,15.0,error_detection,0.002800926798954606
definite_correct:bb_8732|alpha=15|measure=error_detection,definite_correct:bb_8732,definite_correct,15.0,error_detection,1.1478769010864198e-05
ambiguous:synthetic_ambiguity_eccd45548d369037|alpha=15|measure=error_detection,ambiguous:synthetic_ambiguity_eccd45548d369037,ambiguous,15.0,error_detection,0.977022647857666
definite_false:dpql_1059|alpha=15|measure=error_detection,definite_false:dpql_1059,definite_false,15.0,error_detection,4.539786823443137e-05
definite_correct:wh_1303|alpha=15|measure=error_detection,definite_correct:wh_1303,definite_correct,15.0,error_detection,0.0009110512328334153
ambiguous:user_ambiguous_048|alpha=15|measure=error_detection,ambiguous:user_ambiguous_048,ambiguous,15.0,error_detection,0.0007096704212017357
ambiguous:user_ambiguous_034|alpha=15|measure=error_detection,ambiguous:user_ambiguous_034,ambiguous,15.0,error_detection,0.022977370768785477
definite_false:qw_3161|alpha=15|measure=error_detection,definite_false:qw_3161,definite_false,15.0,error_detection,0.622459352016449
definite_false:bb_8893|alpha=5|measure=anomaly_continuous,definite_false:bb_8893,definite_false,5.0,anomaly_continuous,0.85
definite_false:qb_4397|alpha=5|measure=anomaly_continuous,definite_false:qb_4397,definite_false,5.0,anomaly_continuous,0.85
definite_correct:bb_9251|alpha=5|measure=anomaly_continuous,definite_correct:bb_9251,definite_correct,5.0,anomaly_continuous,0.25
definite_false:wh_3277|alpha=5|measure=anomaly_continuous,definite_false:wh_3277,definite_false,5.0,anomaly_continuous,0.85
definite_correct:qb_9954|alpha=5|measure=anomaly_continuous,definite_correct:qb_9954,definite_correct,5.0,anomaly_continuous,0.25
definite_correct:qb_3684|alpha=5|measure=anomaly_continuous,definite_correct:qb_3684,definite_correct,5.0,anomaly_continuous,0.0
definite_false:qb_936|alpha=5|measure=anomaly_continuous,definite_false:qb_936,definite_false,5.0,anomaly_continuous,0.25
definite_correct:tc_1284|alpha=5|measure=anomaly_continuous,definite_correct:tc_1284,definite_correct,5.0,anomaly_continuous,0.0
ambiguous:user_ambiguous_062|alpha=5|measure=anomaly_continuous,ambiguous:user_ambiguous_062,ambiguous,5.0,anomaly_continuous,0.25
definite_correct:qb_6581|alpha=5|measure=anomaly_continuous,definite_correct:qb_6581,definite_correct,5.0,anomaly_continuous,0.0
definite_correct:tc_1602|alpha=5|measure=anomaly_continuous,definite_correct:tc_1602,definite_correct,5.0,anomaly_continuous,0.5
definite_correct:qb_8861|alpha=5|measure=anomaly_continuous,definite_correct:qb_8861,definite_correct,5.0,anomaly_continuous,0.0
ambiguous:user_ambiguous_012|alpha=5|measure=anomaly_continuous,ambiguous:user_ambiguous_012,ambiguous,5.0,anomaly_continuous,0.25
ambiguous:synthetic_ambiguity_7462141d7ff09177|alpha=5|measure=anomaly_continuous,ambiguous:synthetic_ambiguity_7462141d7ff09177,ambiguous,5.0,anomaly_continuous,0.25
definite_correct:qw_1068|alpha=5|measure=anomaly_continuous,definite_correct:qw_1068,definite_correct,5.0,anomaly_continuous,0.0
ambiguous:user_ambiguous_050|alpha=5|measure=anomaly_continuous,ambiguous:user_ambiguous_050,ambiguous,5.0,anomaly_continuous,0.5
ambiguous:user_ambiguous_041|alpha=5|measure=anomaly_continuous,ambiguous:user_ambiguous_041,ambiguous,5.0,anomaly_continuous,0.25
definite_correct:bb_20|alpha=5|measure=anomaly_continuous,definite_correct:bb_20,definite_correct,5.0,anomaly_continuous,0.85
definite_false:bb_4598|alpha=5|measure=anomaly_continuous,definite_false:bb_4598,definite_false,5.0,anomaly_continuous,0.85
definite_false:bb_6487|alpha=5|measure=anomaly_continuous,definite_false:bb_6487,definite_false,5.0,anomaly_continuous,0.25
ambiguous:synthetic_ambiguity_c51d6353acd62fc1|alpha=5|measure=anomaly_continuous,ambiguous:synthetic_ambiguity_c51d6353acd62fc1,ambiguous,5.0,anomaly_continuous,0.5
ambiguous:synthetic_ambiguity_d830565486f2d0b0|alpha=5|measure=anomaly_continuous,ambiguous:synthetic_ambiguity_d830565486f2d0b0,ambiguous,5.0,anomaly_continuous,0.25
ambiguous:ambigqa_train_4887157859291163116|alpha=5|measure=anomaly_continuous,ambiguous:ambigqa_train_4887157859291163116,ambiguous,5.0,anomaly_continuous,0.25
ambiguous:user_ambiguous_081|alpha=5|measure=anomaly_continuous,ambiguous:user_ambiguous_081,ambiguous,5.0,anomaly_continuous,0.0
ambiguous:user_ambiguous_088|alpha=5|measure=anomaly_continuous,ambiguous:user_ambiguous_088,ambiguous,5.0,anomaly_continuous,0.5
ambiguous:user_ambiguous_043|alpha=5|measure=anomaly_continuous,ambiguous:user_ambiguous_043,ambiguous,5.0,anomaly_continuous,0.25
definite_correct:dpql_633|alpha=5|measure=anomaly_continuous,definite_correct:dpql_633,definite_correct,5.0,anomaly_continuous,0.85
ambiguous:user_ambiguous_075|alpha=5|measure=anomaly_continuous,ambiguous:user_ambiguous_075,ambiguous,5.0,anomaly_continuous,0.5
ambiguous:user_ambiguous_016|alpha=5|measure=anomaly_continuous,ambiguous:user_ambiguous_016,ambiguous,5.0,anomaly_continuous,0.5
ambiguous:ambigqa_train_-6821663518687506172|alpha=5|measure=anomaly_continuous,ambiguous:ambigqa_train_-6821663518687506172,ambiguous,5.0,anomaly_continuous,0.25
ambiguous:user_ambiguous_090|alpha=5|measure=anomaly_continuous,ambiguous:user_ambiguous_090,ambiguous,5.0,anomaly_continuous,0.5
ambiguous:ambigqa_train_-282133277527244056|alpha=5|measure=anomaly_continuous,ambiguous:ambigqa_train_-282133277527244056,ambiguous,5.0,anomaly_continuous,0.5
ambiguous:user_ambiguous_020|alpha=5|measure=anomaly_continuous,ambiguous:user_ambiguous_020,ambiguous,5.0,anomaly_continuous,0.25
definite_false:dpql_4053|alpha=5|measure=anomaly_continuous,definite_false:dpql_4053,definite_false,5.0,anomaly_continuous,0.3
definite_false:bb_5659|alpha=5|measure=anomaly_continuous,definite_false:bb_5659,definite_false,5.0,anomaly_continuous,0.85
definite_correct:dpql_3447|alpha=5|measure=anomaly_continuous,definite_correct:dpql_3447,definite_correct,5.0,anomaly_continuous,0.25
definite_false:dpql_4754|alpha=5|measure=anomaly_continuous,definite_false:dpql_4754,definite_false,5.0,anomaly_continuous,0.25
definite_false:qb_2370|alpha=5|measure=anomaly_continuous,definite_false:qb_2370,definite_false,5.0,anomaly_continuous,0.25
ambiguous:ambigqa_train_-4847378126974715981|alpha=5|measure=anomaly_continuous,ambiguous:ambigqa_train_-4847378126974715981,ambiguous,5.0,anomaly_continuous,0.25
definite_correct:bb_436|alpha=5|measure=anomaly_continuous,definite_correct:bb_436,definite_correct,5.0,anomaly_continuous,0.35
definite_correct:qw_6782|alpha=5|measure=anomaly_continuous,definite_correct:qw_6782,definite_correct,5.0,anomaly_continuous,0.85
definite_false:qb_3427|alpha=5|measure=anomaly_continuous,definite_false:qb_3427,definite_false,5.0,anomaly_continuous,0.25
ambiguous:synthetic_ambiguity_db564851e7629ffa|alpha=5|measure=anomaly_continuous,ambiguous:synthetic_ambiguity_db564851e7629ffa,ambiguous,5.0,anomaly_continuous,0.25
definite_false:qz_2428|alpha=5|measure=anomaly_continuous,definite_false:qz_2428,definite_false,5.0,anomaly_continuous,0.25
definite_correct:qb_3365|alpha=5|measure=anomaly_continuous,definite_correct:qb_3365,definite_correct,5.0,anomaly_continuous,0.25
definite_correct:qz_3927|alpha=5|measure=anomaly_continuous,definite_correct:qz_3927,definite_correct,5.0,anomaly_continuous,0.0
definite_correct:qb_7271|alpha=5|measure=anomaly_continuous,definite_correct:qb_7271,definite_correct,5.0,anomaly_continuous,0.0
definite_correct:qb_1172|alpha=5|measure=anomaly_continuous,definite_correct:qb_1172,definite_correct,5.0,anomaly_continuous,0.0
definite_correct:dpql_5223|alpha=5|measure=anomaly_continuous,definite_correct:dpql_5223,definite_correct,5.0,anomaly_continuous,0.0
definite_false:qb_2901|alpha=5|measure=anomaly_continuous,definite_false:qb_2901,definite_false,5.0,anomaly_continuous,0.5
definite_false:qb_355|alpha=5|measure=anomaly_continuous,definite_false:qb_355,definite_false,5.0,anomaly_continuous,0.25
definite_correct:qb_8074|alpha=5|measure=anomaly_continuous,definite_correct:qb_8074,definite_correct,5.0,anomaly_continuous,0.85
ambiguous:ambigqa_train_-4290930682953750669|alpha=5|measure=anomaly_continuous,ambiguous:ambigqa_train_-4290930682953750669,ambiguous,5.0,anomaly_continuous,0.25
definite_correct:wh_1933|alpha=5|measure=anomaly_continuous,definite_correct:wh_1933,definite_correct,5.0,anomaly_continuous,0.5
definite_false:qb_9682|alpha=5|measure=anomaly_continuous,definite_false:qb_9682,definite_false,5.0,anomaly_continuous,0.25
definite_false:qw_3500|alpha=5|measure=anomaly_continuous,definite_false:qw_3500,definite_false,5.0,anomaly_continuous,0.25
definite_false:bb_4587|alpha=5|measure=anomaly_continuous,definite_false:bb_4587,definite_false,5.0,anomaly_continuous,0.25
definite_false:bb_968|alpha=5|measure=anomaly_continuous,definite_false:bb_968,definite_false,5.0,anomaly_continuous,0.85
definite_false:tc_3016|alpha=5|measure=anomaly_continuous,definite_false:tc_3016,definite_false,5.0,anomaly_continuous,0.25
definite_correct:qw_1253|alpha=5|measure=anomaly_continuous,definite_correct:qw_1253,definite_correct,5.0,anomaly_continuous,0.85
definite_correct:qw_4882|alpha=5|measure=anomaly_continuous,definite_correct:qw_4882,definite_correct,5.0,anomaly_continuous,0.25
definite_correct:bb_7263|alpha=5|measure=anomaly_continuous,definite_correct:bb_7263,definite_correct,5.0,anomaly_continuous,0.35
definite_false:qb_9244|alpha=5|measure=anomaly_continuous,definite_false:qb_9244,definite_false,5.0,anomaly_continuous,0.25
definite_correct:qb_916|alpha=5|measure=anomaly_continuous,definite_correct:qb_916,definite_correct,5.0,anomaly_continuous,0.25
definite_false:dpql_753|alpha=5|measure=anomaly_continuous,definite_false:dpql_753,definite_false,5.0,anomaly_continuous,0.25
definite_false:bb_5849|alpha=5|measure=anomaly_continuous,definite_false:bb_5849,definite_false,5.0,anomaly_continuous,0.85
definite_correct:qb_3516|alpha=5|measure=anomaly_continuous,definite_correct:qb_3516,definite_correct,5.0,anomaly_continuous,0.0
definite_correct:qw_2634|alpha=5|measure=anomaly_continuous,definite_correct:qw_2634,definite_correct,5.0,anomaly_continuous,0.5
ambiguous:user_ambiguous_001|alpha=5|measure=anomaly_continuous,ambiguous:user_ambiguous_001,ambiguous,5.0,anomaly_continuous,0.25
ambiguous:user_ambiguous_048|alpha=5|measure=anomaly_continuous,ambiguous:user_ambiguous_048,ambiguous,5.0,anomaly_continuous,0.25
definite_false:qb_7085|alpha=5|measure=anomaly_continuous,definite_false:qb_7085,definite_false,5.0,anomaly_continuous,0.85
ambiguous:user_ambiguous_071|alpha=5|measure=anomaly_continuous,ambiguous:user_ambiguous_071,ambiguous,5.0,anomaly_continuous,0.5
ambiguous:ambigqa_dev_-9219689808672072116|alpha=5|measure=anomaly_continuous,ambiguous:ambigqa_dev_-9219689808672072116,ambiguous,5.0,anomaly_continuous,0.0
ambiguous:user_ambiguous_061|alpha=5|measure=anomaly_continuous,ambiguous:user_ambiguous_061,ambiguous,5.0,anomaly_continuous,0.25
definite_correct:qw_4190|alpha=5|measure=anomaly_continuous,definite_correct:qw_4190,definite_correct,5.0,anomaly_continuous,0.25
definite_false:qw_5896|alpha=5|measure=anomaly_continuous,definite_false:qw_5896,definite_false,5.0,anomaly_continuous,0.5
ambiguous:user_ambiguous_070|alpha=5|measure=anomaly_continuous,ambiguous:user_ambiguous_070,ambiguous,5.0,anomaly_continuous,0.5
ambiguous:user_ambiguous_055|alpha=5|measure=anomaly_continuous,ambiguous:user_ambiguous_055,ambiguous,5.0,anomaly_continuous,0.25
definite_correct:qb_34|alpha=5|measure=anomaly_continuous,definite_correct:qb_34,definite_correct,5.0,anomaly_continuous,0.0
definite_false:wh_252|alpha=5|measure=anomaly_continuous,definite_false:wh_252,definite_false,5.0,anomaly_continuous,0.85
definite_false:qb_3624|alpha=5|measure=anomaly_continuous,definite_false:qb_3624,definite_false,5.0,anomaly_continuous,0.85
definite_correct:wh_4358|alpha=5|measure=anomaly_continuous,definite_correct:wh_4358,definite_correct,5.0,anomaly_continuous,0.5
definite_false:bb_8205|alpha=5|measure=anomaly_continuous,definite_false:bb_8205,definite_false,5.0,anomaly_continuous,0.25
ambiguous:user_ambiguous_093|alpha=5|measure=anomaly_continuous,ambiguous:user_ambiguous_093,ambiguous,5.0,anomaly_continuous,0.85
definite_false:qw_4953|alpha=5|measure=anomaly_continuous,definite_false:qw_4953,definite_false,5.0,anomaly_continuous,0.85
ambiguous:user_ambiguous_036|alpha=5|measure=anomaly_continuous,ambiguous:user_ambiguous_036,ambiguous,5.0,anomaly_continuous,0.25
definite_correct:dpql_2538|alpha=5|measure=anomaly_continuous,definite_correct:dpql_2538,definite_correct,5.0,anomaly_continuous,0.25
ambiguous:user_ambiguous_004|alpha=5|measure=anomaly_continuous,ambiguous:user_ambiguous_004,ambiguous,5.0,anomaly_continuous,0.25
definite_false:qb_3869|alpha=5|measure=anomaly_continuous,definite_false:qb_3869,definite_false,5.0,anomaly_continuous,0.85
ambiguous:synthetic_ambiguity_77277aded01ef92e|alpha=5|measure=anomaly_continuous,ambiguous:synthetic_ambiguity_77277aded01ef92e,ambiguous,5.0,anomaly_continuous,0.25
ambiguous:user_ambiguous_037|alpha=5|measure=anomaly_continuous,ambiguous:user_ambiguous_037,ambiguous,5.0,anomaly_continuous,0.5
definite_correct:qw_45|alpha=5|measure=anomaly_continuous,definite_correct:qw_45,definite_correct,5.0,anomaly_continuous,0.0
ambiguous:user_ambiguous_099|alpha=5|measure=anomaly_continuous,ambiguous:user_ambiguous_099,ambiguous,5.0,anomaly_continuous,0.25
definite_false:qw_5298|alpha=5|measure=anomaly_continuous,definite_false:qw_5298,definite_false,5.0,anomaly_continuous,0.25
definite_false:qb_2928|alpha=5|measure=anomaly_continuous,definite_false:qb_2928,definite_false,5.0,anomaly_continuous,0.85
definite_false:tc_349|alpha=5|measure=anomaly_continuous,definite_false:tc_349,definite_false,5.0,anomaly_continuous,0.85
ambiguous:user_ambiguous_046|alpha=5|measure=anomaly_continuous,ambiguous:user_ambiguous_046,ambiguous,5.0,anomaly_continuous,0.25
definite_false:dpql_3319|alpha=5|measure=anomaly_continuous,definite_false:dpql_3319,definite_false,5.0,anomaly_continuous,0.25
definite_correct:tc_954|alpha=5|measure=anomaly_continuous,definite_correct:tc_954,definite_correct,5.0,anomaly_continuous,0.0
definite_correct:bb_500|alpha=5|measure=anomaly_continuous,definite_correct:bb_500,definite_correct,5.0,anomaly_continuous,0.85
ambiguous:user_ambiguous_027|alpha=5|measure=anomaly_continuous,ambiguous:user_ambiguous_027,ambiguous,5.0,anomaly_continuous,0.25
ambiguous:user_ambiguous_015|alpha=5|measure=anomaly_continuous,ambiguous:user_ambiguous_015,ambiguous,5.0,anomaly_continuous,0.85
definite_false:qw_3732|alpha=5|measure=anomaly_continuous,definite_false:qw_3732,definite_false,5.0,anomaly_continuous,0.0
definite_false:qw_1298|alpha=5|measure=anomaly_continuous,definite_false:qw_1298,definite_false,5.0,anomaly_continuous,0.85
definite_false:qb_2329|alpha=5|measure=anomaly_continuous,definite_false:qb_2329,definite_false,5.0,anomaly_continuous,0.25
definite_correct:bb_9184|alpha=5|measure=anomaly_continuous,definite_correct:bb_9184,definite_correct,5.0,anomaly_continuous,0.35
definite_correct:wh_51|alpha=5|measure=anomaly_continuous,definite_correct:wh_51,definite_correct,5.0,anomaly_continuous,0.85
definite_false:qw_2399|alpha=5|measure=anomaly_continuous,definite_false:qw_2399,definite_false,5.0,anomaly_continuous,0.25
definite_false:qb_525|alpha=5|measure=anomaly_continuous,definite_false:qb_525,definite_false,5.0,anomaly_continuous,0.85
definite_correct:qb_9283|alpha=5|measure=anomaly_continuous,definite_correct:qb_9283,definite_correct,5.0,anomaly_continuous,0.25
ambiguous:user_ambiguous_073|alpha=5|measure=anomaly_continuous,ambiguous:user_ambiguous_073,ambiguous,5.0,anomaly_continuous,0.5
definite_correct:qb_2589|alpha=5|measure=anomaly_continuous,definite_correct:qb_2589,definite_correct,5.0,anomaly_continuous,0.35
definite_correct:bb_2920|alpha=5|measure=anomaly_continuous,definite_correct:bb_2920,definite_correct,5.0,anomaly_continuous,0.85
definite_false:tc_2506|alpha=5|measure=anomaly_continuous,definite_false:tc_2506,definite_false,5.0,anomaly_continuous,0.25
definite_correct:bb_5566|alpha=5|measure=anomaly_continuous,definite_correct:bb_5566,definite_correct,5.0,anomaly_continuous,0.35
ambiguous:user_ambiguous_066|alpha=5|measure=anomaly_continuous,ambiguous:user_ambiguous_066,ambiguous,5.0,anomaly_continuous,0.25
definite_false:wh_2424|alpha=5|measure=anomaly_continuous,definite_false:wh_2424,definite_false,5.0,anomaly_continuous,0.25
ambiguous:synthetic_ambiguity_39e9eaa2e03e1780|alpha=5|measure=anomaly_continuous,ambiguous:synthetic_ambiguity_39e9eaa2e03e1780,ambiguous,5.0,anomaly_continuous,0.25
definite_false:dpql_3827|alpha=5|measure=anomaly_continuous,definite_false:dpql_3827,definite_false,5.0,anomaly_continuous,0.25
ambiguous:user_ambiguous_068|alpha=5|measure=anomaly_continuous,ambiguous:user_ambiguous_068,ambiguous,5.0,anomaly_continuous,0.0
definite_false:dpql_151|alpha=5|measure=anomaly_continuous,definite_false:dpql_151,definite_false,5.0,anomaly_continuous,0.25
ambiguous:user_ambiguous_069|alpha=5|measure=anomaly_continuous,ambiguous:user_ambiguous_069,ambiguous,5.0,anomaly_continuous,0.5
ambiguous:user_ambiguous_074|alpha=5|measure=anomaly_continuous,ambiguous:user_ambiguous_074,ambiguous,5.0,anomaly_continuous,0.5
ambiguous:ambigqa_train_-4861369907584367396|alpha=5|measure=anomaly_continuous,ambiguous:ambigqa_train_-4861369907584367396,ambiguous,5.0,anomaly_continuous,0.25
definite_false:qb_1556|alpha=5|measure=anomaly_continuous,definite_false:qb_1556,definite_false,5.0,anomaly_continuous,0.85
ambiguous:user_ambiguous_092|alpha=5|measure=anomaly_continuous,ambiguous:user_ambiguous_092,ambiguous,5.0,anomaly_continuous,0.5
ambiguous:user_ambiguous_094|alpha=5|measure=anomaly_continuous,ambiguous:user_ambiguous_094,ambiguous,5.0,anomaly_continuous,0.25
definite_false:wh_451|alpha=5|measure=anomaly_continuous,definite_false:wh_451,definite_false,5.0,anomaly_continuous,0.25
ambiguous:ambigqa_train_-6615422287569447999|alpha=5|measure=anomaly_continuous,ambiguous:ambigqa_train_-6615422287569447999,ambiguous,5.0,anomaly_continuous,0.25
ambiguous:user_ambiguous_005|alpha=5|measure=anomaly_continuous,ambiguous:user_ambiguous_005,ambiguous,5.0,anomaly_continuous,0.25
ambiguous:user_ambiguous_091|alpha=5|measure=anomaly_continuous,ambiguous:user_ambiguous_091,ambiguous,5.0,anomaly_continuous,0.5
definite_false:bb_596|alpha=5|measure=anomaly_continuous,definite_false:bb_596,definite_false,5.0,anomaly_continuous,0.85
definite_correct:qb_3191|alpha=5|measure=anomaly_continuous,definite_correct:qb_3191,definite_correct,5.0,anomaly_continuous,0.85
definite_correct:qz_5801|alpha=5|measure=anomaly_continuous,definite_correct:qz_5801,definite_correct,5.0,anomaly_continuous,0.25
definite_correct:wh_4041|alpha=5|measure=anomaly_continuous,definite_correct:wh_4041,definite_correct,5.0,anomaly_continuous,0.25
definite_correct:qb_2151|alpha=5|measure=anomaly_continuous,definite_correct:qb_2151,definite_correct,5.0,anomaly_continuous,0.0
definite_false:qz_6898|alpha=5|measure=anomaly_continuous,definite_false:qz_6898,definite_false,5.0,anomaly_continuous,0.25
ambiguous:user_ambiguous_026|alpha=5|measure=anomaly_continuous,ambiguous:user_ambiguous_026,ambiguous,5.0,anomaly_continuous,0.5
definite_correct:qb_365|alpha=5|measure=anomaly_continuous,definite_correct:qb_365,definite_correct,5.0,anomaly_continuous,0.0
definite_false:tc_2257|alpha=5|measure=anomaly_continuous,definite_false:tc_2257,definite_false,5.0,anomaly_continuous,0.85
definite_correct:bb_121|alpha=5|measure=anomaly_continuous,definite_correct:bb_121,definite_correct,5.0,anomaly_continuous,0.0
definite_false:bb_77|alpha=5|measure=anomaly_continuous,definite_false:bb_77,definite_false,5.0,anomaly_continuous,0.25
definite_false:tc_2359|alpha=5|measure=anomaly_continuous,definite_false:tc_2359,definite_false,5.0,anomaly_continuous,0.25
definite_false:qb_3878|alpha=5|measure=anomaly_continuous,definite_false:qb_3878,definite_false,5.0,anomaly_continuous,0.85
ambiguous:user_ambiguous_045|alpha=5|measure=anomaly_continuous,ambiguous:user_ambiguous_045,ambiguous,5.0,anomaly_continuous,0.25
ambiguous:ambigqa_dev_-1684587227477882737|alpha=5|measure=anomaly_continuous,ambiguous:ambigqa_dev_-1684587227477882737,ambiguous,5.0,anomaly_continuous,0.25
definite_correct:qb_6086|alpha=5|measure=anomaly_continuous,definite_correct:qb_6086,definite_correct,5.0,anomaly_continuous,0.0
definite_correct:tc_955|alpha=5|measure=anomaly_continuous,definite_correct:tc_955,definite_correct,5.0,anomaly_continuous,0.0
ambiguous:ambigqa_train_4701094121253884727|alpha=5|measure=anomaly_continuous,ambiguous:ambigqa_train_4701094121253884727,ambiguous,5.0,anomaly_continuous,0.25
ambiguous:user_ambiguous_008|alpha=5|measure=anomaly_continuous,ambiguous:user_ambiguous_008,ambiguous,5.0,anomaly_continuous,0.25
definite_false:qw_6106|alpha=5|measure=anomaly_continuous,definite_false:qw_6106,definite_false,5.0,anomaly_continuous,0.85
definite_false:wh_527|alpha=5|measure=anomaly_continuous,definite_false:wh_527,definite_false,5.0,anomaly_continuous,0.85
ambiguous:user_ambiguous_032|alpha=5|measure=anomaly_continuous,ambiguous:user_ambiguous_032,ambiguous,5.0,anomaly_continuous,0.5
ambiguous:ambigqa_dev_-2928173928559810904|alpha=5|measure=anomaly_continuous,ambiguous:ambigqa_dev_-2928173928559810904,ambiguous,5.0,anomaly_continuous,0.25
definite_false:bb_4519|alpha=5|measure=anomaly_continuous,definite_false:bb_4519,definite_false,5.0,anomaly_continuous,0.85
definite_false:qw_3582|alpha=5|measure=anomaly_continuous,definite_false:qw_3582,definite_false,5.0,anomaly_continuous,0.25
definite_false:qw_3199|alpha=5|measure=anomaly_continuous,definite_false:qw_3199,definite_false,5.0,anomaly_continuous,0.25
definite_correct:qw_859|alpha=5|measure=anomaly_continuous,definite_correct:qw_859,definite_correct,5.0,anomaly_continuous,0.35
definite_false:dpql_1059|alpha=5|measure=anomaly_continuous,definite_false:dpql_1059,definite_false,5.0,anomaly_continuous,0.5
definite_correct:qb_7921|alpha=5|measure=anomaly_continuous,definite_correct:qb_7921,definite_correct,5.0,anomaly_continuous,0.0
ambiguous:ambigqa_dev_-2861341002123248407|alpha=5|measure=anomaly_continuous,ambiguous:ambigqa_dev_-2861341002123248407,ambiguous,5.0,anomaly_continuous,0.5
definite_false:dpql_3912|alpha=5|measure=anomaly_continuous,definite_false:dpql_3912,definite_false,5.0,anomaly_continuous,0.25
definite_correct:qw_1421|alpha=5|measure=anomaly_continuous,definite_correct:qw_1421,definite_correct,5.0,anomaly_continuous,0.0
ambiguous:user_ambiguous_039|alpha=5|measure=anomaly_continuous,ambiguous:user_ambiguous_039,ambiguous,5.0,anomaly_continuous,0.25
definite_false:tc_3120|alpha=5|measure=anomaly_continuous,definite_false:tc_3120,definite_false,5.0,anomaly_continuous,0.25
definite_false:bb_1220|alpha=5|measure=anomaly_continuous,definite_false:bb_1220,definite_false,5.0,anomaly_continuous,0.95
ambiguous:user_ambiguous_018|alpha=5|measure=anomaly_continuous,ambiguous:user_ambiguous_018,ambiguous,5.0,anomaly_continuous,0.25
ambiguous:user_ambiguous_038|alpha=5|measure=anomaly_continuous,ambiguous:user_ambiguous_038,ambiguous,5.0,anomaly_continuous,0.5
ambiguous:synthetic_ambiguity_eccd45548d369037|alpha=5|measure=anomaly_continuous,ambiguous:synthetic_ambiguity_eccd45548d369037,ambiguous,5.0,anomaly_continuous,0.25
definite_correct:qw_5716|alpha=5|measure=anomaly_continuous,definite_correct:qw_5716,definite_correct,5.0,anomaly_continuous,0.85
ambiguous:ambigqa_dev_2248395039731877618|alpha=5|measure=anomaly_continuous,ambiguous:ambigqa_dev_2248395039731877618,ambiguous,5.0,anomaly_continuous,0.25
ambiguous:user_ambiguous_059|alpha=5|measure=anomaly_continuous,ambiguous:user_ambiguous_059,ambiguous,5.0,anomaly_continuous,0.25
definite_false:qw_5610|alpha=5|measure=anomaly_continuous,definite_false:qw_5610,definite_false,5.0,anomaly_continuous,0.0
definite_false:dpql_1695|alpha=5|measure=anomaly_continuous,definite_false:dpql_1695,definite_false,5.0,anomaly_continuous,0.85
definite_false:bb_8112|alpha=5|measure=anomaly_continuous,definite_false:bb_8112,definite_false,5.0,anomaly_continuous,0.25
definite_correct:wh_3778|alpha=5|measure=anomaly_continuous,definite_correct:wh_3778,definite_correct,5.0,anomaly_continuous,0.85
definite_correct:qb_8250|alpha=5|measure=anomaly_continuous,definite_correct:qb_8250,definite_correct,5.0,anomaly_continuous,0.25
definite_correct:qb_4578|alpha=5|measure=anomaly_continuous,definite_correct:qb_4578,definite_correct,5.0,anomaly_continuous,0.25
ambiguous:user_ambiguous_024|alpha=5|measure=anomaly_continuous,ambiguous:user_ambiguous_024,ambiguous,5.0,anomaly_continuous,0.25
definite_correct:bb_2326|alpha=5|measure=anomaly_continuous,definite_correct:bb_2326,definite_correct,5.0,anomaly_continuous,0.0
definite_false:wh_1706|alpha=5|measure=anomaly_continuous,definite_false:wh_1706,definite_false,5.0,anomaly_continuous,0.85
ambiguous:user_ambiguous_017|alpha=5|measure=anomaly_continuous,ambiguous:user_ambiguous_017,ambiguous,5.0,anomaly_continuous,0.25
definite_correct:wh_453|alpha=5|measure=anomaly_continuous,definite_correct:wh_453,definite_correct,5.0,anomaly_continuous,0.25
definite_correct:dpql_3467|alpha=5|measure=anomaly_continuous,definite_correct:dpql_3467,definite_correct,5.0,anomaly_continuous,0.25
definite_false:qw_3161|alpha=5|measure=anomaly_continuous,definite_false:qw_3161,definite_false,5.0,anomaly_continuous,0.25
definite_correct:qw_132|alpha=5|measure=anomaly_continuous,definite_correct:qw_132,definite_correct,5.0,anomaly_continuous,0.25
definite_correct:bb_4832|alpha=5|measure=anomaly_continuous,definite_correct:bb_4832,definite_correct,5.0,anomaly_continuous,0.25
definite_correct:bb_1135|alpha=5|measure=anomaly_continuous,definite_correct:bb_1135,definite_correct,5.0,anomaly_continuous,0.35
ambiguous:synthetic_ambiguity_736399f8375cbe45|alpha=5|measure=anomaly_continuous,ambiguous:synthetic_ambiguity_736399f8375cbe45,ambiguous,5.0,anomaly_continuous,0.5
definite_correct:qb_9452|alpha=5|measure=anomaly_continuous,definite_correct:qb_9452,definite_correct,5.0,anomaly_continuous,0.0
definite_correct:bb_810|alpha=5|measure=anomaly_continuous,definite_correct:bb_810,definite_correct,5.0,anomaly_continuous,0.0
ambiguous:user_ambiguous_025|alpha=5|measure=anomaly_continuous,ambiguous:user_ambiguous_025,ambiguous,5.0,anomaly_continuous,0.5
definite_correct:bb_5094|alpha=5|measure=anomaly_continuous,definite_correct:bb_5094,definite_correct,5.0,anomaly_continuous,0.85
definite_false:wh_2928|alpha=5|measure=anomaly_continuous,definite_false:wh_2928,definite_false,5.0,anomaly_continuous,0.25
ambiguous:ambigqa_train_-4829972042995259834|alpha=5|measure=anomaly_continuous,ambiguous:ambigqa_train_-4829972042995259834,ambiguous,5.0,anomaly_continuous,0.25
ambiguous:ambigqa_train_8480092557592561766|alpha=5|measure=anomaly_continuous,ambiguous:ambigqa_train_8480092557592561766,ambiguous,5.0,anomaly_continuous,0.85
definite_correct:bb_8732|alpha=5|measure=anomaly_continuous,definite_correct:bb_8732,definite_correct,5.0,anomaly_continuous,0.25
definite_correct:dpql_2276|alpha=5|measure=anomaly_continuous,definite_correct:dpql_2276,definite_correct,5.0,anomaly_continuous,0.25
definite_correct:wh_1303|alpha=5|measure=anomaly_continuous,definite_correct:wh_1303,definite_correct,5.0,anomaly_continuous,0.0
definite_correct:qb_5063|alpha=5|measure=anomaly_continuous,definite_correct:qb_5063,definite_correct,5.0,anomaly_continuous,0.25
definite_correct:qw_243|alpha=5|measure=anomaly_continuous,definite_correct:qw_243,definite_correct,5.0,anomaly_continuous,0.25
ambiguous:user_ambiguous_064|alpha=5|measure=anomaly_continuous,ambiguous:user_ambiguous_064,ambiguous,5.0,anomaly_continuous,0.25
ambiguous:user_ambiguous_084|alpha=5|measure=anomaly_continuous,ambiguous:user_ambiguous_084,ambiguous,5.0,anomaly_continuous,0.5
definite_false:dpql_2396|alpha=5|measure=anomaly_continuous,definite_false:dpql_2396,definite_false,5.0,anomaly_continuous,0.85
definite_correct:qw_5335|alpha=5|measure=anomaly_continuous,definite_correct:qw_5335,definite_correct,5.0,anomaly_continuous,0.0
definite_false:tc_2728|alpha=5|measure=anomaly_continuous,definite_false:tc_2728,definite_false,5.0,anomaly_continuous,0.25
ambiguous:user_ambiguous_049|alpha=5|measure=anomaly_continuous,ambiguous:user_ambiguous_049,ambiguous,5.0,anomaly_continuous,0.5
ambiguous:user_ambiguous_079|alpha=5|measure=anomaly_continuous,ambiguous:user_ambiguous_079,ambiguous,5.0,anomaly_continuous,0.5
definite_correct:bb_6117|alpha=5|measure=anomaly_continuous,definite_correct:bb_6117,definite_correct,5.0,anomaly_continuous,0.0
definite_false:qb_2899|alpha=5|measure=anomaly_continuous,definite_false:qb_2899,definite_false,5.0,anomaly_continuous,0.25
ambiguous:user_ambiguous_100|alpha=5|measure=anomaly_continuous,ambiguous:user_ambiguous_100,ambiguous,5.0,anomaly_continuous,0.25
definite_false:tc_1535|alpha=5|measure=anomaly_continuous,definite_false:tc_1535,definite_false,5.0,anomaly_continuous,0.85
definite_false:bb_3805|alpha=5|measure=anomaly_continuous,definite_false:bb_3805,definite_false,5.0,anomaly_continuous,0.35
definite_correct:qw_393|alpha=5|measure=anomaly_continuous,definite_correct:qw_393,definite_correct,5.0,anomaly_continuous,0.0
definite_correct:dpql_5846|alpha=5|measure=anomaly_continuous,definite_correct:dpql_5846,definite_correct,5.0,anomaly_continuous,0.25
definite_false:qb_4446|alpha=5|measure=anomaly_continuous,definite_false:qb_4446,definite_false,5.0,anomaly_continuous,0.25
definite_correct:bb_6465|alpha=5|measure=anomaly_continuous,definite_correct:bb_6465,definite_correct,5.0,anomaly_continuous,0.25
definite_false:dpql_2259|alpha=5|measure=anomaly_continuous,definite_false:dpql_2259,definite_false,5.0,anomaly_continuous,0.85
definite_correct:dpql_6083|alpha=5|measure=anomaly_continuous,definite_correct:dpql_6083,definite_correct,5.0,anomaly_continuous,0.25
definite_correct:qw_1211|alpha=5|measure=anomaly_continuous,definite_correct:qw_1211,definite_correct,5.0,anomaly_continuous,0.85
definite_correct:dpql_971|alpha=5|measure=anomaly_continuous,definite_correct:dpql_971,definite_correct,5.0,anomaly_continuous,0.35
definite_correct:qb_6665|alpha=5|measure=anomaly_continuous,definite_correct:qb_6665,definite_correct,5.0,anomaly_continuous,0.85
definite_false:tc_2556|alpha=5|measure=anomaly_continuous,definite_false:tc_2556,definite_false,5.0,anomaly_continuous,0.25
ambiguous:user_ambiguous_034|alpha=5|measure=anomaly_continuous,ambiguous:user_ambiguous_034,ambiguous,5.0,anomaly_continuous,0.25
definite_correct:qb_2932|alpha=5|measure=anomaly_continuous,definite_correct:qb_2932,definite_correct,5.0,anomaly_continuous,0.0
ambiguous:ambigqa_train_389267376370423320|alpha=5|measure=anomaly_continuous,ambiguous:ambigqa_train_389267376370423320,ambiguous,5.0,anomaly_continuous,0.25
definite_correct:bb_5550|alpha=5|measure=anomaly_continuous,definite_correct:bb_5550,definite_correct,5.0,anomaly_continuous,0.25
definite_false:qb_3987|alpha=5|measure=anomaly_continuous,definite_false:qb_3987,definite_false,5.0,anomaly_continuous,0.25
definite_false:bb_2489|alpha=5|measure=anomaly_continuous,definite_false:bb_2489,definite_false,5.0,anomaly_continuous,0.25
definite_correct:bb_1467|alpha=5|measure=anomaly_continuous,definite_correct:bb_1467,definite_correct,5.0,anomaly_continuous,0.25
definite_false:bb_981|alpha=5|measure=anomaly_continuous,definite_false:bb_981,definite_false,5.0,anomaly_continuous,0.35
definite_false:qw_3344|alpha=5|measure=anomaly_continuous,definite_false:qw_3344,definite_false,5.0,anomaly_continuous,0.85
ambiguous:user_ambiguous_089|alpha=5|measure=anomaly_continuous,ambiguous:user_ambiguous_089,ambiguous,5.0,anomaly_continuous,0.25
ambiguous:ambigqa_train_8846306718324708097|alpha=5|measure=anomaly_continuous,ambiguous:ambigqa_train_8846306718324708097,ambiguous,5.0,anomaly_continuous,0.25
definite_correct:dpql_6346|alpha=5|measure=anomaly_continuous,definite_correct:dpql_6346,definite_correct,5.0,anomaly_continuous,0.25
definite_correct:qb_2497|alpha=5|measure=anomaly_continuous,definite_correct:qb_2497,definite_correct,5.0,anomaly_continuous,0.0
ambiguous:user_ambiguous_054|alpha=5|measure=anomaly_continuous,ambiguous:user_ambiguous_054,ambiguous,5.0,anomaly_continuous,0.25
definite_correct:qb_1456|alpha=5|measure=anomaly_continuous,definite_correct:qb_1456,definite_correct,5.0,anomaly_continuous,0.25
definite_false:tc_540|alpha=5|measure=anomaly_continuous,definite_false:tc_540,definite_false,5.0,anomaly_continuous,0.85
ambiguous:synthetic_ambiguity_127bbb74d142df4c|alpha=5|measure=anomaly_continuous,ambiguous:synthetic_ambiguity_127bbb74d142df4c,ambiguous,5.0,anomaly_continuous,0.25
definite_correct:dpql_216|alpha=5|measure=anomaly_continuous,definite_correct:dpql_216,definite_correct,5.0,anomaly_continuous,0.25
definite_correct:bb_6024|alpha=5|measure=anomaly_continuous,definite_correct:bb_6024,definite_correct,5.0,anomaly_continuous,0.85
definite_false:dpql_384|alpha=5|measure=anomaly_continuous,definite_false:dpql_384,definite_false,5.0,anomaly_continuous,0.25
ambiguous:user_ambiguous_082|alpha=5|measure=anomaly_continuous,ambiguous:user_ambiguous_082,ambiguous,5.0,anomaly_continuous,0.5
definite_correct:qb_4415|alpha=5|measure=anomaly_continuous,definite_correct:qb_4415,definite_correct,5.0,anomaly_continuous,0.0
definite_false:dpql_4977|alpha=5|measure=anomaly_continuous,definite_false:dpql_4977,definite_false,5.0,anomaly_continuous,0.25
definite_false:qz_3440|alpha=5|measure=anomaly_continuous,definite_false:qz_3440,definite_false,5.0,anomaly_continuous,0.0
definite_correct:qw_1816|alpha=5|measure=anomaly_continuous,definite_correct:qw_1816,definite_correct,5.0,anomaly_continuous,0.75
definite_correct:qb_8036|alpha=5|measure=anomaly_continuous,definite_correct:qb_8036,definite_correct,5.0,anomaly_continuous,0.25
definite_false:bb_5317|alpha=5|measure=anomaly_continuous,definite_false:bb_5317,definite_false,5.0,anomaly_continuous,0.25
ambiguous:user_ambiguous_060|alpha=5|measure=anomaly_continuous,ambiguous:user_ambiguous_060,ambiguous,5.0,anomaly_continuous,0.25
definite_false:qb_3296|alpha=5|measure=anomaly_continuous,definite_false:qb_3296,definite_false,5.0,anomaly_continuous,0.25
ambiguous:user_ambiguous_007|alpha=5|measure=anomaly_continuous,ambiguous:user_ambiguous_007,ambiguous,5.0,anomaly_continuous,0.25
ambiguous:user_ambiguous_042|alpha=5|measure=anomaly_continuous,ambiguous:user_ambiguous_042,ambiguous,5.0,anomaly_continuous,0.25
definite_false:dpql_5115|alpha=5|measure=anomaly_continuous,definite_false:dpql_5115,definite_false,5.0,anomaly_continuous,1.0
ambiguous:ambigqa_train_3267103377301376828|alpha=5|measure=anomaly_continuous,ambiguous:ambigqa_train_3267103377301376828,ambiguous,5.0,anomaly_continuous,0.25
ambiguous:user_ambiguous_056|alpha=5|measure=anomaly_continuous,ambiguous:user_ambiguous_056,ambiguous,5.0,anomaly_continuous,0.85
ambiguous:ambigqa_train_6967337893340565499|alpha=5|measure=anomaly_continuous,ambiguous:ambigqa_train_6967337893340565499,ambiguous,5.0,anomaly_continuous,0.25
definite_correct:tc_1323|alpha=5|measure=anomaly_continuous,definite_correct:tc_1323,definite_correct,5.0,anomaly_continuous,0.0
definite_false:qb_6250|alpha=5|measure=anomaly_continuous,definite_false:qb_6250,definite_false,5.0,anomaly_continuous,0.25
definite_false:bb_2616|alpha=5|measure=anomaly_continuous,definite_false:bb_2616,definite_false,5.0,anomaly_continuous,0.85
definite_correct:qb_4336|alpha=5|measure=anomaly_continuous,definite_correct:qb_4336,definite_correct,5.0,anomaly_continuous,0.0
definite_false:qb_919|alpha=5|measure=anomaly_continuous,definite_false:qb_919,definite_false,5.0,anomaly_continuous,0.25
ambiguous:ambigqa_train_-5327098669371634148|alpha=5|measure=anomaly_continuous,ambiguous:ambigqa_train_-5327098669371634148,ambiguous,5.0,anomaly_continuous,0.25
definite_correct:qb_2148|alpha=5|measure=anomaly_continuous,definite_correct:qb_2148,definite_correct,5.0,anomaly_continuous,0.25
definite_false:qb_3225|alpha=5|measure=anomaly_continuous,definite_false:qb_3225,definite_false,5.0,anomaly_continuous,0.25
definite_correct:qb_2934|alpha=5|measure=anomaly_continuous,definite_correct:qb_2934,definite_correct,5.0,anomaly_continuous,0.35
ambiguous:user_ambiguous_031|alpha=5|measure=anomaly_continuous,ambiguous:user_ambiguous_031,ambiguous,5.0,anomaly_continuous,0.5
definite_false:dpql_5545|alpha=5|measure=anomaly_continuous,definite_false:dpql_5545,definite_false,5.0,anomaly_continuous,0.25
ambiguous:synthetic_ambiguity_0fb6efbc1bf0ec38|alpha=5|measure=anomaly_continuous,ambiguous:synthetic_ambiguity_0fb6efbc1bf0ec38,ambiguous,5.0,anomaly_continuous,0.25
definite_false:dpql_4319|alpha=5|measure=anomaly_continuous,definite_false:dpql_4319,definite_false,5.0,anomaly_continuous,0.85
ambiguous:user_ambiguous_076|alpha=5|measure=anomaly_continuous,ambiguous:user_ambiguous_076,ambiguous,5.0,anomaly_continuous,0.5
ambiguous:ambigqa_train_6622540978806844416|alpha=5|measure=anomaly_continuous,ambiguous:ambigqa_train_6622540978806844416,ambiguous,5.0,anomaly_continuous,0.5
definite_false:qb_4987|alpha=5|measure=anomaly_continuous,definite_false:qb_4987,definite_false,5.0,anomaly_continuous,0.25
definite_false:qw_3353|alpha=5|measure=anomaly_continuous,definite_false:qw_3353,definite_false,5.0,anomaly_continuous,0.25
ambiguous:user_ambiguous_019|alpha=5|measure=anomaly_continuous,ambiguous:user_ambiguous_019,ambiguous,5.0,anomaly_continuous,0.85
ambiguous:ambigqa_train_-2840611200472199951|alpha=5|measure=anomaly_continuous,ambiguous:ambigqa_train_-2840611200472199951,ambiguous,5.0,anomaly_continuous,0.5
ambiguous:user_ambiguous_029|alpha=5|measure=anomaly_continuous,ambiguous:user_ambiguous_029,ambiguous,5.0,anomaly_continuous,0.25
definite_correct:qb_4948|alpha=5|measure=anomaly_continuous,definite_correct:qb_4948,definite_correct,5.0,anomaly_continuous,0.0
definite_false:dpql_4205|alpha=5|measure=anomaly_continuous,definite_false:dpql_4205,definite_false,5.0,anomaly_continuous,0.25
definite_false:bb_6668|alpha=5|measure=anomaly_continuous,definite_false:bb_6668,definite_false,5.0,anomaly_continuous,0.25
definite_correct:qb_1435|alpha=5|measure=anomaly_continuous,definite_correct:qb_1435,definite_correct,5.0,anomaly_continuous,0.25
definite_false:qb_5694|alpha=5|measure=anomaly_continuous,definite_false:qb_5694,definite_false,5.0,anomaly_continuous,0.25
definite_correct:qz_340|alpha=5|measure=anomaly_continuous,definite_correct:qz_340,definite_correct,5.0,anomaly_continuous,0.25
definite_correct:tc_2317|alpha=5|measure=anomaly_continuous,definite_correct:tc_2317,definite_correct,5.0,anomaly_continuous,0.5
ambiguous:user_ambiguous_078|alpha=5|measure=anomaly_continuous,ambiguous:user_ambiguous_078,ambiguous,5.0,anomaly_continuous,0.85
ambiguous:synthetic_ambiguity_befa9c239cfadb1e|alpha=5|measure=anomaly_continuous,ambiguous:synthetic_ambiguity_befa9c239cfadb1e,ambiguous,5.0,anomaly_continuous,0.5
definite_false:qz_1393|alpha=5|measure=anomaly_continuous,definite_false:qz_1393,definite_false,5.0,anomaly_continuous,0.25
ambiguous:user_ambiguous_063|alpha=5|measure=anomaly_continuous,ambiguous:user_ambiguous_063,ambiguous,5.0,anomaly_continuous,0.25
ambiguous:ambigqa_train_-5746040628732928353|alpha=5|measure=anomaly_continuous,ambiguous:ambigqa_train_-5746040628732928353,ambiguous,5.0,anomaly_continuous,0.25
definite_false:dpql_3261|alpha=5|measure=anomaly_continuous,definite_false:dpql_3261,definite_false,5.0,anomaly_continuous,0.85
definite_false:dpql_3092|alpha=5|measure=anomaly_continuous,definite_false:dpql_3092,definite_false,5.0,anomaly_continuous,0.85
definite_false:qw_4954|alpha=5|measure=anomaly_continuous,definite_false:qw_4954,definite_false,5.0,anomaly_continuous,0.85
ambiguous:user_ambiguous_035|alpha=5|measure=anomaly_continuous,ambiguous:user_ambiguous_035,ambiguous,5.0,anomaly_continuous,0.25
definite_correct:qb_299|alpha=5|measure=anomaly_continuous,definite_correct:qb_299,definite_correct,5.0,anomaly_continuous,0.0
definite_correct:qz_1139|alpha=5|measure=anomaly_continuous,definite_correct:qz_1139,definite_correct,5.0,anomaly_continuous,0.25
definite_correct:qb_10132|alpha=5|measure=anomaly_continuous,definite_correct:qb_10132,definite_correct,5.0,anomaly_continuous,0.0
ambiguous:user_ambiguous_033|alpha=5|measure=anomaly_continuous,ambiguous:user_ambiguous_033,ambiguous,5.0,anomaly_continuous,0.5
definite_false:bb_7609|alpha=5|measure=anomaly_continuous,definite_false:bb_7609,definite_false,5.0,anomaly_continuous,0.85
definite_correct:qb_650|alpha=5|measure=anomaly_continuous,definite_correct:qb_650,definite_correct,5.0,anomaly_continuous,0.25
definite_false:dpql_4319|alpha=15|measure=anomaly_continuous,definite_false:dpql_4319,definite_false,15.0,anomaly_continuous,0.85
ambiguous:user_ambiguous_004|alpha=15|measure=anomaly_continuous,ambiguous:user_ambiguous_004,ambiguous,15.0,anomaly_continuous,0.0
definite_correct:bb_5550|alpha=15|measure=anomaly_continuous,definite_correct:bb_5550,definite_correct,15.0,anomaly_continuous,0.25
definite_correct:qb_1172|alpha=15|measure=anomaly_continuous,definite_correct:qb_1172,definite_correct,15.0,anomaly_continuous,0.0
definite_false:qw_3353|alpha=15|measure=anomaly_continuous,definite_false:qw_3353,definite_false,15.0,anomaly_continuous,0.25
ambiguous:user_ambiguous_050|alpha=15|measure=anomaly_continuous,ambiguous:user_ambiguous_050,ambiguous,15.0,anomaly_continuous,0.5
definite_correct:qw_6782|alpha=15|measure=anomaly_continuous,definite_correct:qw_6782,definite_correct,15.0,anomaly_continuous,0.85
ambiguous:ambigqa_train_6967337893340565499|alpha=15|measure=anomaly_continuous,ambiguous:ambigqa_train_6967337893340565499,ambiguous,15.0,anomaly_continuous,0.0
ambiguous:user_ambiguous_048|alpha=15|measure=anomaly_continuous,ambiguous:user_ambiguous_048,ambiguous,15.0,anomaly_continuous,0.25
ambiguous:user_ambiguous_025|alpha=15|measure=anomaly_continuous,ambiguous:user_ambiguous_025,ambiguous,15.0,anomaly_continuous,0.5
ambiguous:user_ambiguous_060|alpha=15|measure=anomaly_continuous,ambiguous:user_ambiguous_060,ambiguous,15.0,anomaly_continuous,0.25
definite_correct:dpql_6083|alpha=15|measure=anomaly_continuous,definite_correct:dpql_6083,definite_correct,15.0,anomaly_continuous,0.25
definite_false:qw_3732|alpha=15|measure=anomaly_continuous,definite_false:qw_3732,definite_false,15.0,anomaly_continuous,0.0
ambiguous:user_ambiguous_059|alpha=15|measure=anomaly_continuous,ambiguous:user_ambiguous_059,ambiguous,15.0,anomaly_continuous,0.25
definite_false:qb_2329|alpha=15|measure=anomaly_continuous,definite_false:qb_2329,definite_false,15.0,anomaly_continuous,0.25
ambiguous:ambigqa_train_8480092557592561766|alpha=15|measure=anomaly_continuous,ambiguous:ambigqa_train_8480092557592561766,ambiguous,15.0,anomaly_continuous,0.85
definite_false:bb_8893|alpha=15|measure=anomaly_continuous,definite_false:bb_8893,definite_false,15.0,anomaly_continuous,0.85
definite_false:qb_4987|alpha=15|measure=anomaly_continuous,definite_false:qb_4987,definite_false,15.0,anomaly_continuous,0.25
ambiguous:ambigqa_train_-5746040628732928353|alpha=15|measure=anomaly_continuous,ambiguous:ambigqa_train_-5746040628732928353,ambiguous,15.0,anomaly_continuous,0.25
definite_correct:qw_243|alpha=15|measure=anomaly_continuous,definite_correct:qw_243,definite_correct,15.0,anomaly_continuous,0.25
definite_correct:qb_10132|alpha=15|measure=anomaly_continuous,definite_correct:qb_10132,definite_correct,15.0,anomaly_continuous,0.0
definite_false:qb_2928|alpha=15|measure=anomaly_continuous,definite_false:qb_2928,definite_false,15.0,anomaly_continuous,0.85
definite_correct:qw_1211|alpha=15|measure=anomaly_continuous,definite_correct:qw_1211,definite_correct,15.0,anomaly_continuous,0.85
ambiguous:user_ambiguous_015|alpha=15|measure=anomaly_continuous,ambiguous:user_ambiguous_015,ambiguous,15.0,anomaly_continuous,0.85
definite_false:bb_596|alpha=15|measure=anomaly_continuous,definite_false:bb_596,definite_false,15.0,anomaly_continuous,0.85
definite_false:dpql_3319|alpha=15|measure=anomaly_continuous,definite_false:dpql_3319,definite_false,15.0,anomaly_continuous,0.25
definite_correct:qb_34|alpha=15|measure=anomaly_continuous,definite_correct:qb_34,definite_correct,15.0,anomaly_continuous,0.0
definite_false:qw_5896|alpha=15|measure=anomaly_continuous,definite_false:qw_5896,definite_false,15.0,anomaly_continuous,0.5
definite_false:dpql_5545|alpha=15|measure=anomaly_continuous,definite_false:dpql_5545,definite_false,15.0,anomaly_continuous,0.25
ambiguous:user_ambiguous_020|alpha=15|measure=anomaly_continuous,ambiguous:user_ambiguous_020,ambiguous,15.0,anomaly_continuous,0.25
ambiguous:user_ambiguous_038|alpha=15|measure=anomaly_continuous,ambiguous:user_ambiguous_038,ambiguous,15.0,anomaly_continuous,0.85
definite_correct:qw_393|alpha=15|measure=anomaly_continuous,definite_correct:qw_393,definite_correct,15.0,anomaly_continuous,0.0
definite_false:tc_3016|alpha=15|measure=anomaly_continuous,definite_false:tc_3016,definite_false,15.0,anomaly_continuous,0.25
definite_correct:bb_5566|alpha=15|measure=anomaly_continuous,definite_correct:bb_5566,definite_correct,15.0,anomaly_continuous,0.25
definite_false:qb_4397|alpha=15|measure=anomaly_continuous,definite_false:qb_4397,definite_false,15.0,anomaly_continuous,0.85
definite_false:qb_355|alpha=15|measure=anomaly_continuous,definite_false:qb_355,definite_false,15.0,anomaly_continuous,0.0
ambiguous:synthetic_ambiguity_39e9eaa2e03e1780|alpha=15|measure=anomaly_continuous,ambiguous:synthetic_ambiguity_39e9eaa2e03e1780,ambiguous,15.0,anomaly_continuous,0.25
definite_false:qb_5694|alpha=15|measure=anomaly_continuous,definite_false:qb_5694,definite_false,15.0,anomaly_continuous,0.25
definite_correct:bb_121|alpha=15|measure=anomaly_continuous,definite_correct:bb_121,definite_correct,15.0,anomaly_continuous,0.0
definite_correct:bb_810|alpha=15|measure=anomaly_continuous,definite_correct:bb_810,definite_correct,15.0,anomaly_continuous,0.0
definite_correct:dpql_3447|alpha=15|measure=anomaly_continuous,definite_correct:dpql_3447,definite_correct,15.0,anomaly_continuous,0.25
definite_false:dpql_3827|alpha=15|measure=anomaly_continuous,definite_false:dpql_3827,definite_false,15.0,anomaly_continuous,0.25
definite_correct:wh_1933|alpha=15|measure=anomaly_continuous,definite_correct:wh_1933,definite_correct,15.0,anomaly_continuous,0.0
ambiguous:user_ambiguous_088|alpha=15|measure=anomaly_continuous,ambiguous:user_ambiguous_088,ambiguous,15.0,anomaly_continuous,0.85
ambiguous:ambigqa_train_6622540978806844416|alpha=15|measure=anomaly_continuous,ambiguous:ambigqa_train_6622540978806844416,ambiguous,15.0,anomaly_continuous,0.5
definite_false:qb_3296|alpha=15|measure=anomaly_continuous,definite_false:qb_3296,definite_false,15.0,anomaly_continuous,0.25
definite_false:bb_5849|alpha=15|measure=anomaly_continuous,definite_false:bb_5849,definite_false,15.0,anomaly_continuous,0.85
definite_false:dpql_4977|alpha=15|measure=anomaly_continuous,definite_false:dpql_4977,definite_false,15.0,anomaly_continuous,0.25
definite_false:dpql_5115|alpha=15|measure=anomaly_continuous,definite_false:dpql_5115,definite_false,15.0,anomaly_continuous,0.0
definite_false:bb_5317|alpha=15|measure=anomaly_continuous,definite_false:bb_5317,definite_false,15.0,anomaly_continuous,0.25
definite_correct:qz_3927|alpha=15|measure=anomaly_continuous,definite_correct:qz_3927,definite_correct,15.0,anomaly_continuous,0.0
definite_correct:wh_1303|alpha=15|measure=anomaly_continuous,definite_correct:wh_1303,definite_correct,15.0,anomaly_continuous,0.0
definite_false:qw_5610|alpha=15|measure=anomaly_continuous,definite_false:qw_5610,definite_false,15.0,anomaly_continuous,0.0
definite_false:qb_3225|alpha=15|measure=anomaly_continuous,definite_false:qb_3225,definite_false,15.0,anomaly_continuous,0.25
definite_false:dpql_3261|alpha=15|measure=anomaly_continuous,definite_false:dpql_3261,definite_false,15.0,anomaly_continuous,0.85
definite_correct:dpql_5223|alpha=15|measure=anomaly_continuous,definite_correct:dpql_5223,definite_correct,15.0,anomaly_continuous,0.0
ambiguous:ambigqa_dev_-1684587227477882737|alpha=15|measure=anomaly_continuous,ambiguous:ambigqa_dev_-1684587227477882737,ambiguous,15.0,anomaly_continuous,0.25
definite_false:tc_349|alpha=15|measure=anomaly_continuous,definite_false:tc_349,definite_false,15.0,anomaly_continuous,0.85
definite_correct:qb_4415|alpha=15|measure=anomaly_continuous,definite_correct:qb_4415,definite_correct,15.0,anomaly_continuous,0.0
definite_false:wh_3277|alpha=15|measure=anomaly_continuous,definite_false:wh_3277,definite_false,15.0,anomaly_continuous,0.25
ambiguous:ambigqa_dev_-2928173928559810904|alpha=15|measure=anomaly_continuous,ambiguous:ambigqa_dev_-2928173928559810904,ambiguous,15.0,anomaly_continuous,0.25
definite_false:dpql_2259|alpha=15|measure=anomaly_continuous,definite_false:dpql_2259,definite_false,15.0,anomaly_continuous,0.85
definite_correct:qw_859|alpha=15|measure=anomaly_continuous,definite_correct:qw_859,definite_correct,15.0,anomaly_continuous,0.0
ambiguous:user_ambiguous_036|alpha=15|measure=anomaly_continuous,ambiguous:user_ambiguous_036,ambiguous,15.0,anomaly_continuous,0.25
ambiguous:user_ambiguous_032|alpha=15|measure=anomaly_continuous,ambiguous:user_ambiguous_032,ambiguous,15.0,anomaly_continuous,0.85
ambiguous:user_ambiguous_043|alpha=15|measure=anomaly_continuous,ambiguous:user_ambiguous_043,ambiguous,15.0,anomaly_continuous,0.25
definite_correct:bb_5094|alpha=15|measure=anomaly_continuous,definite_correct:bb_5094,definite_correct,15.0,anomaly_continuous,0.85
ambiguous:synthetic_ambiguity_d830565486f2d0b0|alpha=15|measure=anomaly_continuous,ambiguous:synthetic_ambiguity_d830565486f2d0b0,ambiguous,15.0,anomaly_continuous,0.5
definite_false:qw_3582|alpha=15|measure=anomaly_continuous,definite_false:qw_3582,definite_false,15.0,anomaly_continuous,0.25
ambiguous:ambigqa_train_-4829972042995259834|alpha=15|measure=anomaly_continuous,ambiguous:ambigqa_train_-4829972042995259834,ambiguous,15.0,anomaly_continuous,0.25
definite_correct:wh_4358|alpha=15|measure=anomaly_continuous,definite_correct:wh_4358,definite_correct,15.0,anomaly_continuous,0.5
ambiguous:user_ambiguous_034|alpha=15|measure=anomaly_continuous,ambiguous:user_ambiguous_034,ambiguous,15.0,anomaly_continuous,0.25
definite_false:qw_2399|alpha=15|measure=anomaly_continuous,definite_false:qw_2399,definite_false,15.0,anomaly_continuous,0.25
definite_correct:bb_1135|alpha=15|measure=anomaly_continuous,definite_correct:bb_1135,definite_correct,15.0,anomaly_continuous,0.25
definite_correct:qb_5063|alpha=15|measure=anomaly_continuous,definite_correct:qb_5063,definite_correct,15.0,anomaly_continuous,0.25
definite_correct:qw_4882|alpha=15|measure=anomaly_continuous,definite_correct:qw_4882,definite_correct,15.0,anomaly_continuous,0.25
ambiguous:ambigqa_train_-4861369907584367396|alpha=15|measure=anomaly_continuous,ambiguous:ambigqa_train_-4861369907584367396,ambiguous,15.0,anomaly_continuous,0.25
ambiguous:user_ambiguous_029|alpha=15|measure=anomaly_continuous,ambiguous:user_ambiguous_029,ambiguous,15.0,anomaly_continuous,0.5
definite_false:qw_4954|alpha=15|measure=anomaly_continuous,definite_false:qw_4954,definite_false,15.0,anomaly_continuous,0.25
definite_false:dpql_2396|alpha=15|measure=anomaly_continuous,definite_false:dpql_2396,definite_false,15.0,anomaly_continuous,0.85
definite_correct:qb_3516|alpha=15|measure=anomaly_continuous,definite_correct:qb_3516,definite_correct,15.0,anomaly_continuous,0.0
definite_correct:tc_1284|alpha=15|measure=anomaly_continuous,definite_correct:tc_1284,definite_correct,15.0,anomaly_continuous,0.0
definite_correct:tc_954|alpha=15|measure=anomaly_continuous,definite_correct:tc_954,definite_correct,15.0,anomaly_continuous,0.0
ambiguous:user_ambiguous_064|alpha=15|measure=anomaly_continuous,ambiguous:user_ambiguous_064,ambiguous,15.0,anomaly_continuous,0.25
definite_false:bb_4587|alpha=15|measure=anomaly_continuous,definite_false:bb_4587,definite_false,15.0,anomaly_continuous,0.25
definite_correct:wh_453|alpha=15|measure=anomaly_continuous,definite_correct:wh_453,definite_correct,15.0,anomaly_continuous,0.25
ambiguous:ambigqa_dev_2248395039731877618|alpha=15|measure=anomaly_continuous,ambiguous:ambigqa_dev_2248395039731877618,ambiguous,15.0,anomaly_continuous,0.25
definite_correct:dpql_3467|alpha=15|measure=anomaly_continuous,definite_correct:dpql_3467,definite_correct,15.0,anomaly_continuous,0.25
definite_false:wh_252|alpha=15|measure=anomaly_continuous,definite_false:wh_252,definite_false,15.0,anomaly_continuous,0.35
ambiguous:user_ambiguous_018|alpha=15|measure=anomaly_continuous,ambiguous:user_ambiguous_018,ambiguous,15.0,anomaly_continuous,0.25
ambiguous:user_ambiguous_035|alpha=15|measure=anomaly_continuous,ambiguous:user_ambiguous_035,ambiguous,15.0,anomaly_continuous,0.25
ambiguous:synthetic_ambiguity_7462141d7ff09177|alpha=15|measure=anomaly_continuous,ambiguous:synthetic_ambiguity_7462141d7ff09177,ambiguous,15.0,anomaly_continuous,0.25
ambiguous:user_ambiguous_079|alpha=15|measure=anomaly_continuous,ambiguous:user_ambiguous_079,ambiguous,15.0,anomaly_continuous,0.5
definite_correct:wh_4041|alpha=15|measure=anomaly_continuous,definite_correct:wh_4041,definite_correct,15.0,anomaly_continuous,0.25
definite_false:bb_4519|alpha=15|measure=anomaly_continuous,definite_false:bb_4519,definite_false,15.0,anomaly_continuous,0.85
definite_false:tc_1535|alpha=15|measure=anomaly_continuous,definite_false:tc_1535,definite_false,15.0,anomaly_continuous,0.25
definite_correct:qw_4190|alpha=15|measure=anomaly_continuous,definite_correct:qw_4190,definite_correct,15.0,anomaly_continuous,0.25
ambiguous:user_ambiguous_046|alpha=15|measure=anomaly_continuous,ambiguous:user_ambiguous_046,ambiguous,15.0,anomaly_continuous,0.25
definite_correct:bb_6024|alpha=15|measure=anomaly_continuous,definite_correct:bb_6024,definite_correct,15.0,anomaly_continuous,0.85
definite_correct:qb_650|alpha=15|measure=anomaly_continuous,definite_correct:qb_650,definite_correct,15.0,anomaly_continuous,0.25
definite_correct:qb_8861|alpha=15|measure=anomaly_continuous,definite_correct:qb_8861,definite_correct,15.0,anomaly_continuous,0.0
definite_false:dpql_4754|alpha=15|measure=anomaly_continuous,definite_false:dpql_4754,definite_false,15.0,anomaly_continuous,0.25
definite_false:qz_1393|alpha=15|measure=anomaly_continuous,definite_false:qz_1393,definite_false,15.0,anomaly_continuous,0.25
ambiguous:ambigqa_train_-2840611200472199951|alpha=15|measure=anomaly_continuous,ambiguous:ambigqa_train_-2840611200472199951,ambiguous,15.0,anomaly_continuous,0.0
definite_false:wh_527|alpha=15|measure=anomaly_continuous,definite_false:wh_527,definite_false,15.0,anomaly_continuous,0.85
definite_correct:qw_2634|alpha=15|measure=anomaly_continuous,definite_correct:qw_2634,definite_correct,15.0,anomaly_continuous,0.0
definite_correct:qb_2151|alpha=15|measure=anomaly_continuous,definite_correct:qb_2151,definite_correct,15.0,anomaly_continuous,0.0
definite_correct:dpql_2276|alpha=15|measure=anomaly_continuous,definite_correct:dpql_2276,definite_correct,15.0,anomaly_continuous,0.0
definite_correct:qz_5801|alpha=15|measure=anomaly_continuous,definite_correct:qz_5801,definite_correct,15.0,anomaly_continuous,0.25
definite_correct:bb_6117|alpha=15|measure=anomaly_continuous,definite_correct:bb_6117,definite_correct,15.0,anomaly_continuous,0.0
ambiguous:user_ambiguous_031|alpha=15|measure=anomaly_continuous,ambiguous:user_ambiguous_031,ambiguous,15.0,anomaly_continuous,0.5
definite_false:qb_3624|alpha=15|measure=anomaly_continuous,definite_false:qb_3624,definite_false,15.0,anomaly_continuous,0.85
ambiguous:user_ambiguous_092|alpha=15|measure=anomaly_continuous,ambiguous:user_ambiguous_092,ambiguous,15.0,anomaly_continuous,0.5
ambiguous:user_ambiguous_008|alpha=15|measure=anomaly_continuous,ambiguous:user_ambiguous_008,ambiguous,15.0,anomaly_continuous,0.0
definite_false:bb_77|alpha=15|measure=anomaly_continuous,definite_false:bb_77,definite_false,15.0,anomaly_continuous,0.25
definite_correct:wh_3778|alpha=15|measure=anomaly_continuous,definite_correct:wh_3778,definite_correct,15.0,anomaly_continuous,0.5
ambiguous:user_ambiguous_005|alpha=15|measure=anomaly_continuous,ambiguous:user_ambiguous_005,ambiguous,15.0,anomaly_continuous,0.0
definite_correct:qb_4948|alpha=15|measure=anomaly_continuous,definite_correct:qb_4948,definite_correct,15.0,anomaly_continuous,0.0
definite_correct:dpql_5846|alpha=15|measure=anomaly_continuous,definite_correct:dpql_5846,definite_correct,15.0,anomaly_continuous,0.25
definite_false:tc_2556|alpha=15|measure=anomaly_continuous,definite_false:tc_2556,definite_false,15.0,anomaly_continuous,0.25
definite_false:dpql_1059|alpha=15|measure=anomaly_continuous,definite_false:dpql_1059,definite_false,15.0,anomaly_continuous,0.5
definite_correct:qb_9452|alpha=15|measure=anomaly_continuous,definite_correct:qb_9452,definite_correct,15.0,anomaly_continuous,0.0
definite_false:qz_3440|alpha=15|measure=anomaly_continuous,definite_false:qz_3440,definite_false,15.0,anomaly_continuous,0.0
definite_correct:qz_1139|alpha=15|measure=anomaly_continuous,definite_correct:qz_1139,definite_correct,15.0,anomaly_continuous,0.25
ambiguous:user_ambiguous_066|alpha=15|measure=anomaly_continuous,ambiguous:user_ambiguous_066,ambiguous,15.0,anomaly_continuous,0.25
definite_correct:qw_1421|alpha=15|measure=anomaly_continuous,definite_correct:qw_1421,definite_correct,15.0,anomaly_continuous,0.0
ambiguous:user_ambiguous_027|alpha=15|measure=anomaly_continuous,ambiguous:user_ambiguous_027,ambiguous,15.0,anomaly_continuous,0.25
ambiguous:user_ambiguous_054|alpha=15|measure=anomaly_continuous,ambiguous:user_ambiguous_054,ambiguous,15.0,anomaly_continuous,0.25
definite_correct:bb_7263|alpha=15|measure=anomaly_continuous,definite_correct:bb_7263,definite_correct,15.0,anomaly_continuous,0.3
definite_false:bb_6668|alpha=15|measure=anomaly_continuous,definite_false:bb_6668,definite_false,15.0,anomaly_continuous,0.25
definite_correct:qb_3684|alpha=15|measure=anomaly_continuous,definite_correct:qb_3684,definite_correct,15.0,anomaly_continuous,0.0
definite_false:dpql_4205|alpha=15|measure=anomaly_continuous,definite_false:dpql_4205,definite_false,15.0,anomaly_continuous,0.25
ambiguous:user_ambiguous_026|alpha=15|measure=anomaly_continuous,ambiguous:user_ambiguous_026,ambiguous,15.0,anomaly_continuous,0.25
ambiguous:user_ambiguous_091|alpha=15|measure=anomaly_continuous,ambiguous:user_ambiguous_091,ambiguous,15.0,anomaly_continuous,0.0
definite_correct:bb_9251|alpha=15|measure=anomaly_continuous,definite_correct:bb_9251,definite_correct,15.0,anomaly_continuous,0.0
definite_false:tc_2506|alpha=15|measure=anomaly_continuous,definite_false:tc_2506,definite_false,15.0,anomaly_continuous,0.0
definite_correct:qw_132|alpha=15|measure=anomaly_continuous,definite_correct:qw_132,definite_correct,15.0,anomaly_continuous,0.25
definite_correct:qb_299|alpha=15|measure=anomaly_continuous,definite_correct:qb_299,definite_correct,15.0,anomaly_continuous,0.0
definite_false:qb_3987|alpha=15|measure=anomaly_continuous,definite_false:qb_3987,definite_false,15.0,anomaly_continuous,0.25
definite_false:bb_2616|alpha=15|measure=anomaly_continuous,definite_false:bb_2616,definite_false,15.0,anomaly_continuous,0.85
definite_false:bb_4598|alpha=15|measure=anomaly_continuous,definite_false:bb_4598,definite_false,15.0,anomaly_continuous,0.85
ambiguous:user_ambiguous_045|alpha=15|measure=anomaly_continuous,ambiguous:user_ambiguous_045,ambiguous,15.0,anomaly_continuous,0.25
definite_correct:tc_2317|alpha=15|measure=anomaly_continuous,definite_correct:tc_2317,definite_correct,15.0,anomaly_continuous,0.5
definite_false:tc_2728|alpha=15|measure=anomaly_continuous,definite_false:tc_2728,definite_false,15.0,anomaly_continuous,0.25
ambiguous:user_ambiguous_041|alpha=15|measure=anomaly_continuous,ambiguous:user_ambiguous_041,ambiguous,15.0,anomaly_continuous,0.25
definite_false:bb_3805|alpha=15|measure=anomaly_continuous,definite_false:bb_3805,definite_false,15.0,anomaly_continuous,0.35
ambiguous:user_ambiguous_069|alpha=15|measure=anomaly_continuous,ambiguous:user_ambiguous_069,ambiguous,15.0,anomaly_continuous,1.0
definite_false:tc_3120|alpha=15|measure=anomaly_continuous,definite_false:tc_3120,definite_false,15.0,anomaly_continuous,0.25
definite_false:qb_3869|alpha=15|measure=anomaly_continuous,definite_false:qb_3869,definite_false,15.0,anomaly_continuous,0.85
definite_false:qb_936|alpha=15|measure=anomaly_continuous,definite_false:qb_936,definite_false,15.0,anomaly_continuous,0.25
definite_correct:wh_51|alpha=15|measure=anomaly_continuous,definite_correct:wh_51,definite_correct,15.0,anomaly_continuous,0.85
ambiguous:synthetic_ambiguity_0fb6efbc1bf0ec38|alpha=15|measure=anomaly_continuous,ambiguous:synthetic_ambiguity_0fb6efbc1bf0ec38,ambiguous,15.0,anomaly_continuous,0.25
definite_correct:qw_1068|alpha=15|measure=anomaly_continuous,definite_correct:qw_1068,definite_correct,15.0,anomaly_continuous,0.0
definite_false:bb_5659|alpha=15|measure=anomaly_continuous,definite_false:bb_5659,definite_false,15.0,anomaly_continuous,0.85
definite_correct:bb_500|alpha=15|measure=anomaly_continuous,definite_correct:bb_500,definite_correct,15.0,anomaly_continuous,0.25
ambiguous:ambigqa_train_4887157859291163116|alpha=15|measure=anomaly_continuous,ambiguous:ambigqa_train_4887157859291163116,ambiguous,15.0,anomaly_continuous,0.25
ambiguous:ambigqa_dev_-9219689808672072116|alpha=15|measure=anomaly_continuous,ambiguous:ambigqa_dev_-9219689808672072116,ambiguous,15.0,anomaly_continuous,0.0
ambiguous:synthetic_ambiguity_c51d6353acd62fc1|alpha=15|measure=anomaly_continuous,ambiguous:synthetic_ambiguity_c51d6353acd62fc1,ambiguous,15.0,anomaly_continuous,0.5
ambiguous:synthetic_ambiguity_befa9c239cfadb1e|alpha=15|measure=anomaly_continuous,ambiguous:synthetic_ambiguity_befa9c239cfadb1e,ambiguous,15.0,anomaly_continuous,0.5
definite_correct:qw_1253|alpha=15|measure=anomaly_continuous,definite_correct:qw_1253,definite_correct,15.0,anomaly_continuous,0.85
ambiguous:user_ambiguous_100|alpha=15|measure=anomaly_continuous,ambiguous:user_ambiguous_100,ambiguous,15.0,anomaly_continuous,0.0
definite_correct:bb_8732|alpha=15|measure=anomaly_continuous,definite_correct:bb_8732,definite_correct,15.0,anomaly_continuous,0.25
definite_correct:qb_8036|alpha=15|measure=anomaly_continuous,definite_correct:qb_8036,definite_correct,15.0,anomaly_continuous,0.25
definite_false:wh_1706|alpha=15|measure=anomaly_continuous,definite_false:wh_1706,definite_false,15.0,anomaly_continuous,0.3
ambiguous:user_ambiguous_056|alpha=15|measure=anomaly_continuous,ambiguous:user_ambiguous_056,ambiguous,15.0,anomaly_continuous,0.85
ambiguous:user_ambiguous_071|alpha=15|measure=anomaly_continuous,ambiguous:user_ambiguous_071,ambiguous,15.0,anomaly_continuous,0.5
definite_correct:bb_6465|alpha=15|measure=anomaly_continuous,definite_correct:bb_6465,definite_correct,15.0,anomaly_continuous,0.25
definite_false:bb_1220|alpha=15|measure=anomaly_continuous,definite_false:bb_1220,definite_false,15.0,anomaly_continuous,0.95
ambiguous:user_ambiguous_075|alpha=15|measure=anomaly_continuous,ambiguous:user_ambiguous_075,ambiguous,15.0,anomaly_continuous,0.5
definite_false:qb_2899|alpha=15|measure=anomaly_continuous,definite_false:qb_2899,definite_false,15.0,anomaly_continuous,0.25
ambiguous:ambigqa_train_8846306718324708097|alpha=15|measure=anomaly_continuous,ambiguous:ambigqa_train_8846306718324708097,ambiguous,15.0,anomaly_continuous,0.25
ambiguous:synthetic_ambiguity_eccd45548d369037|alpha=15|measure=anomaly_continuous,ambiguous:synthetic_ambiguity_eccd45548d369037,ambiguous,15.0,anomaly_continuous,0.25
ambiguous:user_ambiguous_055|alpha=15|measure=anomaly_continuous,ambiguous:user_ambiguous_055,ambiguous,15.0,anomaly_continuous,0.25
definite_false:dpql_384|alpha=15|measure=anomaly_continuous,definite_false:dpql_384,definite_false,15.0,anomaly_continuous,0.25
definite_correct:qb_3365|alpha=15|measure=anomaly_continuous,definite_correct:qb_3365,definite_correct,15.0,anomaly_continuous,0.25
definite_correct:qb_4336|alpha=15|measure=anomaly_continuous,definite_correct:qb_4336,definite_correct,15.0,anomaly_continuous,0.0
definite_false:qw_5298|alpha=15|measure=anomaly_continuous,definite_false:qw_5298,definite_false,15.0,anomaly_continuous,0.25
definite_correct:qb_2589|alpha=15|measure=anomaly_continuous,definite_correct:qb_2589,definite_correct,15.0,anomaly_continuous,0.25
definite_false:qb_2370|alpha=15|measure=anomaly_continuous,definite_false:qb_2370,definite_false,15.0,anomaly_continuous,0.25
ambiguous:user_ambiguous_094|alpha=15|measure=anomaly_continuous,ambiguous:user_ambiguous_094,ambiguous,15.0,anomaly_continuous,0.5
ambiguous:user_ambiguous_024|alpha=15|measure=anomaly_continuous,ambiguous:user_ambiguous_024,ambiguous,15.0,anomaly_continuous,0.25
definite_correct:tc_1323|alpha=15|measure=anomaly_continuous,definite_correct:tc_1323,definite_correct,15.0,anomaly_continuous,0.0
definite_false:bb_8205|alpha=15|measure=anomaly_continuous,definite_false:bb_8205,definite_false,15.0,anomaly_continuous,0.25
definite_false:tc_2257|alpha=15|measure=anomaly_continuous,definite_false:tc_2257,definite_false,15.0,anomaly_continuous,0.85
definite_false:qb_6250|alpha=15|measure=anomaly_continuous,definite_false:qb_6250,definite_false,15.0,anomaly_continuous,0.0
ambiguous:user_ambiguous_017|alpha=15|measure=anomaly_continuous,ambiguous:user_ambiguous_017,ambiguous,15.0,anomaly_continuous,0.0
ambiguous:ambigqa_train_3267103377301376828|alpha=15|measure=anomaly_continuous,ambiguous:ambigqa_train_3267103377301376828,ambiguous,15.0,anomaly_continuous,0.25
definite_false:dpql_151|alpha=15|measure=anomaly_continuous,definite_false:dpql_151,definite_false,15.0,anomaly_continuous,0.25
ambiguous:ambigqa_train_-282133277527244056|alpha=15|measure=anomaly_continuous,ambiguous:ambigqa_train_-282133277527244056,ambiguous,15.0,anomaly_continuous,0.5
ambiguous:user_ambiguous_078|alpha=15|measure=anomaly_continuous,ambiguous:user_ambiguous_078,ambiguous,15.0,anomaly_continuous,0.85
definite_correct:bb_1467|alpha=15|measure=anomaly_continuous,definite_correct:bb_1467,definite_correct,15.0,anomaly_continuous,0.0
ambiguous:ambigqa_train_389267376370423320|alpha=15|measure=anomaly_continuous,ambiguous:ambigqa_train_389267376370423320,ambiguous,15.0,anomaly_continuous,0.25
definite_correct:bb_9184|alpha=15|measure=anomaly_continuous,definite_correct:bb_9184,definite_correct,15.0,anomaly_continuous,0.35
definite_false:dpql_753|alpha=15|measure=anomaly_continuous,definite_false:dpql_753,definite_false,15.0,anomaly_continuous,0.25
definite_correct:dpql_2538|alpha=15|measure=anomaly_continuous,definite_correct:dpql_2538,definite_correct,15.0,anomaly_continuous,0.25
definite_false:bb_6487|alpha=15|measure=anomaly_continuous,definite_false:bb_6487,definite_false,15.0,anomaly_continuous,0.25
ambiguous:ambigqa_train_-5327098669371634148|alpha=15|measure=anomaly_continuous,ambiguous:ambigqa_train_-5327098669371634148,ambiguous,15.0,anomaly_continuous,0.25
definite_correct:qb_2932|alpha=15|measure=anomaly_continuous,definite_correct:qb_2932,definite_correct,15.0,anomaly_continuous,0.0
ambiguous:user_ambiguous_012|alpha=15|measure=anomaly_continuous,ambiguous:user_ambiguous_012,ambiguous,15.0,anomaly_continuous,0.25
definite_correct:qb_6086|alpha=15|measure=anomaly_continuous,definite_correct:qb_6086,definite_correct,15.0,anomaly_continuous,0.0
definite_false:tc_540|alpha=15|measure=anomaly_continuous,definite_false:tc_540,definite_false,15.0,anomaly_continuous,0.85
definite_false:qb_919|alpha=15|measure=anomaly_continuous,definite_false:qb_919,definite_false,15.0,anomaly_continuous,0.25
ambiguous:user_ambiguous_090|alpha=15|measure=anomaly_continuous,ambiguous:user_ambiguous_090,ambiguous,15.0,anomaly_continuous,0.85
definite_false:qb_525|alpha=15|measure=anomaly_continuous,definite_false:qb_525,definite_false,15.0,anomaly_continuous,0.25
definite_false:qw_3161|alpha=15|measure=anomaly_continuous,definite_false:qw_3161,definite_false,15.0,anomaly_continuous,0.25
definite_false:bb_981|alpha=15|measure=anomaly_continuous,definite_false:bb_981,definite_false,15.0,anomaly_continuous,0.35
definite_false:qw_4953|alpha=15|measure=anomaly_continuous,definite_false:qw_4953,definite_false,15.0,anomaly_continuous,0.85
definite_correct:qz_340|alpha=15|measure=anomaly_continuous,definite_correct:qz_340,definite_correct,15.0,anomaly_continuous,0.25
definite_false:tc_2359|alpha=15|measure=anomaly_continuous,definite_false:tc_2359,definite_false,15.0,anomaly_continuous,0.25
ambiguous:synthetic_ambiguity_db564851e7629ffa|alpha=15|measure=anomaly_continuous,ambiguous:synthetic_ambiguity_db564851e7629ffa,ambiguous,15.0,anomaly_continuous,0.25
definite_correct:qw_45|alpha=15|measure=anomaly_continuous,definite_correct:qw_45,definite_correct,15.0,anomaly_continuous,0.0
ambiguous:user_ambiguous_039|alpha=15|measure=anomaly_continuous,ambiguous:user_ambiguous_039,ambiguous,15.0,anomaly_continuous,0.25
ambiguous:ambigqa_train_-4847378126974715981|alpha=15|measure=anomaly_continuous,ambiguous:ambigqa_train_-4847378126974715981,ambiguous,15.0,anomaly_continuous,0.25
ambiguous:ambigqa_train_-6615422287569447999|alpha=15|measure=anomaly_continuous,ambiguous:ambigqa_train_-6615422287569447999,ambiguous,15.0,anomaly_continuous,0.25
ambiguous:user_ambiguous_049|alpha=15|measure=anomaly_continuous,ambiguous:user_ambiguous_049,ambiguous,15.0,anomaly_continuous,0.5
ambiguous:user_ambiguous_073|alpha=15|measure=anomaly_continuous,ambiguous:user_ambiguous_073,ambiguous,15.0,anomaly_continuous,0.5
definite_false:qb_1556|alpha=15|measure=anomaly_continuous,definite_false:qb_1556,definite_false,15.0,anomaly_continuous,0.85
ambiguous:ambigqa_train_4701094121253884727|alpha=15|measure=anomaly_continuous,ambiguous:ambigqa_train_4701094121253884727,ambiguous,15.0,anomaly_continuous,0.25
ambiguous:user_ambiguous_082|alpha=15|measure=anomaly_continuous,ambiguous:user_ambiguous_082,ambiguous,15.0,anomaly_continuous,0.5
definite_false:dpql_4053|alpha=15|measure=anomaly_continuous,definite_false:dpql_4053,definite_false,15.0,anomaly_continuous,0.3
definite_correct:qb_2497|alpha=15|measure=anomaly_continuous,definite_correct:qb_2497,definite_correct,15.0,anomaly_continuous,0.0
ambiguous:user_ambiguous_062|alpha=15|measure=anomaly_continuous,ambiguous:user_ambiguous_062,ambiguous,15.0,anomaly_continuous,0.5
definite_correct:qb_8074|alpha=15|measure=anomaly_continuous,definite_correct:qb_8074,definite_correct,15.0,anomaly_continuous,0.85
ambiguous:user_ambiguous_081|alpha=15|measure=anomaly_continuous,ambiguous:user_ambiguous_081,ambiguous,15.0,anomaly_continuous,0.0
ambiguous:user_ambiguous_061|alpha=15|measure=anomaly_continuous,ambiguous:user_ambiguous_061,ambiguous,15.0,anomaly_continuous,0.25
definite_false:bb_2489|alpha=15|measure=anomaly_continuous,definite_false:bb_2489,definite_false,15.0,anomaly_continuous,0.25
ambiguous:synthetic_ambiguity_77277aded01ef92e|alpha=15|measure=anomaly_continuous,ambiguous:synthetic_ambiguity_77277aded01ef92e,ambiguous,15.0,anomaly_continuous,0.0
definite_false:bb_968|alpha=15|measure=anomaly_continuous,definite_false:bb_968,definite_false,15.0,anomaly_continuous,0.35
definite_false:bb_8112|alpha=15|measure=anomaly_continuous,definite_false:bb_8112,definite_false,15.0,anomaly_continuous,0.25
ambiguous:user_ambiguous_001|alpha=15|measure=anomaly_continuous,ambiguous:user_ambiguous_001,ambiguous,15.0,anomaly_continuous,0.85
definite_correct:qb_7271|alpha=15|measure=anomaly_continuous,definite_correct:qb_7271,definite_correct,15.0,anomaly_continuous,0.0
definite_correct:dpql_6346|alpha=15|measure=anomaly_continuous,definite_correct:dpql_6346,definite_correct,15.0,anomaly_continuous,0.25
ambiguous:user_ambiguous_089|alpha=15|measure=anomaly_continuous,ambiguous:user_ambiguous_089,ambiguous,15.0,anomaly_continuous,0.25
definite_correct:dpql_633|alpha=15|measure=anomaly_continuous,definite_correct:dpql_633,definite_correct,15.0,anomaly_continuous,0.85
definite_correct:qb_916|alpha=15|measure=anomaly_continuous,definite_correct:qb_916,definite_correct,15.0,anomaly_continuous,0.25
definite_false:qb_2901|alpha=15|measure=anomaly_continuous,definite_false:qb_2901,definite_false,15.0,anomaly_continuous,0.25
definite_correct:qb_7921|alpha=15|measure=anomaly_continuous,definite_correct:qb_7921,definite_correct,15.0,anomaly_continuous,0.0
definite_false:qw_1298|alpha=15|measure=anomaly_continuous,definite_false:qw_1298,definite_false,15.0,anomaly_continuous,0.85
ambiguous:user_ambiguous_070|alpha=15|measure=anomaly_continuous,ambiguous:user_ambiguous_070,ambiguous,15.0,anomaly_continuous,0.85
ambiguous:user_ambiguous_063|alpha=15|measure=anomaly_continuous,ambiguous:user_ambiguous_063,ambiguous,15.0,anomaly_continuous,0.25
definite_false:qb_4446|alpha=15|measure=anomaly_continuous,definite_false:qb_4446,definite_false,15.0,anomaly_continuous,0.25
ambiguous:ambigqa_train_-4290930682953750669|alpha=15|measure=anomaly_continuous,ambiguous:ambigqa_train_-4290930682953750669,ambiguous,15.0,anomaly_continuous,0.25
ambiguous:user_ambiguous_007|alpha=15|measure=anomaly_continuous,ambiguous:user_ambiguous_007,ambiguous,15.0,anomaly_continuous,0.0
ambiguous:user_ambiguous_042|alpha=15|measure=anomaly_continuous,ambiguous:user_ambiguous_042,ambiguous,15.0,anomaly_continuous,0.25
ambiguous:user_ambiguous_084|alpha=15|measure=anomaly_continuous,ambiguous:user_ambiguous_084,ambiguous,15.0,anomaly_continuous,0.5
definite_false:wh_2928|alpha=15|measure=anomaly_continuous,definite_false:wh_2928,definite_false,15.0,anomaly_continuous,0.25
definite_correct:dpql_971|alpha=15|measure=anomaly_continuous,definite_correct:dpql_971,definite_correct,15.0,anomaly_continuous,0.25
definite_false:qz_6898|alpha=15|measure=anomaly_continuous,definite_false:qz_6898,definite_false,15.0,anomaly_continuous,0.0
definite_correct:tc_1602|alpha=15|measure=anomaly_continuous,definite_correct:tc_1602,definite_correct,15.0,anomaly_continuous,0.5
definite_correct:qb_365|alpha=15|measure=anomaly_continuous,definite_correct:qb_365,definite_correct,15.0,anomaly_continuous,0.0
definite_correct:qb_9954|alpha=15|measure=anomaly_continuous,definite_correct:qb_9954,definite_correct,15.0,anomaly_continuous,0.25
ambiguous:user_ambiguous_019|alpha=15|measure=anomaly_continuous,ambiguous:user_ambiguous_019,ambiguous,15.0,anomaly_continuous,0.85
ambiguous:user_ambiguous_093|alpha=15|measure=anomaly_continuous,ambiguous:user_ambiguous_093,ambiguous,15.0,anomaly_continuous,0.85
definite_false:qw_3199|alpha=15|measure=anomaly_continuous,definite_false:qw_3199,definite_false,15.0,anomaly_continuous,0.25
definite_correct:qb_6581|alpha=15|measure=anomaly_continuous,definite_correct:qb_6581,definite_correct,15.0,anomaly_continuous,0.0
definite_correct:qb_8250|alpha=15|measure=anomaly_continuous,definite_correct:qb_8250,definite_correct,15.0,anomaly_continuous,0.0
definite_false:qb_3878|alpha=15|measure=anomaly_continuous,definite_false:qb_3878,definite_false,15.0,anomaly_continuous,0.85
ambiguous:user_ambiguous_076|alpha=15|measure=anomaly_continuous,ambiguous:user_ambiguous_076,ambiguous,15.0,anomaly_continuous,0.5
definite_correct:qb_6665|alpha=15|measure=anomaly_continuous,definite_correct:qb_6665,definite_correct,15.0,anomaly_continuous,0.85
definite_false:qw_3500|alpha=15|measure=anomaly_continuous,definite_false:qw_3500,definite_false,15.0,anomaly_continuous,0.25
definite_correct:qb_1435|alpha=15|measure=anomaly_continuous,definite_correct:qb_1435,definite_correct,15.0,anomaly_continuous,0.85
definite_correct:qb_3191|alpha=15|measure=anomaly_continuous,definite_correct:qb_3191,definite_correct,15.0,anomaly_continuous,0.0
definite_correct:bb_20|alpha=15|measure=anomaly_continuous,definite_correct:bb_20,definite_correct,15.0,anomaly_continuous,0.85
definite_correct:qb_9283|alpha=15|measure=anomaly_continuous,definite_correct:qb_9283,definite_correct,15.0,anomaly_continuous,0.25
definite_correct:dpql_216|alpha=15|measure=anomaly_continuous,definite_correct:dpql_216,definite_correct,15.0,anomaly_continuous,0.25
definite_false:dpql_1695|alpha=15|measure=anomaly_continuous,definite_false:dpql_1695,definite_false,15.0,anomaly_continuous,0.85
ambiguous:user_ambiguous_016|alpha=15|measure=anomaly_continuous,ambiguous:user_ambiguous_016,ambiguous,15.0,anomaly_continuous,0.85
definite_correct:qw_5716|alpha=15|measure=anomaly_continuous,definite_correct:qw_5716,definite_correct,15.0,anomaly_continuous,0.85
definite_false:qz_2428|alpha=15|measure=anomaly_continuous,definite_false:qz_2428,definite_false,15.0,anomaly_continuous,0.25
definite_false:qb_3427|alpha=15|measure=anomaly_continuous,definite_false:qb_3427,definite_false,15.0,anomaly_continuous,0.25
definite_correct:bb_436|alpha=15|measure=anomaly_continuous,definite_correct:bb_436,definite_correct,15.0,anomaly_continuous,0.35
definite_correct:qb_2934|alpha=15|measure=anomaly_continuous,definite_correct:qb_2934,definite_correct,15.0,anomaly_continuous,0.35
ambiguous:user_ambiguous_074|alpha=15|measure=anomaly_continuous,ambiguous:user_ambiguous_074,ambiguous,15.0,anomaly_continuous,0.5
ambiguous:user_ambiguous_037|alpha=15|measure=anomaly_continuous,ambiguous:user_ambiguous_037,ambiguous,15.0,anomaly_continuous,0.85
definite_false:qb_7085|alpha=15|measure=anomaly_continuous,definite_false:qb_7085,definite_false,15.0,anomaly_continuous,0.85
definite_correct:bb_2326|alpha=15|measure=anomaly_continuous,definite_correct:bb_2326,definite_correct,15.0,anomaly_continuous,0.0
definite_correct:bb_4832|alpha=15|measure=anomaly_continuous,definite_correct:bb_4832,definite_correct,15.0,anomaly_continuous,0.25
definite_correct:qb_2148|alpha=15|measure=anomaly_continuous,definite_correct:qb_2148,definite_correct,15.0,anomaly_continuous,0.25
definite_correct:tc_955|alpha=15|measure=anomaly_continuous,definite_correct:tc_955,definite_correct,15.0,anomaly_continuous,0.0
ambiguous:synthetic_ambiguity_127bbb74d142df4c|alpha=15|measure=anomaly_continuous,ambiguous:synthetic_ambiguity_127bbb74d142df4c,ambiguous,15.0,anomaly_continuous,0.25
definite_false:qw_6106|alpha=15|measure=anomaly_continuous,definite_false:qw_6106,definite_false,15.0,anomaly_continuous,0.85
ambiguous:ambigqa_dev_-2861341002123248407|alpha=15|measure=anomaly_continuous,ambiguous:ambigqa_dev_-2861341002123248407,ambiguous,15.0,anomaly_continuous,0.25
ambiguous:user_ambiguous_099|alpha=15|measure=anomaly_continuous,ambiguous:user_ambiguous_099,ambiguous,15.0,anomaly_continuous,0.25
definite_false:wh_2424|alpha=15|measure=anomaly_continuous,definite_false:wh_2424,definite_false,15.0,anomaly_continuous,0.25
definite_correct:qb_1456|alpha=15|measure=anomaly_continuous,definite_correct:qb_1456,definite_correct,15.0,anomaly_continuous,0.0
ambiguous:synthetic_ambiguity_736399f8375cbe45|alpha=15|measure=anomaly_continuous,ambiguous:synthetic_ambiguity_736399f8375cbe45,ambiguous,15.0,anomaly_continuous,0.5
definite_false:dpql_3912|alpha=15|measure=anomaly_continuous,definite_false:dpql_3912,definite_false,15.0,anomaly_continuous,0.25
definite_correct:qw_5335|alpha=15|measure=anomaly_continuous,definite_correct:qw_5335,definite_correct,15.0,anomaly_continuous,0.0
definite_false:bb_7609|alpha=15|measure=anomaly_continuous,definite_false:bb_7609,definite_false,15.0,anomaly_continuous,0.25
definite_false:dpql_3092|alpha=15|measure=anomaly_continuous,definite_false:dpql_3092,definite_false,15.0,anomaly_continuous,0.85
definite_false:qw_3344|alpha=15|measure=anomaly_continuous,definite_false:qw_3344,definite_false,15.0,anomaly_continuous,0.85
definite_correct:bb_2920|alpha=15|measure=anomaly_continuous,definite_correct:bb_2920,definite_correct,15.0,anomaly_continuous,0.85
definite_false:wh_451|alpha=15|measure=anomaly_continuous,definite_false:wh_451,definite_false,15.0,anomaly_continuous,0.25
definite_correct:qb_4578|alpha=15|measure=anomaly_continuous,definite_correct:qb_4578,definite_correct,15.0,anomaly_continuous,0.0
ambiguous:ambigqa_train_-6821663518687506172|alpha=15|measure=anomaly_continuous,ambiguous:ambigqa_train_-6821663518687506172,ambiguous,15.0,anomaly_continuous,0.25
definite_correct:qw_1816|alpha=15|measure=anomaly_continuous,definite_correct:qw_1816,definite_correct,15.0,anomaly_continuous,0.75
definite_false:qb_9244|alpha=15|measure=anomaly_continuous,definite_false:qb_9244,definite_false,15.0,anomaly_continuous,0.25
ambiguous:user_ambiguous_033|alpha=15|measure=anomaly_continuous,ambiguous:user_ambiguous_033,ambiguous,15.0,anomaly_continuous,0.5
definite_false:qb_9682|alpha=15|measure=anomaly_continuous,definite_false:qb_9682,definite_false,15.0,anomaly_continuous,0.25
ambiguous:user_ambiguous_068|alpha=15|measure=anomaly_continuous,ambiguous:user_ambiguous_068,ambiguous,15.0,anomaly_continuous,0.0
definite_correct:qb_299|alpha=5|measure=confidence_manipulation_check,definite_correct:qb_299,definite_correct,5.0,confidence_manipulation_check,0.8315700399987976
definite_false:dpql_3912|alpha=5|measure=confidence_manipulation_check,definite_false:dpql_3912,definite_false,5.0,confidence_manipulation_check,0.6842561428091358
definite_correct:dpql_3467|alpha=5|measure=confidence_manipulation_check,definite_correct:dpql_3467,definite_correct,5.0,confidence_manipulation_check,0.7424371991529597
ambiguous:user_ambiguous_039|alpha=5|measure=confidence_manipulation_check,ambiguous:user_ambiguous_039,ambiguous,5.0,confidence_manipulation_check,0.7215864167632106
definite_false:wh_451|alpha=5|measure=confidence_manipulation_check,definite_false:wh_451,definite_false,5.0,confidence_manipulation_check,0.31224441789090635
ambiguous:ambigqa_train_3267103377301376828|alpha=5|measure=confidence_manipulation_check,ambiguous:ambigqa_train_3267103377301376828,ambiguous,5.0,confidence_manipulation_check,0.5847414519041194
ambiguous:user_ambiguous_035|alpha=5|measure=confidence_manipulation_check,ambiguous:user_ambiguous_035,ambiguous,5.0,confidence_manipulation_check,0.6335992261254887
definite_correct:wh_453|alpha=5|measure=confidence_manipulation_check,definite_correct:wh_453,definite_correct,5.0,confidence_manipulation_check,0.7445606049964653
definite_false:dpql_4754|alpha=5|measure=confidence_manipulation_check,definite_false:dpql_4754,definite_false,5.0,confidence_manipulation_check,0.7185471806660644
ambiguous:user_ambiguous_034|alpha=5|measure=confidence_manipulation_check,ambiguous:user_ambiguous_034,ambiguous,5.0,confidence_manipulation_check,0.5949712575304147
definite_false:bb_3805|alpha=5|measure=confidence_manipulation_check,definite_false:bb_3805,definite_false,5.0,confidence_manipulation_check,0.6478619142932529
definite_correct:bb_5550|alpha=5|measure=confidence_manipulation_check,definite_correct:bb_5550,definite_correct,5.0,confidence_manipulation_check,0.7202208197515801
ambiguous:user_ambiguous_050|alpha=5|measure=confidence_manipulation_check,ambiguous:user_ambiguous_050,ambiguous,5.0,confidence_manipulation_check,0.5741714602336287
definite_false:qw_3582|alpha=5|measure=confidence_manipulation_check,definite_false:qw_3582,definite_false,5.0,confidence_manipulation_check,0.4020370680489577
definite_false:qb_4446|alpha=5|measure=confidence_manipulation_check,definite_false:qb_4446,definite_false,5.0,confidence_manipulation_check,0.6150107952729741
definite_false:qb_3427|alpha=5|measure=confidence_manipulation_check,definite_false:qb_3427,definite_false,5.0,confidence_manipulation_check,0.6813716043301611
definite_false:qw_3199|alpha=5|measure=confidence_manipulation_check,definite_false:qw_3199,definite_false,5.0,confidence_manipulation_check,0.4000873581506312
definite_correct:qw_1421|alpha=5|measure=confidence_manipulation_check,definite_correct:qw_1421,definite_correct,5.0,confidence_manipulation_check,0.7358026329883273
definite_false:bb_77|alpha=5|measure=confidence_manipulation_check,definite_false:bb_77,definite_false,5.0,confidence_manipulation_check,0.31314132493134816
definite_false:qb_3878|alpha=5|measure=confidence_manipulation_check,definite_false:qb_3878,definite_false,5.0,confidence_manipulation_check,0.626346814428689
definite_correct:qz_1139|alpha=5|measure=confidence_manipulation_check,definite_correct:qz_1139,definite_correct,5.0,confidence_manipulation_check,0.6895258308507436
definite_false:qb_5694|alpha=5|measure=confidence_manipulation_check,definite_false:qb_5694,definite_false,5.0,confidence_manipulation_check,0.75370430319781
ambiguous:ambigqa_train_-6615422287569447999|alpha=5|measure=confidence_manipulation_check,ambiguous:ambigqa_train_-6615422287569447999,ambiguous,5.0,confidence_manipulation_check,0.34056738264771413
ambiguous:ambigqa_train_6622540978806844416|alpha=5|measure=confidence_manipulation_check,ambiguous:ambigqa_train_6622540978806844416,ambiguous,5.0,confidence_manipulation_check,0.656802532172469
ambiguous:user_ambiguous_045|alpha=5|measure=confidence_manipulation_check,ambiguous:user_ambiguous_045,ambiguous,5.0,confidence_manipulation_check,0.6370803179639551
definite_false:dpql_2396|alpha=5|measure=confidence_manipulation_check,definite_false:dpql_2396,definite_false,5.0,confidence_manipulation_check,0.7316907420230109
definite_false:bb_7609|alpha=5|measure=confidence_manipulation_check,definite_false:bb_7609,definite_false,5.0,confidence_manipulation_check,0.43877893353346736
definite_false:qb_3624|alpha=5|measure=confidence_manipulation_check,definite_false:qb_3624,definite_false,5.0,confidence_manipulation_check,0.3144095206662314
ambiguous:user_ambiguous_088|alpha=5|measure=confidence_manipulation_check,ambiguous:user_ambiguous_088,ambiguous,5.0,confidence_manipulation_check,0.586065435965429
ambiguous:user_ambiguous_001|alpha=5|measure=confidence_manipulation_check,ambiguous:user_ambiguous_001,ambiguous,5.0,confidence_manipulation_check,0.3042387080960907
definite_correct:qb_2934|alpha=5|measure=confidence_manipulation_check,definite_correct:qb_2934,definite_correct,5.0,confidence_manipulation_check,0.7077749378187661
definite_false:bb_6487|alpha=5|measure=confidence_manipulation_check,definite_false:bb_6487,definite_false,5.0,confidence_manipulation_check,0.6757845255233632
definite_false:wh_1706|alpha=5|measure=confidence_manipulation_check,definite_false:wh_1706,definite_false,5.0,confidence_manipulation_check,0.4187168372794986
definite_correct:qw_1253|alpha=5|measure=confidence_manipulation_check,definite_correct:qw_1253,definite_correct,5.0,confidence_manipulation_check,0.7259883705166118
ambiguous:user_ambiguous_004|alpha=5|measure=confidence_manipulation_check,ambiguous:user_ambiguous_004,ambiguous,5.0,confidence_manipulation_check,0.6766359322338189
definite_correct:qb_7271|alpha=5|measure=confidence_manipulation_check,definite_correct:qb_7271,definite_correct,5.0,confidence_manipulation_check,0.7946703943230773
ambiguous:user_ambiguous_078|alpha=5|measure=confidence_manipulation_check,ambiguous:user_ambiguous_078,ambiguous,5.0,confidence_manipulation_check,0.7582206621965271
definite_correct:qb_6086|alpha=5|measure=confidence_manipulation_check,definite_correct:qb_6086,definite_correct,5.0,confidence_manipulation_check,0.7438866842275615
definite_false:dpql_3092|alpha=5|measure=confidence_manipulation_check,definite_false:dpql_3092,definite_false,5.0,confidence_manipulation_check,0.2523408651584759
definite_false:bb_8112|alpha=5|measure=confidence_manipulation_check,definite_false:bb_8112,definite_false,5.0,confidence_manipulation_check,0.7204801815776477
definite_false:qw_3732|alpha=5|measure=confidence_manipulation_check,definite_false:qw_3732,definite_false,5.0,confidence_manipulation_check,0.7397087653635709
definite_correct:wh_4041|alpha=5|measure=confidence_manipulation_check,definite_correct:wh_4041,definite_correct,5.0,confidence_manipulation_check,0.8320760536175058
definite_correct:tc_2317|alpha=5|measure=confidence_manipulation_check,definite_correct:tc_2317,definite_correct,5.0,confidence_manipulation_check,0.7205196286984517
ambiguous:synthetic_ambiguity_39e9eaa2e03e1780|alpha=5|measure=confidence_manipulation_check,ambiguous:synthetic_ambiguity_39e9eaa2e03e1780,ambiguous,5.0,confidence_manipulation_check,0.33622215311916076
definite_false:qb_3987|alpha=5|measure=confidence_manipulation_check,definite_false:qb_3987,definite_false,5.0,confidence_manipulation_check,0.6139578961301595
definite_false:tc_3016|alpha=5|measure=confidence_manipulation_check,definite_false:tc_3016,definite_false,5.0,confidence_manipulation_check,0.688764815684408
definite_false:qw_6106|alpha=5|measure=confidence_manipulation_check,definite_false:qw_6106,definite_false,5.0,confidence_manipulation_check,0.7506236825363884
definite_correct:dpql_216|alpha=5|measure=confidence_manipulation_check,definite_correct:dpql_216,definite_correct,5.0,confidence_manipulation_check,0.7965589541431314
ambiguous:user_ambiguous_042|alpha=5|measure=confidence_manipulation_check,ambiguous:user_ambiguous_042,ambiguous,5.0,confidence_manipulation_check,0.7955068074963322
definite_false:dpql_3261|alpha=5|measure=confidence_manipulation_check,definite_false:dpql_3261,definite_false,5.0,confidence_manipulation_check,0.32054307454382064
definite_correct:tc_1284|alpha=5|measure=confidence_manipulation_check,definite_correct:tc_1284,definite_correct,5.0,confidence_manipulation_check,0.8288856448395451
definite_correct:qb_916|alpha=5|measure=confidence_manipulation_check,definite_correct:qb_916,definite_correct,5.0,confidence_manipulation_check,0.8282784964662228
ambiguous:user_ambiguous_038|alpha=5|measure=confidence_manipulation_check,ambiguous:user_ambiguous_038,ambiguous,5.0,confidence_manipulation_check,0.39093988185049966
definite_correct:qb_1435|alpha=5|measure=confidence_manipulation_check,definite_correct:qb_1435,definite_correct,5.0,confidence_manipulation_check,0.8435652103411314
definite_false:bb_2489|alpha=5|measure=confidence_manipulation_check,definite_false:bb_2489,definite_false,5.0,confidence_manipulation_check,0.6404951662733764
ambiguous:user_ambiguous_012|alpha=5|measure=confidence_manipulation_check,ambiguous:user_ambiguous_012,ambiguous,5.0,confidence_manipulation_check,0.7556281744907892
ambiguous:user_ambiguous_007|alpha=5|measure=confidence_manipulation_check,ambiguous:user_ambiguous_007,ambiguous,5.0,confidence_manipulation_check,0.7080830133258075
ambiguous:synthetic_ambiguity_0fb6efbc1bf0ec38|alpha=5|measure=confidence_manipulation_check,ambiguous:synthetic_ambiguity_0fb6efbc1bf0ec38,ambiguous,5.0,confidence_manipulation_check,0.5904113137269633
ambiguous:ambigqa_train_-4829972042995259834|alpha=5|measure=confidence_manipulation_check,ambiguous:ambigqa_train_-4829972042995259834,ambiguous,5.0,confidence_manipulation_check,0.7250804468227784
definite_correct:qw_132|alpha=5|measure=confidence_manipulation_check,definite_correct:qw_132,definite_correct,5.0,confidence_manipulation_check,0.783831008948431
definite_correct:qb_8074|alpha=5|measure=confidence_manipulation_check,definite_correct:qb_8074,definite_correct,5.0,confidence_manipulation_check,0.7944625282599646
ambiguous:user_ambiguous_015|alpha=5|measure=confidence_manipulation_check,ambiguous:user_ambiguous_015,ambiguous,5.0,confidence_manipulation_check,0.6939244146109104
definite_false:qb_919|alpha=5|measure=confidence_manipulation_check,definite_false:qb_919,definite_false,5.0,confidence_manipulation_check,0.6990188120418792
definite_correct:bb_6465|alpha=5|measure=confidence_manipulation_check,definite_correct:bb_6465,definite_correct,5.0,confidence_manipulation_check,0.7638439719288044
definite_correct:qb_2497|alpha=5|measure=confidence_manipulation_check,definite_correct:qb_2497,definite_correct,5.0,confidence_manipulation_check,0.8056808963759977
definite_correct:qw_5335|alpha=5|measure=confidence_manipulation_check,definite_correct:qw_5335,definite_correct,5.0,confidence_manipulation_check,0.7559340586178678
definite_false:dpql_3319|alpha=5|measure=confidence_manipulation_check,definite_false:dpql_3319,definite_false,5.0,confidence_manipulation_check,0.39237162714707663
definite_false:bb_5849|alpha=5|measure=confidence_manipulation_check,definite_false:bb_5849,definite_false,5.0,confidence_manipulation_check,0.7537920962829958
ambiguous:user_ambiguous_008|alpha=5|measure=confidence_manipulation_check,ambiguous:user_ambiguous_008,ambiguous,5.0,confidence_manipulation_check,0.7123503327427897
ambiguous:user_ambiguous_016|alpha=5|measure=confidence_manipulation_check,ambiguous:user_ambiguous_016,ambiguous,5.0,confidence_manipulation_check,0.3035992471501231
ambiguous:user_ambiguous_066|alpha=5|measure=confidence_manipulation_check,ambiguous:user_ambiguous_066,ambiguous,5.0,confidence_manipulation_check,0.252026768187352
ambiguous:user_ambiguous_084|alpha=5|measure=confidence_manipulation_check,ambiguous:user_ambiguous_084,ambiguous,5.0,confidence_manipulation_check,0.6407026794646753
ambiguous:user_ambiguous_074|alpha=5|measure=confidence_manipulation_check,ambiguous:user_ambiguous_074,ambiguous,5.0,confidence_manipulation_check,0.30414650843158597
definite_correct:qb_2148|alpha=5|measure=confidence_manipulation_check,definite_correct:qb_2148,definite_correct,5.0,confidence_manipulation_check,0.8071638558706695
ambiguous:user_ambiguous_027|alpha=5|measure=confidence_manipulation_check,ambiguous:user_ambiguous_027,ambiguous,5.0,confidence_manipulation_check,0.6531930583755298
ambiguous:user_ambiguous_094|alpha=5|measure=confidence_manipulation_check,ambiguous:user_ambiguous_094,ambiguous,5.0,confidence_manipulation_check,0.670063054981091
definite_false:qb_525|alpha=5|measure=confidence_manipulation_check,definite_false:qb_525,definite_false,5.0,confidence_manipulation_check,0.586404737457633
definite_correct:qb_4415|alpha=5|measure=confidence_manipulation_check,definite_correct:qb_4415,definite_correct,5.0,confidence_manipulation_check,0.7491579589772244
definite_correct:bb_4832|alpha=5|measure=confidence_manipulation_check,definite_correct:bb_4832,definite_correct,5.0,confidence_manipulation_check,0.7549018117695766
definite_correct:dpql_5846|alpha=5|measure=confidence_manipulation_check,definite_correct:dpql_5846,definite_correct,5.0,confidence_manipulation_check,0.8099926107494753
ambiguous:user_ambiguous_070|alpha=5|measure=confidence_manipulation_check,ambiguous:user_ambiguous_070,ambiguous,5.0,confidence_manipulation_check,0.2690031344798626
definite_correct:qb_8036|alpha=5|measure=confidence_manipulation_check,definite_correct:qb_8036,definite_correct,5.0,confidence_manipulation_check,0.755750794894982
definite_false:dpql_5545|alpha=5|measure=confidence_manipulation_check,definite_false:dpql_5545,definite_false,5.0,confidence_manipulation_check,0.7840490760136163
definite_false:qb_1556|alpha=5|measure=confidence_manipulation_check,definite_false:qb_1556,definite_false,5.0,confidence_manipulation_check,0.6442246768943732
definite_correct:qb_2151|alpha=5|measure=confidence_manipulation_check,definite_correct:qb_2151,definite_correct,5.0,confidence_manipulation_check,0.7808444559309464
definite_correct:qb_5063|alpha=5|measure=confidence_manipulation_check,definite_correct:qb_5063,definite_correct,5.0,confidence_manipulation_check,0.7948859171052164
ambiguous:user_ambiguous_056|alpha=5|measure=confidence_manipulation_check,ambiguous:user_ambiguous_056,ambiguous,5.0,confidence_manipulation_check,0.6717150577720531
ambiguous:synthetic_ambiguity_736399f8375cbe45|alpha=5|measure=confidence_manipulation_check,ambiguous:synthetic_ambiguity_736399f8375cbe45,ambiguous,5.0,confidence_manipulation_check,0.26012971826567083
definite_correct:qw_4190|alpha=5|measure=confidence_manipulation_check,definite_correct:qw_4190,definite_correct,5.0,confidence_manipulation_check,0.800460619241062
definite_correct:bb_8732|alpha=5|measure=confidence_manipulation_check,definite_correct:bb_8732,definite_correct,5.0,confidence_manipulation_check,0.722470117721582
definite_false:wh_527|alpha=5|measure=confidence_manipulation_check,definite_false:wh_527,definite_false,5.0,confidence_manipulation_check,0.3452550297603011
definite_correct:bb_9251|alpha=5|measure=confidence_manipulation_check,definite_correct:bb_9251,definite_correct,5.0,confidence_manipulation_check,0.7655471694396738
definite_false:wh_2424|alpha=5|measure=confidence_manipulation_check,definite_false:wh_2424,definite_false,5.0,confidence_manipulation_check,0.6896698567513795
ambiguous:ambigqa_train_-5327098669371634148|alpha=5|measure=confidence_manipulation_check,ambiguous:ambigqa_train_-5327098669371634148,ambiguous,5.0,confidence_manipulation_check,0.6248818723623116
definite_correct:qb_34|alpha=5|measure=confidence_manipulation_check,definite_correct:qb_34,definite_correct,5.0,confidence_manipulation_check,0.7887450048994481
definite_correct:qb_9954|alpha=5|measure=confidence_manipulation_check,definite_correct:qb_9954,definite_correct,5.0,confidence_manipulation_check,0.6880717546324262
definite_false:qb_4987|alpha=5|measure=confidence_manipulation_check,definite_false:qb_4987,definite_false,5.0,confidence_manipulation_check,0.7055921107996256
definite_false:bb_5659|alpha=5|measure=confidence_manipulation_check,definite_false:bb_5659,definite_false,5.0,confidence_manipulation_check,0.728469552198294
definite_false:dpql_4319|alpha=5|measure=confidence_manipulation_check,definite_false:dpql_4319,definite_false,5.0,confidence_manipulation_check,0.6571416105540265
definite_correct:dpql_2276|alpha=5|measure=confidence_manipulation_check,definite_correct:dpql_2276,definite_correct,5.0,confidence_manipulation_check,0.7205859863932119
ambiguous:user_ambiguous_062|alpha=5|measure=confidence_manipulation_check,ambiguous:user_ambiguous_062,ambiguous,5.0,confidence_manipulation_check,0.38702012720168566
definite_false:wh_3277|alpha=5|measure=confidence_manipulation_check,definite_false:wh_3277,definite_false,5.0,confidence_manipulation_check,0.6961052551458125
definite_correct:qb_4948|alpha=5|measure=confidence_manipulation_check,definite_correct:qb_4948,definite_correct,5.0,confidence_manipulation_check,0.736341168934814
definite_false:qb_2928|alpha=5|measure=confidence_manipulation_check,definite_false:qb_2928,definite_false,5.0,confidence_manipulation_check,0.828437626795494
definite_correct:bb_5094|alpha=5|measure=confidence_manipulation_check,definite_correct:bb_5094,definite_correct,5.0,confidence_manipulation_check,0.7031098985787935
definite_false:bb_8893|alpha=5|measure=confidence_manipulation_check,definite_false:bb_8893,definite_false,5.0,confidence_manipulation_check,0.7724448215853016
ambiguous:user_ambiguous_061|alpha=5|measure=confidence_manipulation_check,ambiguous:user_ambiguous_061,ambiguous,5.0,confidence_manipulation_check,0.7521519265015201
definite_false:bb_968|alpha=5|measure=confidence_manipulation_check,definite_false:bb_968,definite_false,5.0,confidence_manipulation_check,0.7889303112258403
definite_correct:qw_45|alpha=5|measure=confidence_manipulation_check,definite_correct:qw_45,definite_correct,5.0,confidence_manipulation_check,0.8030999560382952
definite_correct:qb_3684|alpha=5|measure=confidence_manipulation_check,definite_correct:qb_3684,definite_correct,5.0,confidence_manipulation_check,0.7414540605015645
definite_false:qb_355|alpha=5|measure=confidence_manipulation_check,definite_false:qb_355,definite_false,5.0,confidence_manipulation_check,0.7958974315909473
definite_false:tc_3120|alpha=5|measure=confidence_manipulation_check,definite_false:tc_3120,definite_false,5.0,confidence_manipulation_check,0.7307889098159079
definite_false:qw_5298|alpha=5|measure=confidence_manipulation_check,definite_false:qw_5298,definite_false,5.0,confidence_manipulation_check,0.6141839337011333
ambiguous:user_ambiguous_092|alpha=5|measure=confidence_manipulation_check,ambiguous:user_ambiguous_092,ambiguous,5.0,confidence_manipulation_check,0.6167425055027707
definite_correct:bb_2920|alpha=5|measure=confidence_manipulation_check,definite_correct:bb_2920,definite_correct,5.0,confidence_manipulation_check,0.7979427470086137
ambiguous:user_ambiguous_029|alpha=5|measure=confidence_manipulation_check,ambiguous:user_ambiguous_029,ambiguous,5.0,confidence_manipulation_check,0.6557224573481562
definite_correct:tc_1323|alpha=5|measure=confidence_manipulation_check,definite_correct:tc_1323,definite_correct,5.0,confidence_manipulation_check,0.747786406875744
definite_correct:qb_1172|alpha=5|measure=confidence_manipulation_check,definite_correct:qb_1172,definite_correct,5.0,confidence_manipulation_check,0.7559597097648293
definite_correct:qw_1211|alpha=5|measure=confidence_manipulation_check,definite_correct:qw_1211,definite_correct,5.0,confidence_manipulation_check,0.8199201256556748
ambiguous:synthetic_ambiguity_77277aded01ef92e|alpha=5|measure=confidence_manipulation_check,ambiguous:synthetic_ambiguity_77277aded01ef92e,ambiguous,5.0,confidence_manipulation_check,0.7514011996696354
definite_correct:bb_6117|alpha=5|measure=confidence_manipulation_check,definite_correct:bb_6117,definite_correct,5.0,confidence_manipulation_check,0.8020030613072777
ambiguous:user_ambiguous_073|alpha=5|measure=confidence_manipulation_check,ambiguous:user_ambiguous_073,ambiguous,5.0,confidence_manipulation_check,0.6873729383050886
definite_false:qw_4953|alpha=5|measure=confidence_manipulation_check,definite_false:qw_4953,definite_false,5.0,confidence_manipulation_check,0.5174938497832046
ambiguous:user_ambiguous_017|alpha=5|measure=confidence_manipulation_check,ambiguous:user_ambiguous_017,ambiguous,5.0,confidence_manipulation_check,0.3172007589135319
definite_false:bb_6668|alpha=5|measure=confidence_manipulation_check,definite_false:bb_6668,definite_false,5.0,confidence_manipulation_check,0.6321891442406923
definite_correct:qw_6782|alpha=5|measure=confidence_manipulation_check,definite_correct:qw_6782,definite_correct,5.0,confidence_manipulation_check,0.731347036005036
definite_false:bb_981|alpha=5|measure=confidence_manipulation_check,definite_false:bb_981,definite_false,5.0,confidence_manipulation_check,0.7258213959971954
definite_false:qz_2428|alpha=5|measure=confidence_manipulation_check,definite_false:qz_2428,definite_false,5.0,confidence_manipulation_check,0.6719583197031169
ambiguous:ambigqa_train_-5746040628732928353|alpha=5|measure=confidence_manipulation_check,ambiguous:ambigqa_train_-5746040628732928353,ambiguous,5.0,confidence_manipulation_check,0.6769520700124132
definite_false:qz_6898|alpha=5|measure=confidence_manipulation_check,definite_false:qz_6898,definite_false,5.0,confidence_manipulation_check,0.8138512536648365
definite_correct:qw_243|alpha=5|measure=confidence_manipulation_check,definite_correct:qw_243,definite_correct,5.0,confidence_manipulation_check,0.8023570312576667
definite_correct:dpql_6346|alpha=5|measure=confidence_manipulation_check,definite_correct:dpql_6346,definite_correct,5.0,confidence_manipulation_check,0.7572255345253097
definite_correct:bb_6024|alpha=5|measure=confidence_manipulation_check,definite_correct:bb_6024,definite_correct,5.0,confidence_manipulation_check,0.762577314303735
ambiguous:user_ambiguous_069|alpha=5|measure=confidence_manipulation_check,ambiguous:user_ambiguous_069,ambiguous,5.0,confidence_manipulation_check,0.7089717211979177
definite_correct:qb_2589|alpha=5|measure=confidence_manipulation_check,definite_correct:qb_2589,definite_correct,5.0,confidence_manipulation_check,0.8135139612675601
definite_correct:qw_859|alpha=5|measure=confidence_manipulation_check,definite_correct:qw_859,definite_correct,5.0,confidence_manipulation_check,0.7658327537506124
ambiguous:user_ambiguous_089|alpha=5|measure=confidence_manipulation_check,ambiguous:user_ambiguous_089,ambiguous,5.0,confidence_manipulation_check,0.6502716920804232
definite_false:qw_1298|alpha=5|measure=confidence_manipulation_check,definite_false:qw_1298,definite_false,5.0,confidence_manipulation_check,0.2933709955745144
ambiguous:user_ambiguous_059|alpha=5|measure=confidence_manipulation_check,ambiguous:user_ambiguous_059,ambiguous,5.0,confidence_manipulation_check,0.649917773388438
ambiguous:user_ambiguous_099|alpha=5|measure=confidence_manipulation_check,ambiguous:user_ambiguous_099,ambiguous,5.0,confidence_manipulation_check,0.7855932614715472
ambiguous:user_ambiguous_071|alpha=5|measure=confidence_manipulation_check,ambiguous:user_ambiguous_071,ambiguous,5.0,confidence_manipulation_check,0.6060024043235899
definite_false:tc_2728|alpha=5|measure=confidence_manipulation_check,definite_false:tc_2728,definite_false,5.0,confidence_manipulation_check,0.4338251315464731
definite_false:qz_1393|alpha=5|measure=confidence_manipulation_check,definite_false:qz_1393,definite_false,5.0,confidence_manipulation_check,0.7925756076542713
ambiguous:ambigqa_dev_-9219689808672072116|alpha=5|measure=confidence_manipulation_check,ambiguous:ambigqa_dev_-9219689808672072116,ambiguous,5.0,confidence_manipulation_check,0.7366359592873323
definite_false:qw_5610|alpha=5|measure=confidence_manipulation_check,definite_false:qw_5610,definite_false,5.0,confidence_manipulation_check,0.7510830608842298
definite_correct:tc_955|alpha=5|measure=confidence_manipulation_check,definite_correct:tc_955,definite_correct,5.0,confidence_manipulation_check,0.7877789062816646
definite_false:dpql_1695|alpha=5|measure=confidence_manipulation_check,definite_false:dpql_1695,definite_false,5.0,confidence_manipulation_check,0.4381603486603126
definite_correct:qb_6581|alpha=5|measure=confidence_manipulation_check,definite_correct:qb_6581,definite_correct,5.0,confidence_manipulation_check,0.6901592427720743
definite_false:qz_3440|alpha=5|measure=confidence_manipulation_check,definite_false:qz_3440,definite_false,5.0,confidence_manipulation_check,0.6690708146139513
definite_false:wh_2928|alpha=5|measure=confidence_manipulation_check,definite_false:wh_2928,definite_false,5.0,confidence_manipulation_check,0.8035627102753097
definite_false:bb_4519|alpha=5|measure=confidence_manipulation_check,definite_false:bb_4519,definite_false,5.0,confidence_manipulation_check,0.7063177126993196
ambiguous:user_ambiguous_025|alpha=5|measure=confidence_manipulation_check,ambiguous:user_ambiguous_025,ambiguous,5.0,confidence_manipulation_check,0.6669911771021361
definite_correct:qb_3365|alpha=5|measure=confidence_manipulation_check,definite_correct:qb_3365,definite_correct,5.0,confidence_manipulation_check,0.8036276487059638
definite_correct:qz_5801|alpha=5|measure=confidence_manipulation_check,definite_correct:qz_5801,definite_correct,5.0,confidence_manipulation_check,0.8017455693351394
definite_false:qw_3353|alpha=5|measure=confidence_manipulation_check,definite_false:qw_3353,definite_false,5.0,confidence_manipulation_check,0.6518336574576097
definite_correct:tc_1602|alpha=5|measure=confidence_manipulation_check,definite_correct:tc_1602,definite_correct,5.0,confidence_manipulation_check,0.686271727876192
ambiguous:ambigqa_train_-4847378126974715981|alpha=5|measure=confidence_manipulation_check,ambiguous:ambigqa_train_-4847378126974715981,ambiguous,5.0,confidence_manipulation_check,0.6474915642144651
definite_false:dpql_4053|alpha=5|measure=confidence_manipulation_check,definite_false:dpql_4053,definite_false,5.0,confidence_manipulation_check,0.6588224717910635
definite_false:bb_4598|alpha=5|measure=confidence_manipulation_check,definite_false:bb_4598,definite_false,5.0,confidence_manipulation_check,0.570266355574131
ambiguous:synthetic_ambiguity_db564851e7629ffa|alpha=5|measure=confidence_manipulation_check,ambiguous:synthetic_ambiguity_db564851e7629ffa,ambiguous,5.0,confidence_manipulation_check,0.6403836592049629
ambiguous:user_ambiguous_079|alpha=5|measure=confidence_manipulation_check,ambiguous:user_ambiguous_079,ambiguous,5.0,confidence_manipulation_check,0.6609201379040428
ambiguous:user_ambiguous_032|alpha=5|measure=confidence_manipulation_check,ambiguous:user_ambiguous_032,ambiguous,5.0,confidence_manipulation_check,0.6056549796463515
definite_correct:dpql_3447|alpha=5|measure=confidence_manipulation_check,definite_correct:dpql_3447,definite_correct,5.0,confidence_manipulation_check,0.8266021794072146
definite_false:qb_3296|alpha=5|measure=confidence_manipulation_check,definite_false:qb_3296,definite_false,5.0,confidence_manipulation_check,0.7064659694267903
ambiguous:user_ambiguous_075|alpha=5|measure=confidence_manipulation_check,ambiguous:user_ambiguous_075,ambiguous,5.0,confidence_manipulation_check,0.27275184125319357
definite_false:qb_7085|alpha=5|measure=confidence_manipulation_check,definite_false:qb_7085,definite_false,5.0,confidence_manipulation_check,0.7765810498082487
definite_correct:bb_20|alpha=5|measure=confidence_manipulation_check,definite_correct:bb_20,definite_correct,5.0,confidence_manipulation_check,0.740319890047249
definite_false:tc_2556|alpha=5|measure=confidence_manipulation_check,definite_false:tc_2556,definite_false,5.0,confidence_manipulation_check,0.3354452145518735
ambiguous:synthetic_ambiguity_127bbb74d142df4c|alpha=5|measure=confidence_manipulation_check,ambiguous:synthetic_ambiguity_127bbb74d142df4c,ambiguous,5.0,confidence_manipulation_check,0.7568454071930774
definite_correct:qb_4578|alpha=5|measure=confidence_manipulation_check,definite_correct:qb_4578,definite_correct,5.0,confidence_manipulation_check,0.838727694138703
ambiguous:user_ambiguous_048|alpha=5|measure=confidence_manipulation_check,ambiguous:user_ambiguous_048,ambiguous,5.0,confidence_manipulation_check,0.6860464327565295
ambiguous:user_ambiguous_046|alpha=5|measure=confidence_manipulation_check,ambiguous:user_ambiguous_046,ambiguous,5.0,confidence_manipulation_check,0.7163685198059511
definite_correct:wh_51|alpha=5|measure=confidence_manipulation_check,definite_correct:wh_51,definite_correct,5.0,confidence_manipulation_check,0.8383451446978257
ambiguous:user_ambiguous_020|alpha=5|measure=confidence_manipulation_check,ambiguous:user_ambiguous_020,ambiguous,5.0,confidence_manipulation_check,0.6596858963692056
ambiguous:user_ambiguous_082|alpha=5|measure=confidence_manipulation_check,ambiguous:user_ambiguous_082,ambiguous,5.0,confidence_manipulation_check,0.6685982559294416
ambiguous:user_ambiguous_076|alpha=5|measure=confidence_manipulation_check,ambiguous:user_ambiguous_076,ambiguous,5.0,confidence_manipulation_check,0.663709492215412
ambiguous:user_ambiguous_093|alpha=5|measure=confidence_manipulation_check,ambiguous:user_ambiguous_093,ambiguous,5.0,confidence_manipulation_check,0.7106791758882763
definite_false:qw_3344|alpha=5|measure=confidence_manipulation_check,definite_false:qw_3344,definite_false,5.0,confidence_manipulation_check,0.8150380313469213
ambiguous:user_ambiguous_060|alpha=5|measure=confidence_manipulation_check,ambiguous:user_ambiguous_060,ambiguous,5.0,confidence_manipulation_check,0.6532027388342612
definite_false:bb_2616|alpha=5|measure=confidence_manipulation_check,definite_false:bb_2616,definite_false,5.0,confidence_manipulation_check,0.37703520599752666
definite_false:dpql_1059|alpha=5|measure=confidence_manipulation_check,definite_false:dpql_1059,definite_false,5.0,confidence_manipulation_check,0.7530191756091426
definite_correct:qz_340|alpha=5|measure=confidence_manipulation_check,definite_correct:qz_340,definite_correct,5.0,confidence_manipulation_check,0.8197069100768887
ambiguous:user_ambiguous_068|alpha=5|measure=confidence_manipulation_check,ambiguous:user_ambiguous_068,ambiguous,5.0,confidence_manipulation_check,0.2638239497442555
ambiguous:synthetic_ambiguity_7462141d7ff09177|alpha=5|measure=confidence_manipulation_check,ambiguous:synthetic_ambiguity_7462141d7ff09177,ambiguous,5.0,confidence_manipulation_check,0.5430105457147875
definite_false:bb_1220|alpha=5|measure=confidence_manipulation_check,definite_false:bb_1220,definite_false,5.0,confidence_manipulation_check,0.45035614328226076
ambiguous:user_ambiguous_036|alpha=5|measure=confidence_manipulation_check,ambiguous:user_ambiguous_036,ambiguous,5.0,confidence_manipulation_check,0.6730453170334385
definite_false:qb_2370|alpha=5|measure=confidence_manipulation_check,definite_false:qb_2370,definite_false,5.0,confidence_manipulation_check,0.7660449617542326
definite_false:bb_596|alpha=5|measure=confidence_manipulation_check,definite_false:bb_596,definite_false,5.0,confidence_manipulation_check,0.21604721529874954
definite_correct:qb_3191|alpha=5|measure=confidence_manipulation_check,definite_correct:qb_3191,definite_correct,5.0,confidence_manipulation_check,0.7964043696411864
definite_correct:qz_3927|alpha=5|measure=confidence_manipulation_check,definite_correct:qz_3927,definite_correct,5.0,confidence_manipulation_check,0.7167432750018178
ambiguous:user_ambiguous_043|alpha=5|measure=confidence_manipulation_check,ambiguous:user_ambiguous_043,ambiguous,5.0,confidence_manipulation_check,0.6609261361710879
definite_false:qb_2899|alpha=5|measure=confidence_manipulation_check,definite_false:qb_2899,definite_false,5.0,confidence_manipulation_check,0.6082131132949145
definite_correct:qw_4882|alpha=5|measure=confidence_manipulation_check,definite_correct:qw_4882,definite_correct,5.0,confidence_manipulation_check,0.6639750651967233
definite_correct:bb_500|alpha=5|measure=confidence_manipulation_check,definite_correct:bb_500,definite_correct,5.0,confidence_manipulation_check,0.7685842123526982
definite_correct:tc_954|alpha=5|measure=confidence_manipulation_check,definite_correct:tc_954,definite_correct,5.0,confidence_manipulation_check,0.8472301461851771
definite_correct:qb_1456|alpha=5|measure=confidence_manipulation_check,definite_correct:qb_1456,definite_correct,5.0,confidence_manipulation_check,0.7164902382480477
definite_correct:dpql_633|alpha=5|measure=confidence_manipulation_check,definite_correct:dpql_633,definite_correct,5.0,confidence_manipulation_check,0.7167720585280676
ambiguous:ambigqa_train_-6821663518687506172|alpha=5|measure=confidence_manipulation_check,ambiguous:ambigqa_train_-6821663518687506172,ambiguous,5.0,confidence_manipulation_check,0.6655302062483315
definite_correct:qb_9452|alpha=5|measure=confidence_manipulation_check,definite_correct:qb_9452,definite_correct,5.0,confidence_manipulation_check,0.8126900574225261
definite_false:qb_3225|alpha=5|measure=confidence_manipulation_check,definite_false:qb_3225,definite_false,5.0,confidence_manipulation_check,0.7128118462091152
definite_correct:dpql_2538|alpha=5|measure=confidence_manipulation_check,definite_correct:dpql_2538,definite_correct,5.0,confidence_manipulation_check,0.786789180244034
definite_false:dpql_753|alpha=5|measure=confidence_manipulation_check,definite_false:dpql_753,definite_false,5.0,confidence_manipulation_check,0.36178201967850326
definite_correct:wh_3778|alpha=5|measure=confidence_manipulation_check,definite_correct:wh_3778,definite_correct,5.0,confidence_manipulation_check,0.7907815268646857
ambiguous:ambigqa_train_4701094121253884727|alpha=5|measure=confidence_manipulation_check,ambiguous:ambigqa_train_4701094121253884727,ambiguous,5.0,confidence_manipulation_check,0.6830240674251399
definite_false:qb_6250|alpha=5|measure=confidence_manipulation_check,definite_false:qb_6250,definite_false,5.0,confidence_manipulation_check,0.7243192269440897
ambiguous:user_ambiguous_100|alpha=5|measure=confidence_manipulation_check,ambiguous:user_ambiguous_100,ambiguous,5.0,confidence_manipulation_check,0.28989800670242405
definite_correct:qw_1068|alpha=5|measure=confidence_manipulation_check,definite_correct:qw_1068,definite_correct,5.0,confidence_manipulation_check,0.8335416066817175
ambiguous:ambigqa_dev_2248395039731877618|alpha=5|measure=confidence_manipulation_check,ambiguous:ambigqa_dev_2248395039731877618,ambiguous,5.0,confidence_manipulation_check,0.6462137513066863
definite_correct:qb_2932|alpha=5|measure=confidence_manipulation_check,definite_correct:qb_2932,definite_correct,5.0,confidence_manipulation_check,0.8409123511385104
definite_correct:dpql_971|alpha=5|measure=confidence_manipulation_check,definite_correct:dpql_971,definite_correct,5.0,confidence_manipulation_check,0.6603706111103064
definite_correct:bb_2326|alpha=5|measure=confidence_manipulation_check,definite_correct:bb_2326,definite_correct,5.0,confidence_manipulation_check,0.8180065659959781
definite_false:qb_2329|alpha=5|measure=confidence_manipulation_check,definite_false:qb_2329,definite_false,5.0,confidence_manipulation_check,0.3635836275410838
definite_false:qw_4954|alpha=5|measure=confidence_manipulation_check,definite_false:qw_4954,definite_false,5.0,confidence_manipulation_check,0.4242365527432412
definite_correct:qb_8861|alpha=5|measure=confidence_manipulation_check,definite_correct:qb_8861,definite_correct,5.0,confidence_manipulation_check,0.7542323779435265
ambiguous:ambigqa_dev_-2861341002123248407|alpha=5|measure=confidence_manipulation_check,ambiguous:ambigqa_dev_-2861341002123248407,ambiguous,5.0,confidence_manipulation_check,0.5300782397353032
definite_false:tc_349|alpha=5|measure=confidence_manipulation_check,definite_false:tc_349,definite_false,5.0,confidence_manipulation_check,0.7629608233342878
ambiguous:user_ambiguous_005|alpha=5|measure=confidence_manipulation_check,ambiguous:user_ambiguous_005,ambiguous,5.0,confidence_manipulation_check,0.8033274755359572
ambiguous:user_ambiguous_081|alpha=5|measure=confidence_manipulation_check,ambiguous:user_ambiguous_081,ambiguous,5.0,confidence_manipulation_check,0.6841508627809162
ambiguous:user_ambiguous_026|alpha=5|measure=confidence_manipulation_check,ambiguous:user_ambiguous_026,ambiguous,5.0,confidence_manipulation_check,0.5660302211876115
definite_false:qb_4397|alpha=5|measure=confidence_manipulation_check,definite_false:qb_4397,definite_false,5.0,confidence_manipulation_check,0.39058466292917726
definite_correct:bb_436|alpha=5|measure=confidence_manipulation_check,definite_correct:bb_436,definite_correct,5.0,confidence_manipulation_check,0.7383354779576592
definite_false:qb_9682|alpha=5|measure=confidence_manipulation_check,definite_false:qb_9682,definite_false,5.0,confidence_manipulation_check,0.7239045765403717
definite_false:wh_252|alpha=5|measure=confidence_manipulation_check,definite_false:wh_252,definite_false,5.0,confidence_manipulation_check,0.6824817820836188
definite_false:qw_2399|alpha=5|measure=confidence_manipulation_check,definite_false:qw_2399,definite_false,5.0,confidence_manipulation_check,0.7179307718979544
definite_false:dpql_2259|alpha=5|measure=confidence_manipulation_check,definite_false:dpql_2259,definite_false,5.0,confidence_manipulation_check,0.7568117846434519
ambiguous:user_ambiguous_054|alpha=5|measure=confidence_manipulation_check,ambiguous:user_ambiguous_054,ambiguous,5.0,confidence_manipulation_check,0.6637727425638984
definite_correct:bb_5566|alpha=5|measure=confidence_manipulation_check,definite_correct:bb_5566,definite_correct,5.0,confidence_manipulation_check,0.728469857699156
definite_correct:dpql_5223|alpha=5|measure=confidence_manipulation_check,definite_correct:dpql_5223,definite_correct,5.0,confidence_manipulation_check,0.7175747448189213
ambiguous:ambigqa_train_-4861369907584367396|alpha=5|measure=confidence_manipulation_check,ambiguous:ambigqa_train_-4861369907584367396,ambiguous,5.0,confidence_manipulation_check,0.6494978326247519
definite_false:dpql_3827|alpha=5|measure=confidence_manipulation_check,definite_false:dpql_3827,definite_false,5.0,confidence_manipulation_check,0.6653295010552028
definite_false:tc_1535|alpha=5|measure=confidence_manipulation_check,definite_false:tc_1535,definite_false,5.0,confidence_manipulation_check,0.7393326203339712
ambiguous:ambigqa_train_-2840611200472199951|alpha=5|measure=confidence_manipulation_check,ambiguous:ambigqa_train_-2840611200472199951,ambiguous,5.0,confidence_manipulation_check,0.4701327363494784
definite_correct:wh_1933|alpha=5|measure=confidence_manipulation_check,definite_correct:wh_1933,definite_correct,5.0,confidence_manipulation_check,0.8346813177925668
definite_correct:qw_2634|alpha=5|measure=confidence_manipulation_check,definite_correct:qw_2634,definite_correct,5.0,confidence_manipulation_check,0.8210379464691073
definite_correct:qb_8250|alpha=5|measure=confidence_manipulation_check,definite_correct:qb_8250,definite_correct,5.0,confidence_manipulation_check,0.7543634515865052
definite_correct:qb_7921|alpha=5|measure=confidence_manipulation_check,definite_correct:qb_7921,definite_correct,5.0,confidence_manipulation_check,0.7454069291189256
ambiguous:synthetic_ambiguity_eccd45548d369037|alpha=5|measure=confidence_manipulation_check,ambiguous:synthetic_ambiguity_eccd45548d369037,ambiguous,5.0,confidence_manipulation_check,0.33858681900092047
ambiguous:user_ambiguous_049|alpha=5|measure=confidence_manipulation_check,ambiguous:user_ambiguous_049,ambiguous,5.0,confidence_manipulation_check,0.3681594882393256
ambiguous:user_ambiguous_033|alpha=5|measure=confidence_manipulation_check,ambiguous:user_ambiguous_033,ambiguous,5.0,confidence_manipulation_check,0.32041535114403813
definite_false:dpql_4205|alpha=5|measure=confidence_manipulation_check,definite_false:dpql_4205,definite_false,5.0,confidence_manipulation_check,0.7418622494519127
definite_correct:bb_810|alpha=5|measure=confidence_manipulation_check,definite_correct:bb_810,definite_correct,5.0,confidence_manipulation_check,0.7207134400462564
ambiguous:user_ambiguous_055|alpha=5|measure=confidence_manipulation_check,ambiguous:user_ambiguous_055,ambiguous,5.0,confidence_manipulation_check,0.6372980423438548
definite_correct:bb_1135|alpha=5|measure=confidence_manipulation_check,definite_correct:bb_1135,definite_correct,5.0,confidence_manipulation_check,0.6982098916214852
ambiguous:user_ambiguous_091|alpha=5|measure=confidence_manipulation_check,ambiguous:user_ambiguous_091,ambiguous,5.0,confidence_manipulation_check,0.5813811058102147
definite_correct:bb_9184|alpha=5|measure=confidence_manipulation_check,definite_correct:bb_9184,definite_correct,5.0,confidence_manipulation_check,0.6877225710491074
definite_false:qb_3869|alpha=5|measure=confidence_manipulation_check,definite_false:qb_3869,definite_false,5.0,confidence_manipulation_check,0.792436034232378
ambiguous:ambigqa_train_-282133277527244056|alpha=5|measure=confidence_manipulation_check,ambiguous:ambigqa_train_-282133277527244056,ambiguous,5.0,confidence_manipulation_check,0.6338095468340725
ambiguous:user_ambiguous_064|alpha=5|measure=confidence_manipulation_check,ambiguous:user_ambiguous_064,ambiguous,5.0,confidence_manipulation_check,0.5063167407315632
ambiguous:user_ambiguous_024|alpha=5|measure=confidence_manipulation_check,ambiguous:user_ambiguous_024,ambiguous,5.0,confidence_manipulation_check,0.6541676421099054
definite_false:tc_2257|alpha=5|measure=confidence_manipulation_check,definite_false:tc_2257,definite_false,5.0,confidence_manipulation_check,0.2382584157632664
definite_correct:qw_393|alpha=5|measure=confidence_manipulation_check,definite_correct:qw_393,definite_correct,5.0,confidence_manipulation_check,0.7941737197550339
definite_false:dpql_151|alpha=5|measure=confidence_manipulation_check,definite_false:dpql_151,definite_false,5.0,confidence_manipulation_check,0.7516527271262021
definite_correct:wh_4358|alpha=5|measure=confidence_manipulation_check,definite_correct:wh_4358,definite_correct,5.0,confidence_manipulation_check,0.8041196086931734
ambiguous:user_ambiguous_063|alpha=5|measure=confidence_manipulation_check,ambiguous:user_ambiguous_063,ambiguous,5.0,confidence_manipulation_check,0.5096770316900802
definite_false:qb_2901|alpha=5|measure=confidence_manipulation_check,definite_false:qb_2901,definite_false,5.0,confidence_manipulation_check,0.3362127147964202
definite_correct:qw_1816|alpha=5|measure=confidence_manipulation_check,definite_correct:qw_1816,definite_correct,5.0,confidence_manipulation_check,0.8636490788367155
definite_false:bb_8205|alpha=5|measure=confidence_manipulation_check,definite_false:bb_8205,definite_false,5.0,confidence_manipulation_check,0.7694356026119521
definite_false:tc_2359|alpha=5|measure=confidence_manipulation_check,definite_false:tc_2359,definite_false,5.0,confidence_manipulation_check,0.718930242962142
definite_false:dpql_5115|alpha=5|measure=confidence_manipulation_check,definite_false:dpql_5115,definite_false,5.0,confidence_manipulation_check,0.3587729374878108
definite_correct:qb_9283|alpha=5|measure=confidence_manipulation_check,definite_correct:qb_9283,definite_correct,5.0,confidence_manipulation_check,0.7820909275556602
ambiguous:ambigqa_train_4887157859291163116|alpha=5|measure=confidence_manipulation_check,ambiguous:ambigqa_train_4887157859291163116,ambiguous,5.0,confidence_manipulation_check,0.653043325588078
definite_correct:wh_1303|alpha=5|measure=confidence_manipulation_check,definite_correct:wh_1303,definite_correct,5.0,confidence_manipulation_check,0.8221135930120113
definite_correct:qb_3516|alpha=5|measure=confidence_manipulation_check,definite_correct:qb_3516,definite_correct,5.0,confidence_manipulation_check,0.790542376978192
definite_false:tc_540|alpha=5|measure=confidence_manipulation_check,definite_false:tc_540,definite_false,5.0,confidence_manipulation_check,0.7773755566196997
definite_false:bb_4587|alpha=5|measure=confidence_manipulation_check,definite_false:bb_4587,definite_false,5.0,confidence_manipulation_check,0.3788522228598595
ambiguous:user_ambiguous_041|alpha=5|measure=confidence_manipulation_check,ambiguous:user_ambiguous_041,ambiguous,5.0,confidence_manipulation_check,0.7114187189729307
ambiguous:user_ambiguous_090|alpha=5|measure=confidence_manipulation_check,ambiguous:user_ambiguous_090,ambiguous,5.0,confidence_manipulation_check,0.6278804926936573
ambiguous:ambigqa_dev_-2928173928559810904|alpha=5|measure=confidence_manipulation_check,ambiguous:ambigqa_dev_-2928173928559810904,ambiguous,5.0,confidence_manipulation_check,0.6298765341537546
definite_correct:qb_6665|alpha=5|measure=confidence_manipulation_check,definite_correct:qb_6665,definite_correct,5.0,confidence_manipulation_check,0.7903132784559376
ambiguous:user_ambiguous_031|alpha=5|measure=confidence_manipulation_check,ambiguous:user_ambiguous_031,ambiguous,5.0,confidence_manipulation_check,0.1742786642498686
definite_correct:qb_10132|alpha=5|measure=confidence_manipulation_check,definite_correct:qb_10132,definite_correct,5.0,confidence_manipulation_check,0.8394494626375604
ambiguous:synthetic_ambiguity_d830565486f2d0b0|alpha=5|measure=confidence_manipulation_check,ambiguous:synthetic_ambiguity_d830565486f2d0b0,ambiguous,5.0,confidence_manipulation_check,0.6304234763424574
ambiguous:user_ambiguous_037|alpha=5|measure=confidence_manipulation_check,ambiguous:user_ambiguous_037,ambiguous,5.0,confidence_manipulation_check,0.735302867973678
ambiguous:user_ambiguous_018|alpha=5|measure=confidence_manipulation_check,ambiguous:user_ambiguous_018,ambiguous,5.0,confidence_manipulation_check,0.7948006963563331
ambiguous:user_ambiguous_019|alpha=5|measure=confidence_manipulation_check,ambiguous:user_ambiguous_019,ambiguous,5.0,confidence_manipulation_check,0.8132855103444201
definite_correct:bb_1467|alpha=5|measure=confidence_manipulation_check,definite_correct:bb_1467,definite_correct,5.0,confidence_manipulation_check,0.7104122779599947
ambiguous:synthetic_ambiguity_c51d6353acd62fc1|alpha=5|measure=confidence_manipulation_check,ambiguous:synthetic_ambiguity_c51d6353acd62fc1,ambiguous,5.0,confidence_manipulation_check,0.665690385794278
definite_false:bb_5317|alpha=5|measure=confidence_manipulation_check,definite_false:bb_5317,definite_false,5.0,confidence_manipulation_check,0.3662164381239563
definite_false:qw_5896|alpha=5|measure=confidence_manipulation_check,definite_false:qw_5896,definite_false,5.0,confidence_manipulation_check,0.662739105340006
definite_false:tc_2506|alpha=5|measure=confidence_manipulation_check,definite_false:tc_2506,definite_false,5.0,confidence_manipulation_check,0.8080707444052678
ambiguous:ambigqa_train_8846306718324708097|alpha=5|measure=confidence_manipulation_check,ambiguous:ambigqa_train_8846306718324708097,ambiguous,5.0,confidence_manipulation_check,0.7356293928428271
definite_false:qb_9244|alpha=5|measure=confidence_manipulation_check,definite_false:qb_9244,definite_false,5.0,confidence_manipulation_check,0.7003670321661047
definite_correct:qb_650|alpha=5|measure=confidence_manipulation_check,definite_correct:qb_650,definite_correct,5.0,confidence_manipulation_check,0.7267607777772497
definite_false:dpql_4977|alpha=5|measure=confidence_manipulation_check,definite_false:dpql_4977,definite_false,5.0,confidence_manipulation_check,0.7316019937623764
definite_correct:bb_121|alpha=5|measure=confidence_manipulation_check,definite_correct:bb_121,definite_correct,5.0,confidence_manipulation_check,0.6644925280626921
ambiguous:ambigqa_train_8480092557592561766|alpha=5|measure=confidence_manipulation_check,ambiguous:ambigqa_train_8480092557592561766,ambiguous,5.0,confidence_manipulation_check,0.1962928790366277
definite_correct:dpql_6083|alpha=5|measure=confidence_manipulation_check,definite_correct:dpql_6083,definite_correct,5.0,confidence_manipulation_check,0.7432896882316982
definite_correct:qw_5716|alpha=5|measure=confidence_manipulation_check,definite_correct:qw_5716,definite_correct,5.0,confidence_manipulation_check,0.6737698851829919
definite_false:qw_3500|alpha=5|measure=confidence_manipulation_check,definite_false:qw_3500,definite_false,5.0,confidence_manipulation_check,0.7421313179135041
definite_false:dpql_384|alpha=5|measure=confidence_manipulation_check,definite_false:dpql_384,definite_false,5.0,confidence_manipulation_check,0.5912609914783388
ambiguous:ambigqa_dev_-1684587227477882737|alpha=5|measure=confidence_manipulation_check,ambiguous:ambigqa_dev_-1684587227477882737,ambiguous,5.0,confidence_manipulation_check,0.6024342335469555
ambiguous:ambigqa_train_-4290930682953750669|alpha=5|measure=confidence_manipulation_check,ambiguous:ambigqa_train_-4290930682953750669,ambiguous,5.0,confidence_manipulation_check,0.7026176170238841
definite_false:qb_936|alpha=5|measure=confidence_manipulation_check,definite_false:qb_936,definite_false,5.0,confidence_manipulation_check,0.7925512298297122
ambiguous:ambigqa_train_6967337893340565499|alpha=5|measure=confidence_manipulation_check,ambiguous:ambigqa_train_6967337893340565499,ambiguous,5.0,confidence_manipulation_check,0.6831420739331321
ambiguous:synthetic_ambiguity_befa9c239cfadb1e|alpha=5|measure=confidence_manipulation_check,ambiguous:synthetic_ambiguity_befa9c239cfadb1e,ambiguous,5.0,confidence_manipulation_check,0.30172113303851805
definite_correct:bb_7263|alpha=5|measure=confidence_manipulation_check,definite_correct:bb_7263,definite_correct,5.0,confidence_manipulation_check,0.6768177668533042
ambiguous:ambigqa_train_389267376370423320|alpha=5|measure=confidence_manipulation_check,ambiguous:ambigqa_train_389267376370423320,ambiguous,5.0,confidence_manipulation_check,0.6420962787169401
definite_correct:qb_4336|alpha=5|measure=confidence_manipulation_check,definite_correct:qb_4336,definite_correct,5.0,confidence_manipulation_check,0.7686340183322272
definite_correct:qb_365|alpha=5|measure=confidence_manipulation_check,definite_correct:qb_365,definite_correct,5.0,confidence_manipulation_check,0.7284788938522979
definite_false:qw_3161|alpha=5|measure=confidence_manipulation_check,definite_false:qw_3161,definite_false,5.0,confidence_manipulation_check,0.64062252222393
definite_false:wh_527|alpha=0|measure=wager_abstention,definite_false:wh_527,definite_false,0.0,wager_abstention,0.9997965693473816
definite_false:bb_6487|alpha=0|measure=wager_abstention,definite_false:bb_6487,definite_false,0.0,wager_abstention,0.9940890073776245
definite_false:qw_3500|alpha=0|measure=wager_abstention,definite_false:qw_3500,definite_false,0.0,wager_abstention,0.9046505093574524
ambiguous:user_ambiguous_038|alpha=0|measure=wager_abstention,ambiguous:user_ambiguous_038,ambiguous,0.0,wager_abstention,0.9940890073776245
definite_false:dpql_4319|alpha=0|measure=wager_abstention,definite_false:dpql_4319,definite_false,0.0,wager_abstention,0.9996646642684937
definite_false:bb_5849|alpha=0|measure=wager_abstention,definite_false:bb_5849,definite_false,0.0,wager_abstention,0.9989677667617798
definite_false:tc_2506|alpha=0|measure=wager_abstention,definite_false:tc_2506,definite_false,0.0,wager_abstention,0.9997387528419495
ambiguous:user_ambiguous_001|alpha=0|measure=wager_abstention,ambiguous:user_ambiguous_001,ambiguous,0.0,wager_abstention,0.9986749291419983
ambiguous:ambigqa_dev_2248395039731877618|alpha=0|measure=wager_abstention,ambiguous:ambigqa_dev_2248395039731877618,ambiguous,0.0,wager_abstention,0.9988304972648621
definite_correct:bb_6465|alpha=0|measure=wager_abstention,definite_correct:bb_6465,definite_correct,0.0,wager_abstention,0.0001398220774717629
ambiguous:user_ambiguous_050|alpha=0|measure=wager_abstention,ambiguous:user_ambiguous_050,ambiguous,0.0,wager_abstention,0.9914224743843079
definite_false:bb_5317|alpha=0|measure=wager_abstention,definite_false:bb_5317,definite_false,0.0,wager_abstention,0.9999151229858398
definite_correct:bb_6024|alpha=0|measure=wager_abstention,definite_correct:bb_6024,definite_correct,0.0,wager_abstention,0.008577484637498856
definite_false:qb_3624|alpha=0|measure=wager_abstention,definite_false:qb_3624,definite_false,0.0,wager_abstention,0.9992903470993042
ambiguous:ambigqa_dev_-2928173928559810904|alpha=0|measure=wager_abstention,ambiguous:ambigqa_dev_-2928173928559810904,ambiguous,0.0,wager_abstention,0.562176525592804
ambiguous:synthetic_ambiguity_c51d6353acd62fc1|alpha=0|measure=wager_abstention,ambiguous:synthetic_ambiguity_c51d6353acd62fc1,ambiguous,0.0,wager_abstention,0.9924227595329285
ambiguous:user_ambiguous_015|alpha=0|measure=wager_abstention,ambiguous:user_ambiguous_015,ambiguous,0.0,wager_abstention,0.4378235340118408
definite_false:qw_1298|alpha=0|measure=wager_abstention,definite_false:qw_1298,definite_false,0.0,wager_abstention,0.9998601675033569
definite_false:bb_4587|alpha=0|measure=wager_abstention,definite_false:bb_4587,definite_false,0.0,wager_abstention,0.9996199607849121
definite_false:qw_4954|alpha=0|measure=wager_abstention,definite_false:qw_4954,definite_false,0.0,wager_abstention,0.9996199607849121
definite_false:qb_3987|alpha=0|measure=wager_abstention,definite_false:qb_3987,definite_false,0.0,wager_abstention,0.9995694756507874
definite_correct:bb_1467|alpha=0|measure=wager_abstention,definite_correct:bb_1467,definite_correct,0.0,wager_abstention,0.9046505093574524
definite_false:qb_3225|alpha=0|measure=wager_abstention,definite_false:qb_3225,definite_false,0.0,wager_abstention,0.9997695088386536
ambiguous:synthetic_ambiguity_127bbb74d142df4c|alpha=0|measure=wager_abstention,ambiguous:synthetic_ambiguity_127bbb74d142df4c,ambiguous,0.0,wager_abstention,0.9995121955871582
ambiguous:user_ambiguous_069|alpha=0|measure=wager_abstention,ambiguous:user_ambiguous_069,ambiguous,0.0,wager_abstention,0.7772998809814453
definite_correct:bb_810|alpha=0|measure=wager_abstention,definite_correct:bb_810,definite_correct,0.0,wager_abstention,0.8175744414329529
definite_correct:qb_8861|alpha=0|measure=wager_abstention,definite_correct:qb_8861,definite_correct,0.0,wager_abstention,0.0013250223128125072
definite_correct:qb_365|alpha=0|measure=wager_abstention,definite_correct:qb_365,definite_correct,0.0,wager_abstention,4.539786823443137e-05
definite_correct:qw_45|alpha=0|measure=wager_abstention,definite_correct:qw_45,definite_correct,0.0,wager_abstention,0.8175744414329529
ambiguous:user_ambiguous_035|alpha=0|measure=wager_abstention,ambiguous:user_ambiguous_035,ambiguous,0.0,wager_abstention,0.9989677667617798
ambiguous:user_ambiguous_091|alpha=0|measure=wager_abstention,ambiguous:user_ambiguous_091,ambiguous,0.0,wager_abstention,0.9324532747268677
definite_correct:bb_5566|alpha=0|measure=wager_abstention,definite_correct:bb_5566,definite_correct,0.0,wager_abstention,0.0019267345778644085
ambiguous:user_ambiguous_008|alpha=0|measure=wager_abstention,ambiguous:user_ambiguous_008,ambiguous,0.0,wager_abstention,0.9978172779083252
definite_correct:dpql_3447|alpha=0|measure=wager_abstention,definite_correct:dpql_3447,definite_correct,0.0,wager_abstention,0.0004305570910219103
definite_correct:qb_6086|alpha=0|measure=wager_abstention,definite_correct:qb_6086,definite_correct,0.0,wager_abstention,0.9971990585327148
ambiguous:user_ambiguous_033|alpha=0|measure=wager_abstention,ambiguous:user_ambiguous_033,ambiguous,0.0,wager_abstention,0.957912266254425
definite_false:qw_3199|alpha=0|measure=wager_abstention,definite_false:qw_3199,definite_false,0.0,wager_abstention,0.9998205304145813
definite_correct:bb_4832|alpha=0|measure=wager_abstention,definite_correct:bb_4832,definite_correct,0.0,wager_abstention,0.14804719388484955
ambiguous:user_ambiguous_026|alpha=0|measure=wager_abstention,ambiguous:user_ambiguous_026,ambiguous,0.0,wager_abstention,0.999373733997345
ambiguous:user_ambiguous_100|alpha=0|measure=wager_abstention,ambiguous:user_ambiguous_100,ambiguous,0.0,wager_abstention,0.9399133324623108
ambiguous:user_ambiguous_019|alpha=0|measure=wager_abstention,ambiguous:user_ambiguous_019,ambiguous,0.0,wager_abstention,0.14804719388484955
definite_false:bb_8112|alpha=0|measure=wager_abstention,definite_false:bb_8112,definite_false,0.0,wager_abstention,0.9986749291419983
definite_false:bb_7609|alpha=0|measure=wager_abstention,definite_false:bb_7609,definite_false,0.0,wager_abstention,0.9999039173126221
ambiguous:user_ambiguous_054|alpha=0|measure=wager_abstention,ambiguous:user_ambiguous_054,ambiguous,0.0,wager_abstention,0.562176525592804
ambiguous:ambigqa_train_-4861369907584367396|alpha=0|measure=wager_abstention,ambiguous:ambigqa_train_-4861369907584367396,ambiguous,0.0,wager_abstention,0.07585818320512772
ambiguous:ambigqa_dev_-1684587227477882737|alpha=0|measure=wager_abstention,ambiguous:ambigqa_dev_-1684587227477882737,ambiguous,0.0,wager_abstention,0.9994471669197083
ambiguous:user_ambiguous_076|alpha=0|measure=wager_abstention,ambiguous:user_ambiguous_076,ambiguous,0.0,wager_abstention,0.8175744414329529
ambiguous:user_ambiguous_017|alpha=0|measure=wager_abstention,ambiguous:user_ambiguous_017,ambiguous,0.0,wager_abstention,0.9149009585380554
definite_false:qb_355|alpha=0|measure=wager_abstention,definite_false:qb_355,definite_false,0.0,wager_abstention,0.3775406777858734
definite_correct:qb_8074|alpha=0|measure=wager_abstention,definite_correct:qb_8074,definite_correct,0.0,wager_abstention,0.0001795279822545126
definite_correct:qb_2932|alpha=0|measure=wager_abstention,definite_correct:qb_2932,definite_correct,0.0,wager_abstention,0.9046505093574524
definite_false:bb_981|alpha=0|measure=wager_abstention,definite_false:bb_981,definite_false,0.0,wager_abstention,0.9986749291419983
definite_false:qw_3353|alpha=0|measure=wager_abstention,definite_false:qw_3353,definite_false,0.0,wager_abstention,0.999373733997345
ambiguous:user_ambiguous_068|alpha=0|measure=wager_abstention,ambiguous:user_ambiguous_068,ambiguous,0.0,wager_abstention,0.9999339580535889
ambiguous:user_ambiguous_025|alpha=0|measure=wager_abstention,ambiguous:user_ambiguous_025,ambiguous,0.0,wager_abstention,0.9740425944328308
definite_correct:qb_8036|alpha=0|measure=wager_abstention,definite_correct:qb_8036,definite_correct,0.0,wager_abstention,0.9525741338729858
definite_correct:bb_5550|alpha=0|measure=wager_abstention,definite_correct:bb_5550,definite_correct,0.0,wager_abstention,0.8354835510253906
definite_correct:qw_4190|alpha=0|measure=wager_abstention,definite_correct:qw_4190,definite_correct,0.0,wager_abstention,0.00037998449988663197
ambiguous:ambigqa_train_6622540978806844416|alpha=0|measure=wager_abstention,ambiguous:ambigqa_train_6622540978806844416,ambiguous,0.0,wager_abstention,0.9975274205207825
definite_correct:qb_3191|alpha=0|measure=wager_abstention,definite_correct:qb_3191,definite_correct,0.0,wager_abstention,0.0002611903182696551
definite_correct:dpql_633|alpha=0|measure=wager_abstention,definite_correct:dpql_633,definite_correct,0.0,wager_abstention,0.0010322310263291001
ambiguous:synthetic_ambiguity_736399f8375cbe45|alpha=0|measure=wager_abstention,ambiguous:synthetic_ambiguity_736399f8375cbe45,ambiguous,0.0,wager_abstention,0.9995121955871582
definite_false:wh_252|alpha=0|measure=wager_abstention,definite_false:wh_252,definite_false,0.0,wager_abstention,0.9982993006706238
definite_false:qb_3296|alpha=0|measure=wager_abstention,definite_false:qb_3296,definite_false,0.0,wager_abstention,0.9840936064720154
definite_false:qz_1393|alpha=0|measure=wager_abstention,definite_false:qz_1393,definite_false,0.0,wager_abstention,0.9988304972648621
definite_correct:qb_9954|alpha=0|measure=wager_abstention,definite_correct:qb_9954,definite_correct,0.0,wager_abstention,9.610241977497935e-05
ambiguous:synthetic_ambiguity_0fb6efbc1bf0ec38|alpha=0|measure=wager_abstention,ambiguous:synthetic_ambiguity_0fb6efbc1bf0ec38,ambiguous,0.0,wager_abstention,0.9995121955871582
definite_false:qw_3161|alpha=0|measure=wager_abstention,definite_false:qw_3161,definite_false,0.0,wager_abstention,0.9990890026092529
definite_false:qb_2899|alpha=0|measure=wager_abstention,definite_false:qb_2899,definite_false,0.0,wager_abstention,0.9964063763618469
ambiguous:user_ambiguous_024|alpha=0|measure=wager_abstention,ambiguous:user_ambiguous_024,ambiguous,0.0,wager_abstention,0.9994471669197083
definite_correct:qw_1211|alpha=0|measure=wager_abstention,definite_correct:qw_1211,definite_correct,0.0,wager_abstention,0.00037998449988663197
definite_false:dpql_384|alpha=0|measure=wager_abstention,definite_false:dpql_384,definite_false,0.0,wager_abstention,0.9997040629386902
definite_correct:qb_4578|alpha=0|measure=wager_abstention,definite_correct:qb_4578,definite_correct,0.0,wager_abstention,0.09534946084022522
ambiguous:ambigqa_train_3267103377301376828|alpha=0|measure=wager_abstention,ambiguous:ambigqa_train_3267103377301376828,ambiguous,0.0,wager_abstention,0.622459352016449
definite_false:bb_5659|alpha=0|measure=wager_abstention,definite_false:bb_5659,definite_false,0.0,wager_abstention,0.9997387528419495
definite_correct:wh_4041|alpha=0|measure=wager_abstention,definite_correct:wh_4041,definite_correct,0.0,wager_abstention,0.9525741338729858
definite_false:dpql_5545|alpha=0|measure=wager_abstention,definite_false:dpql_5545,definite_false,0.0,wager_abstention,0.9626730680465698
definite_false:bb_596|alpha=0|measure=wager_abstention,definite_false:bb_596,definite_false,0.0,wager_abstention,0.9998910427093506
ambiguous:user_ambiguous_036|alpha=0|measure=wager_abstention,ambiguous:user_ambiguous_036,ambiguous,0.0,wager_abstention,0.9990890026092529
ambiguous:user_ambiguous_005|alpha=0|measure=wager_abstention,ambiguous:user_ambiguous_005,ambiguous,0.0,wager_abstention,0.9968273043632507
definite_correct:tc_1323|alpha=0|measure=wager_abstention,definite_correct:tc_1323,definite_correct,0.0,wager_abstention,0.2018132209777832
definite_correct:tc_1284|alpha=0|measure=wager_abstention,definite_correct:tc_1284,definite_correct,0.0,wager_abstention,0.0001795279822545126
definite_false:qb_2901|alpha=0|measure=wager_abstention,definite_false:qb_2901,definite_false,0.0,wager_abstention,0.999841570854187
definite_correct:bb_9184|alpha=0|measure=wager_abstention,definite_correct:bb_9184,definite_correct,0.0,wager_abstention,0.9740425944328308
ambiguous:user_ambiguous_059|alpha=0|measure=wager_abstention,ambiguous:user_ambiguous_059,ambiguous,0.0,wager_abstention,0.9241418242454529
ambiguous:ambigqa_train_4701094121253884727|alpha=0|measure=wager_abstention,ambiguous:ambigqa_train_4701094121253884727,ambiguous,0.0,wager_abstention,0.9947799444198608
ambiguous:user_ambiguous_032|alpha=0|measure=wager_abstention,ambiguous:user_ambiguous_032,ambiguous,0.0,wager_abstention,0.9046505093574524
ambiguous:ambigqa_dev_-2861341002123248407|alpha=0|measure=wager_abstention,ambiguous:ambigqa_dev_-2861341002123248407,ambiguous,0.0,wager_abstention,0.9859364032745361
definite_correct:qw_132|alpha=0|measure=wager_abstention,definite_correct:qw_132,definite_correct,0.0,wager_abstention,0.957912266254425
ambiguous:user_ambiguous_074|alpha=0|measure=wager_abstention,ambiguous:user_ambiguous_074,ambiguous,0.0,wager_abstention,0.9890130758285522
definite_false:bb_77|alpha=0|measure=wager_abstention,definite_false:bb_77,definite_false,0.0,wager_abstention,0.9971990585327148
definite_correct:qz_340|alpha=0|measure=wager_abstention,definite_correct:qz_340,definite_correct,0.0,wager_abstention,0.0013250223128125072
definite_correct:qb_8250|alpha=0|measure=wager_abstention,definite_correct:qb_8250,definite_correct,0.0,wager_abstention,0.9875683188438416
definite_false:tc_3120|alpha=0|measure=wager_abstention,definite_false:tc_3120,definite_false,0.0,wager_abstention,0.9996199607849121
definite_correct:qb_2497|alpha=0|measure=wager_abstention,definite_correct:qb_2497,definite_correct,0.0,wager_abstention,0.00015843621804378927
definite_correct:dpql_2538|alpha=0|measure=wager_abstention,definite_correct:dpql_2538,definite_correct,0.0,wager_abstention,0.9971990585327148
ambiguous:user_ambiguous_041|alpha=0|measure=wager_abstention,ambiguous:user_ambiguous_041,ambiguous,0.0,wager_abstention,0.7981867790222168
ambiguous:user_ambiguous_079|alpha=0|measure=wager_abstention,ambiguous:user_ambiguous_079,ambiguous,0.0,wager_abstention,0.9465966820716858
definite_false:dpql_1695|alpha=0|measure=wager_abstention,definite_false:dpql_1695,definite_false,0.0,wager_abstention,0.9996199607849121
definite_correct:bb_1135|alpha=0|measure=wager_abstention,definite_correct:bb_1135,definite_correct,0.0,wager_abstention,0.9924227595329285
definite_correct:qw_243|alpha=0|measure=wager_abstention,definite_correct:qw_243,definite_correct,0.0,wager_abstention,0.8354835510253906
ambiguous:ambigqa_train_-4290930682953750669|alpha=0|measure=wager_abstention,ambiguous:ambigqa_train_-4290930682953750669,ambiguous,0.0,wager_abstention,0.09534946084022522
ambiguous:user_ambiguous_045|alpha=0|measure=wager_abstention,ambiguous:user_ambiguous_045,ambiguous,0.0,wager_abstention,0.562176525592804
ambiguous:user_ambiguous_012|alpha=0|measure=wager_abstention,ambiguous:user_ambiguous_012,ambiguous,0.0,wager_abstention,0.9980732202529907
ambiguous:ambigqa_train_-2840611200472199951|alpha=0|measure=wager_abstention,ambiguous:ambigqa_train_-2840611200472199951,ambiguous,0.0,wager_abstention,0.9986749291419983
definite_false:bb_8893|alpha=0|measure=wager_abstention,definite_false:bb_8893,definite_false,0.0,wager_abstention,0.2689414322376251
ambiguous:user_ambiguous_093|alpha=0|measure=wager_abstention,ambiguous:user_ambiguous_093,ambiguous,0.0,wager_abstention,0.9980732202529907
definite_correct:bb_9251|alpha=0|measure=wager_abstention,definite_correct:bb_9251,definite_correct,0.0,wager_abstention,0.2689414322376251
definite_correct:bb_2920|alpha=0|measure=wager_abstention,definite_correct:bb_2920,definite_correct,0.0,wager_abstention,0.00037998449988663197
ambiguous:user_ambiguous_070|alpha=0|measure=wager_abstention,ambiguous:user_ambiguous_070,ambiguous,0.0,wager_abstention,0.9859364032745361
definite_correct:tc_955|alpha=0|measure=wager_abstention,definite_correct:tc_955,definite_correct,0.0,wager_abstention,0.977022647857666
ambiguous:user_ambiguous_063|alpha=0|measure=wager_abstention,ambiguous:user_ambiguous_063,ambiguous,0.0,wager_abstention,0.9990890026092529
definite_correct:qb_299|alpha=0|measure=wager_abstention,definite_correct:qb_299,definite_correct,0.0,wager_abstention,0.0004878571489825845
definite_false:tc_540|alpha=0|measure=wager_abstention,definite_false:tc_540,definite_false,0.0,wager_abstention,0.998498797416687
definite_correct:bb_6117|alpha=0|measure=wager_abstention,definite_correct:bb_6117,definite_correct,0.0,wager_abstention,0.9465966820716858
definite_correct:qw_2634|alpha=0|measure=wager_abstention,definite_correct:qw_2634,definite_correct,0.0,wager_abstention,0.9399133324623108
ambiguous:user_ambiguous_055|alpha=0|measure=wager_abstention,ambiguous:user_ambiguous_055,ambiguous,0.0,wager_abstention,0.8175744414329529
definite_correct:qb_3516|alpha=0|measure=wager_abstention,definite_correct:qb_3516,definite_correct,0.0,wager_abstention,0.7772998809814453
definite_correct:qw_1253|alpha=0|measure=wager_abstention,definite_correct:qw_1253,definite_correct,0.0,wager_abstention,0.0013250223128125072
definite_false:qb_5694|alpha=0|measure=wager_abstention,definite_false:qb_5694,definite_false,0.0,wager_abstention,0.9995121955871582
definite_correct:wh_453|alpha=0|measure=wager_abstention,definite_correct:wh_453,definite_correct,0.0,wager_abstention,0.053403329104185104
ambiguous:user_ambiguous_066|alpha=0|measure=wager_abstention,ambiguous:user_ambiguous_066,ambiguous,0.0,wager_abstention,0.9998601675033569
definite_false:tc_2556|alpha=0|measure=wager_abstention,definite_false:tc_2556,definite_false,0.0,wager_abstention,0.9996646642684937
ambiguous:synthetic_ambiguity_d830565486f2d0b0|alpha=0|measure=wager_abstention,ambiguous:synthetic_ambiguity_d830565486f2d0b0,ambiguous,0.0,wager_abstention,0.9997965693473816
definite_correct:dpql_971|alpha=0|measure=wager_abstention,definite_correct:dpql_971,definite_correct,0.0,wager_abstention,0.9890130758285522
definite_correct:qb_34|alpha=0|measure=wager_abstention,definite_correct:qb_34,definite_correct,0.0,wager_abstention,0.7772998809814453
definite_false:qw_3344|alpha=0|measure=wager_abstention,definite_false:qw_3344,definite_false,0.0,wager_abstention,0.9959298968315125
definite_correct:wh_1933|alpha=0|measure=wager_abstention,definite_correct:wh_1933,definite_correct,0.0,wager_abstention,0.0004305570910219103
definite_false:bb_2489|alpha=0|measure=wager_abstention,definite_false:bb_2489,definite_false,0.0,wager_abstention,0.9046505093574524
definite_false:qb_4446|alpha=0|measure=wager_abstention,definite_false:qb_4446,definite_false,0.0,wager_abstention,0.9964063763618469
definite_correct:qz_1139|alpha=0|measure=wager_abstention,definite_correct:qz_1139,definite_correct,0.0,wager_abstention,8.481104305246845e-05
definite_correct:qb_10132|alpha=0|measure=wager_abstention,definite_correct:qb_10132,definite_correct,0.0,wager_abstention,3.535625000949949e-05
definite_false:dpql_1059|alpha=0|measure=wager_abstention,definite_false:dpql_1059,definite_false,0.0,wager_abstention,0.562176525592804
definite_false:qw_3582|alpha=0|measure=wager_abstention,definite_false:qw_3582,definite_false,0.0,wager_abstention,0.9997040629386902
ambiguous:user_ambiguous_039|alpha=0|measure=wager_abstention,ambiguous:user_ambiguous_039,ambiguous,0.0,wager_abstention,0.9324532747268677
ambiguous:synthetic_ambiguity_77277aded01ef92e|alpha=0|measure=wager_abstention,ambiguous:synthetic_ambiguity_77277aded01ef92e,ambiguous,0.0,wager_abstention,0.999373733997345
definite_false:dpql_151|alpha=0|measure=wager_abstention,definite_false:dpql_151,definite_false,0.0,wager_abstention,0.9626730680465698
definite_correct:qb_1456|alpha=0|measure=wager_abstention,definite_correct:qb_1456,definite_correct,0.0,wager_abstention,0.00010889690020121634
definite_false:dpql_3827|alpha=0|measure=wager_abstention,definite_false:dpql_3827,definite_false,0.0,wager_abstention,0.9859364032745361
definite_false:wh_2424|alpha=0|measure=wager_abstention,definite_false:wh_2424,definite_false,0.0,wager_abstention,0.004609571769833565
definite_false:dpql_4754|alpha=0|measure=wager_abstention,definite_false:dpql_4754,definite_false,0.0,wager_abstention,0.9953904151916504
ambiguous:synthetic_ambiguity_7462141d7ff09177|alpha=0|measure=wager_abstention,ambiguous:synthetic_ambiguity_7462141d7ff09177,ambiguous,0.0,wager_abstention,0.9999645948410034
definite_correct:qb_4948|alpha=0|measure=wager_abstention,definite_correct:qb_4948,definite_correct,0.0,wager_abstention,0.006692850962281227
ambiguous:user_ambiguous_007|alpha=0|measure=wager_abstention,ambiguous:user_ambiguous_007,ambiguous,0.0,wager_abstention,0.9971990585327148
definite_false:qw_4953|alpha=0|measure=wager_abstention,definite_false:qw_4953,definite_false,0.0,wager_abstention,0.9989677667617798
definite_false:qb_3427|alpha=0|measure=wager_abstention,definite_false:qb_3427,definite_false,0.0,wager_abstention,0.999373733997345
definite_correct:bb_7263|alpha=0|measure=wager_abstention,definite_correct:bb_7263,definite_correct,0.0,wager_abstention,0.06754668802022934
definite_correct:qb_5063|alpha=0|measure=wager_abstention,definite_correct:qb_5063,definite_correct,0.0,wager_abstention,0.0011695101857185364
definite_correct:qb_1172|alpha=0|measure=wager_abstention,definite_correct:qb_1172,definite_correct,0.0,wager_abstention,0.29421496391296387
ambiguous:user_ambiguous_020|alpha=0|measure=wager_abstention,ambiguous:user_ambiguous_020,ambiguous,0.0,wager_abstention,0.8175744414329529
ambiguous:synthetic_ambiguity_befa9c239cfadb1e|alpha=0|measure=wager_abstention,ambiguous:synthetic_ambiguity_befa9c239cfadb1e,ambiguous,0.0,wager_abstention,0.9997387528419495
definite_correct:tc_2317|alpha=0|measure=wager_abstention,definite_correct:tc_2317,definite_correct,0.0,wager_abstention,0.0004305570910219103
ambiguous:user_ambiguous_073|alpha=0|measure=wager_abstention,ambiguous:user_ambiguous_073,ambiguous,0.0,wager_abstention,0.9996199607849121
definite_correct:bb_2326|alpha=0|measure=wager_abstention,definite_correct:bb_2326,definite_correct,0.0,wager_abstention,9.610241977497935e-05
definite_false:qb_7085|alpha=0|measure=wager_abstention,definite_false:qb_7085,definite_false,0.0,wager_abstention,0.9989677667617798
definite_false:bb_4519|alpha=0|measure=wager_abstention,definite_false:bb_4519,definite_false,0.0,wager_abstention,0.9998910427093506
definite_correct:qb_7271|alpha=0|measure=wager_abstention,definite_correct:qb_7271,definite_correct,0.0,wager_abstention,0.9626730680465698
definite_correct:qb_1435|alpha=0|measure=wager_abstention,definite_correct:qb_1435,definite_correct,0.0,wager_abstention,4.539786823443137e-05
definite_correct:qb_916|alpha=0|measure=wager_abstention,definite_correct:qb_916,definite_correct,0.0,wager_abstention,0.9820137619972229
definite_correct:qb_9452|alpha=0|measure=wager_abstention,definite_correct:qb_9452,definite_correct,0.0,wager_abstention,0.00037998449988663197
ambiguous:user_ambiguous_016|alpha=0|measure=wager_abstention,ambiguous:user_ambiguous_016,ambiguous,0.0,wager_abstention,0.9997040629386902
ambiguous:user_ambiguous_056|alpha=0|measure=wager_abstention,ambiguous:user_ambiguous_056,ambiguous,0.0,wager_abstention,0.977022647857666
ambiguous:user_ambiguous_064|alpha=0|measure=wager_abstention,ambiguous:user_ambiguous_064,ambiguous,0.0,wager_abstention,0.9989677667617798
definite_false:tc_2359|alpha=0|measure=wager_abstention,definite_false:tc_2359,definite_false,0.0,wager_abstention,0.9971990585327148
definite_correct:wh_4358|alpha=0|measure=wager_abstention,definite_correct:wh_4358,definite_correct,0.0,wager_abstention,0.9241418242454529
definite_false:bb_6668|alpha=0|measure=wager_abstention,definite_false:bb_6668,definite_false,0.0,wager_abstention,0.9996199607849121
definite_correct:wh_3778|alpha=0|measure=wager_abstention,definite_correct:wh_3778,definite_correct,0.0,wager_abstention,0.6791787147521973
definite_correct:wh_1303|alpha=0|measure=wager_abstention,definite_correct:wh_1303,definite_correct,0.0,wager_abstention,0.970687747001648
definite_correct:qb_2934|alpha=0|measure=wager_abstention,definite_correct:qb_2934,definite_correct,0.0,wager_abstention,0.9902915358543396
definite_correct:qw_6782|alpha=0|measure=wager_abstention,definite_correct:qw_6782,definite_correct,0.0,wager_abstention,0.0006263342220336199
ambiguous:ambigqa_train_-5746040628732928353|alpha=0|measure=wager_abstention,ambiguous:ambigqa_train_-5746040628732928353,ambiguous,0.0,wager_abstention,0.9995121955871582
definite_false:tc_3016|alpha=0|measure=wager_abstention,definite_false:tc_3016,definite_false,0.0,wager_abstention,0.9992903470993042
definite_false:wh_1706|alpha=0|measure=wager_abstention,definite_false:wh_1706,definite_false,0.0,wager_abstention,0.9990890026092529
definite_correct:dpql_5223|alpha=0|measure=wager_abstention,definite_correct:dpql_5223,definite_correct,0.0,wager_abstention,0.9971990585327148
definite_false:qb_2329|alpha=0|measure=wager_abstention,definite_false:qb_2329,definite_false,0.0,wager_abstention,0.999841570854187
definite_false:qw_3732|alpha=0|measure=wager_abstention,definite_false:qw_3732,definite_false,0.0,wager_abstention,0.9924227595329285
definite_false:qb_4397|alpha=0|measure=wager_abstention,definite_false:qb_4397,definite_false,0.0,wager_abstention,0.999841570854187
ambiguous:user_ambiguous_082|alpha=0|measure=wager_abstention,ambiguous:user_ambiguous_082,ambiguous,0.0,wager_abstention,0.9986749291419983
definite_correct:qw_393|alpha=0|measure=wager_abstention,definite_correct:qw_393,definite_correct,0.0,wager_abstention,0.00029595711384899914
definite_correct:qb_3684|alpha=0|measure=wager_abstention,definite_correct:qb_3684,definite_correct,0.0,wager_abstention,0.0002611903182696551
definite_correct:qb_650|alpha=0|measure=wager_abstention,definite_correct:qb_650,definite_correct,0.0,wager_abstention,0.0001398220774717629
ambiguous:user_ambiguous_004|alpha=0|measure=wager_abstention,ambiguous:user_ambiguous_004,ambiguous,0.0,wager_abstention,0.014063626527786255
definite_correct:tc_1602|alpha=0|measure=wager_abstention,definite_correct:tc_1602,definite_correct,0.0,wager_abstention,0.9465966820716858
definite_correct:qw_859|alpha=0|measure=wager_abstention,definite_correct:qw_859,definite_correct,0.0,wager_abstention,0.0031726828310638666
definite_false:dpql_753|alpha=0|measure=wager_abstention,definite_false:dpql_753,definite_false,0.0,wager_abstention,0.9992903470993042
definite_correct:qb_6665|alpha=0|measure=wager_abstention,definite_correct:qb_6665,definite_correct,0.0,wager_abstention,0.7772998809814453
definite_correct:qb_2589|alpha=0|measure=wager_abstention,definite_correct:qb_2589,definite_correct,0.0,wager_abstention,0.7981867790222168
definite_false:qw_6106|alpha=0|measure=wager_abstention,definite_false:qw_6106,definite_false,0.0,wager_abstention,0.9995121955871582
ambiguous:user_ambiguous_027|alpha=0|measure=wager_abstention,ambiguous:user_ambiguous_027,ambiguous,0.0,wager_abstention,0.9986749291419983
definite_false:bb_968|alpha=0|measure=wager_abstention,definite_false:bb_968,definite_false,0.0,wager_abstention,0.9992903470993042
definite_correct:qw_1068|alpha=0|measure=wager_abstention,definite_correct:qw_1068,definite_correct,0.0,wager_abstention,0.00037998449988663197
ambiguous:ambigqa_train_-5327098669371634148|alpha=0|measure=wager_abstention,ambiguous:ambigqa_train_-5327098669371634148,ambiguous,0.0,wager_abstention,0.998498797416687
definite_false:dpql_4053|alpha=0|measure=wager_abstention,definite_false:dpql_4053,definite_false,0.0,wager_abstention,0.9998766183853149
definite_correct:bb_121|alpha=0|measure=wager_abstention,definite_correct:bb_121,definite_correct,0.0,wager_abstention,0.0006263342220336199
definite_false:qb_1556|alpha=0|measure=wager_abstention,definite_false:qb_1556,definite_false,0.0,wager_abstention,0.7310585975646973
definite_correct:bb_436|alpha=0|measure=wager_abstention,definite_correct:bb_436,definite_correct,0.0,wager_abstention,0.2689414322376251
ambiguous:user_ambiguous_043|alpha=0|measure=wager_abstention,ambiguous:user_ambiguous_043,ambiguous,0.0,wager_abstention,0.9986749291419983
ambiguous:user_ambiguous_092|alpha=0|measure=wager_abstention,ambiguous:user_ambiguous_092,ambiguous,0.0,wager_abstention,0.6791787147521973
definite_correct:qb_4336|alpha=0|measure=wager_abstention,definite_correct:qb_4336,definite_correct,0.0,wager_abstention,5.144221358932555e-05
definite_false:wh_3277|alpha=0|measure=wager_abstention,definite_false:wh_3277,definite_false,0.0,wager_abstention,0.9986749291419983
ambiguous:user_ambiguous_081|alpha=0|measure=wager_abstention,ambiguous:user_ambiguous_081,ambiguous,0.0,wager_abstention,0.8175744414329529
definite_false:bb_1220|alpha=0|measure=wager_abstention,definite_false:bb_1220,definite_false,0.0,wager_abstention,0.9997040629386902
ambiguous:user_ambiguous_042|alpha=0|measure=wager_abstention,ambiguous:user_ambiguous_042,ambiguous,0.0,wager_abstention,0.8519527316093445
definite_correct:dpql_3467|alpha=0|measure=wager_abstention,definite_correct:dpql_3467,definite_correct,0.0,wager_abstention,0.004609571769833565
definite_false:qb_3869|alpha=0|measure=wager_abstention,definite_false:qb_3869,definite_false,0.0,wager_abstention,0.9999485015869141
ambiguous:ambigqa_train_-282133277527244056|alpha=0|measure=wager_abstention,ambiguous:ambigqa_train_-282133277527244056,ambiguous,0.0,wager_abstention,0.9982993006706238
definite_false:tc_2257|alpha=0|measure=wager_abstention,definite_false:tc_2257,definite_false,0.0,wager_abstention,0.9999251365661621
definite_correct:qb_2151|alpha=0|measure=wager_abstention,definite_correct:qb_2151,definite_correct,0.0,wager_abstention,0.9940890073776245
definite_correct:dpql_5846|alpha=0|measure=wager_abstention,definite_correct:dpql_5846,definite_correct,0.0,wager_abstention,0.0010322310263291001
definite_false:qb_2370|alpha=0|measure=wager_abstention,definite_false:qb_2370,definite_false,0.0,wager_abstention,0.9997695088386536
definite_correct:bb_500|alpha=0|measure=wager_abstention,definite_correct:bb_500,definite_correct,0.0,wager_abstention,0.00029595711384899914
definite_false:dpql_3319|alpha=0|measure=wager_abstention,definite_false:dpql_3319,definite_false,0.0,wager_abstention,0.9997387528419495
definite_false:dpql_4205|alpha=0|measure=wager_abstention,definite_false:dpql_4205,definite_false,0.0,wager_abstention,0.9982993006706238
ambiguous:user_ambiguous_048|alpha=0|measure=wager_abstention,ambiguous:user_ambiguous_048,ambiguous,0.0,wager_abstention,0.9959298968315125
ambiguous:user_ambiguous_094|alpha=0|measure=wager_abstention,ambiguous:user_ambiguous_094,ambiguous,0.0,wager_abstention,0.9971990585327148
ambiguous:user_ambiguous_075|alpha=0|measure=wager_abstention,ambiguous:user_ambiguous_075,ambiguous,0.0,wager_abstention,0.9999417066574097
definite_false:dpql_2259|alpha=0|measure=wager_abstention,definite_false:dpql_2259,definite_false,0.0,wager_abstention,0.9982993006706238
definite_correct:qb_6581|alpha=0|measure=wager_abstention,definite_correct:qb_6581,definite_correct,0.0,wager_abstention,0.00247262348420918
definite_correct:dpql_6083|alpha=0|measure=wager_abstention,definite_correct:dpql_6083,definite_correct,0.0,wager_abstention,0.00029595711384899914
definite_false:dpql_4977|alpha=0|measure=wager_abstention,definite_false:dpql_4977,definite_false,0.0,wager_abstention,0.9914224743843079
definite_false:qb_9682|alpha=0|measure=wager_abstention,definite_false:qb_9682,definite_false,0.0,wager_abstention,0.9995694756507874
definite_correct:qb_2148|alpha=0|measure=wager_abstention,definite_correct:qb_2148,definite_correct,0.0,wager_abstention,0.957912266254425
definite_correct:bb_5094|alpha=0|measure=wager_abstention,definite_correct:bb_5094,definite_correct,0.0,wager_abstention,0.9740425944328308
ambiguous:user_ambiguous_084|alpha=0|measure=wager_abstention,ambiguous:user_ambiguous_084,ambiguous,0.0,wager_abstention,0.9991958737373352
ambiguous:ambigqa_train_-6821663518687506172|alpha=0|measure=wager_abstention,ambiguous:ambigqa_train_-6821663518687506172,ambiguous,0.0,wager_abstention,0.9986749291419983
definite_false:qw_2399|alpha=0|measure=wager_abstention,definite_false:qw_2399,definite_false,0.0,wager_abstention,0.9997040629386902
definite_false:qb_2928|alpha=0|measure=wager_abstention,definite_false:qb_2928,definite_false,0.0,wager_abstention,0.9997965693473816
ambiguous:ambigqa_train_-4829972042995259834|alpha=0|measure=wager_abstention,ambiguous:ambigqa_train_-4829972042995259834,ambiguous,0.0,wager_abstention,0.3775406777858734
definite_false:dpql_5115|alpha=0|measure=wager_abstention,definite_false:dpql_5115,definite_false,0.0,wager_abstention,0.9998601675033569
definite_false:wh_2928|alpha=0|measure=wager_abstention,definite_false:wh_2928,definite_false,0.0,wager_abstention,0.9890130758285522
ambiguous:ambigqa_train_-6615422287569447999|alpha=0|measure=wager_abstention,ambiguous:ambigqa_train_-6615422287569447999,ambiguous,0.0,wager_abstention,0.9994471669197083
ambiguous:user_ambiguous_049|alpha=0|measure=wager_abstention,ambiguous:user_ambiguous_049,ambiguous,0.0,wager_abstention,0.9996646642684937
definite_correct:dpql_6346|alpha=0|measure=wager_abstention,definite_correct:dpql_6346,definite_correct,0.0,wager_abstention,0.0010322310263291001
ambiguous:user_ambiguous_071|alpha=0|measure=wager_abstention,ambiguous:user_ambiguous_071,ambiguous,0.0,wager_abstention,0.9525741338729858
definite_correct:tc_954|alpha=0|measure=wager_abstention,definite_correct:tc_954,definite_correct,0.0,wager_abstention,0.11920291185379028
definite_false:qz_3440|alpha=0|measure=wager_abstention,definite_false:qz_3440,definite_false,0.0,wager_abstention,0.9978172779083252
definite_false:dpql_3912|alpha=0|measure=wager_abstention,definite_false:dpql_3912,definite_false,0.0,wager_abstention,0.9968273043632507
definite_false:qw_5896|alpha=0|measure=wager_abstention,definite_false:qw_5896,definite_false,0.0,wager_abstention,0.9978172779083252
definite_false:tc_2728|alpha=0|measure=wager_abstention,definite_false:tc_2728,definite_false,0.0,wager_abstention,0.9999417066574097
ambiguous:synthetic_ambiguity_eccd45548d369037|alpha=0|measure=wager_abstention,ambiguous:synthetic_ambiguity_eccd45548d369037,ambiguous,0.0,wager_abstention,0.9992903470993042
ambiguous:ambigqa_train_8846306718324708097|alpha=0|measure=wager_abstention,ambiguous:ambigqa_train_8846306718324708097,ambiguous,0.0,wager_abstention,0.01590639166533947
ambiguous:user_ambiguous_018|alpha=0|measure=wager_abstention,ambiguous:user_ambiguous_018,ambiguous,0.0,wager_abstention,0.7310585975646973
definite_false:qw_5610|alpha=0|measure=wager_abstention,definite_false:qw_5610,definite_false,0.0,wager_abstention,0.7310585975646973
ambiguous:user_ambiguous_060|alpha=0|measure=wager_abstention,ambiguous:user_ambiguous_060,ambiguous,0.0,wager_abstention,0.9890130758285522
ambiguous:user_ambiguous_089|alpha=0|measure=wager_abstention,ambiguous:user_ambiguous_089,ambiguous,0.0,wager_abstention,0.970687747001648
ambiguous:ambigqa_train_4887157859291163116|alpha=0|measure=wager_abstention,ambiguous:ambigqa_train_4887157859291163116,ambiguous,0.0,wager_abstention,0.11920291185379028
definite_correct:qb_7921|alpha=0|measure=wager_abstention,definite_correct:qb_7921,definite_correct,0.0,wager_abstention,0.977022647857666
definite_false:qz_6898|alpha=0|measure=wager_abstention,definite_false:qz_6898,definite_false,0.0,wager_abstention,0.9996199607849121
definite_false:qb_6250|alpha=0|measure=wager_abstention,definite_false:qb_6250,definite_false,0.0,wager_abstention,0.9988304972648621
ambiguous:user_ambiguous_031|alpha=0|measure=wager_abstention,ambiguous:user_ambiguous_031,ambiguous,0.0,wager_abstention,0.9940890073776245
ambiguous:ambigqa_train_389267376370423320|alpha=0|measure=wager_abstention,ambiguous:ambigqa_train_389267376370423320,ambiguous,0.0,wager_abstention,0.9953904151916504
definite_false:bb_8205|alpha=0|measure=wager_abstention,definite_false:bb_8205,definite_false,0.0,wager_abstention,0.9989677667617798
definite_correct:wh_51|alpha=0|measure=wager_abstention,definite_correct:wh_51,definite_correct,0.0,wager_abstention,0.9399133324623108
definite_false:wh_451|alpha=0|measure=wager_abstention,definite_false:wh_451,definite_false,0.0,wager_abstention,0.9994471669197083
definite_correct:qb_3365|alpha=0|measure=wager_abstention,definite_correct:qb_3365,definite_correct,0.0,wager_abstention,0.8670357465744019
ambiguous:user_ambiguous_061|alpha=0|measure=wager_abstention,ambiguous:user_ambiguous_061,ambiguous,0.0,wager_abstention,0.7772998809814453
definite_correct:qz_5801|alpha=0|measure=wager_abstention,definite_correct:qz_5801,definite_correct,0.0,wager_abstention,0.00029595711384899914
definite_false:tc_1535|alpha=0|measure=wager_abstention,definite_false:tc_1535,definite_false,0.0,wager_abstention,0.9997040629386902
definite_false:qb_936|alpha=0|measure=wager_abstention,definite_false:qb_936,definite_false,0.0,wager_abstention,0.9840936064720154
definite_correct:qw_4882|alpha=0|measure=wager_abstention,definite_correct:qw_4882,definite_correct,0.0,wager_abstention,0.02595735527575016
definite_false:tc_349|alpha=0|measure=wager_abstention,definite_false:tc_349,definite_false,0.0,wager_abstention,0.9525741338729858
definite_false:bb_4598|alpha=0|measure=wager_abstention,definite_false:bb_4598,definite_false,0.0,wager_abstention,0.9996199607849121
definite_false:qb_919|alpha=0|measure=wager_abstention,definite_false:qb_919,definite_false,0.0,wager_abstention,0.06008664891123772
definite_false:dpql_3092|alpha=0|measure=wager_abstention,definite_false:dpql_3092,definite_false,0.0,wager_abstention,0.9996199607849121
ambiguous:user_ambiguous_099|alpha=0|measure=wager_abstention,ambiguous:user_ambiguous_099,ambiguous,0.0,wager_abstention,0.9982993006706238
definite_correct:qw_1421|alpha=0|measure=wager_abstention,definite_correct:qw_1421,definite_correct,0.0,wager_abstention,0.9940890073776245
definite_correct:qw_5335|alpha=0|measure=wager_abstention,definite_correct:qw_5335,definite_correct,0.0,wager_abstention,0.8807970285415649
definite_correct:qb_4415|alpha=0|measure=wager_abstention,definite_correct:qb_4415,definite_correct,0.0,wager_abstention,0.007577241398394108
ambiguous:ambigqa_dev_-9219689808672072116|alpha=0|measure=wager_abstention,ambiguous:ambigqa_dev_-9219689808672072116,ambiguous,0.0,wager_abstention,0.9988304972648621
definite_correct:qw_5716|alpha=0|measure=wager_abstention,definite_correct:qw_5716,definite_correct,0.0,wager_abstention,0.9992903470993042
definite_false:qb_3878|alpha=0|measure=wager_abstention,definite_false:qb_3878,definite_false,0.0,wager_abstention,0.9968273043632507
definite_correct:bb_20|alpha=0|measure=wager_abstention,definite_correct:bb_20,definite_correct,0.0,wager_abstention,0.020332353189587593
ambiguous:user_ambiguous_062|alpha=0|measure=wager_abstention,ambiguous:user_ambiguous_062,ambiguous,0.0,wager_abstention,0.9968273043632507
definite_correct:qz_3927|alpha=0|measure=wager_abstention,definite_correct:qz_3927,definite_correct,0.0,wager_abstention,0.18242551386356354
ambiguous:user_ambiguous_088|alpha=0|measure=wager_abstention,ambiguous:user_ambiguous_088,ambiguous,0.0,wager_abstention,0.9796676635742188
ambiguous:ambigqa_train_-4847378126974715981|alpha=0|measure=wager_abstention,ambiguous:ambigqa_train_-4847378126974715981,ambiguous,0.0,wager_abstention,0.562176525592804
definite_false:qb_9244|alpha=0|measure=wager_abstention,definite_false:qb_9244,definite_false,0.0,wager_abstention,0.9740425944328308
definite_false:qw_5298|alpha=0|measure=wager_abstention,definite_false:qw_5298,definite_false,0.0,wager_abstention,0.9991958737373352
ambiguous:user_ambiguous_046|alpha=0|measure=wager_abstention,ambiguous:user_ambiguous_046,ambiguous,0.0,wager_abstention,0.998498797416687
definite_false:qz_2428|alpha=0|measure=wager_abstention,definite_false:qz_2428,definite_false,0.0,wager_abstention,0.9975274205207825
definite_correct:qb_9283|alpha=0|measure=wager_abstention,definite_correct:qb_9283,definite_correct,0.0,wager_abstention,0.9626730680465698
ambiguous:synthetic_ambiguity_39e9eaa2e03e1780|alpha=0|measure=wager_abstention,ambiguous:synthetic_ambiguity_39e9eaa2e03e1780,ambiguous,0.0,wager_abstention,0.9890130758285522
definite_correct:qw_1816|alpha=0|measure=wager_abstention,definite_correct:qw_1816,definite_correct,0.0,wager_abstention,0.6791787147521973
definite_false:bb_3805|alpha=0|measure=wager_abstention,definite_false:bb_3805,definite_false,0.0,wager_abstention,0.8354835510253906
ambiguous:user_ambiguous_090|alpha=0|measure=wager_abstention,ambiguous:user_ambiguous_090,ambiguous,0.0,wager_abstention,0.9991958737373352
definite_false:qb_4987|alpha=0|measure=wager_abstention,definite_false:qb_4987,definite_false,0.0,wager_abstention,0.9998910427093506
definite_correct:bb_8732|alpha=0|measure=wager_abstention,definite_correct:bb_8732,definite_correct,0.0,wager_abstention,0.0004305570910219103
definite_correct:dpql_2276|alpha=0|measure=wager_abstention,definite_correct:dpql_2276,definite_correct,0.0,wager_abstention,0.00015843621804378927
ambiguous:synthetic_ambiguity_db564851e7629ffa|alpha=0|measure=wager_abstention,ambiguous:synthetic_ambiguity_db564851e7629ffa,ambiguous,0.0,wager_abstention,0.977022647857666
ambiguous:ambigqa_train_8480092557592561766|alpha=0|measure=wager_abstention,ambiguous:ambigqa_train_8480092557592561766,ambiguous,0.0,wager_abstention,0.957912266254425
definite_false:bb_2616|alpha=0|measure=wager_abstention,definite_false:bb_2616,definite_false,0.0,wager_abstention,0.999841570854187
definite_false:qb_525|alpha=0|measure=wager_abstention,definite_false:qb_525,definite_false,0.0,wager_abstention,0.9997965693473816
ambiguous:user_ambiguous_037|alpha=0|measure=wager_abstention,ambiguous:user_ambiguous_037,ambiguous,0.0,wager_abstention,0.9924227595329285
ambiguous:ambigqa_train_6967337893340565499|alpha=0|measure=wager_abstention,ambiguous:ambigqa_train_6967337893340565499,ambiguous,0.0,wager_abstention,0.2689414322376251
ambiguous:user_ambiguous_029|alpha=0|measure=wager_abstention,ambiguous:user_ambiguous_029,ambiguous,0.0,wager_abstention,0.9399133324623108
definite_false:dpql_2396|alpha=0|measure=wager_abstention,definite_false:dpql_2396,definite_false,0.0,wager_abstention,0.8519527316093445
definite_correct:dpql_216|alpha=0|measure=wager_abstention,definite_correct:dpql_216,definite_correct,0.0,wager_abstention,0.8933094143867493
definite_false:dpql_3261|alpha=0|measure=wager_abstention,definite_false:dpql_3261,definite_false,0.0,wager_abstention,0.9995121955871582
ambiguous:user_ambiguous_078|alpha=0|measure=wager_abstention,ambiguous:user_ambiguous_078,ambiguous,0.0,wager_abstention,0.037326883524656296
ambiguous:user_ambiguous_034|alpha=0|measure=wager_abstention,ambiguous:user_ambiguous_034,ambiguous,0.0,wager_abstention,0.8519527316093445
ambiguous:user_ambiguous_025|alpha=0|measure=anomaly_continuous,ambiguous:user_ambiguous_025,ambiguous,0.0,anomaly_continuous,0.5
definite_false:qb_3427|alpha=0|measure=anomaly_continuous,definite_false:qb_3427,definite_false,0.0,anomaly_continuous,0.25
ambiguous:ambigqa_train_-6615422287569447999|alpha=0|measure=anomaly_continuous,ambiguous:ambigqa_train_-6615422287569447999,ambiguous,0.0,anomaly_continuous,0.5
ambiguous:user_ambiguous_084|alpha=0|measure=anomaly_continuous,ambiguous:user_ambiguous_084,ambiguous,0.0,anomaly_continuous,0.5
definite_false:qz_1393|alpha=0|measure=anomaly_continuous,definite_false:qz_1393,definite_false,0.0,anomaly_continuous,0.25
ambiguous:ambigqa_train_6622540978806844416|alpha=0|measure=anomaly_continuous,ambiguous:ambigqa_train_6622540978806844416,ambiguous,0.0,anomaly_continuous,0.5
definite_correct:qb_9283|alpha=0|measure=anomaly_continuous,definite_correct:qb_9283,definite_correct,0.0,anomaly_continuous,0.25
definite_false:tc_3016|alpha=0|measure=anomaly_continuous,definite_false:tc_3016,definite_false,0.0,anomaly_continuous,0.85
ambiguous:ambigqa_dev_-2861341002123248407|alpha=0|measure=anomaly_continuous,ambiguous:ambigqa_dev_-2861341002123248407,ambiguous,0.0,anomaly_continuous,0.5
definite_correct:qb_650|alpha=0|measure=anomaly_continuous,definite_correct:qb_650,definite_correct,0.0,anomaly_continuous,0.25
ambiguous:user_ambiguous_029|alpha=0|measure=anomaly_continuous,ambiguous:user_ambiguous_029,ambiguous,0.0,anomaly_continuous,0.5
definite_correct:bb_9184|alpha=0|measure=anomaly_continuous,definite_correct:bb_9184,definite_correct,0.0,anomaly_continuous,0.35
definite_false:qb_3624|alpha=0|measure=anomaly_continuous,definite_false:qb_3624,definite_false,0.0,anomaly_continuous,0.85
definite_false:wh_451|alpha=0|measure=anomaly_continuous,definite_false:wh_451,definite_false,0.0,anomaly_continuous,0.85
ambiguous:user_ambiguous_049|alpha=0|measure=anomaly_continuous,ambiguous:user_ambiguous_049,ambiguous,0.0,anomaly_continuous,0.5
definite_correct:qw_243|alpha=0|measure=anomaly_continuous,definite_correct:qw_243,definite_correct,0.0,anomaly_continuous,0.25
ambiguous:ambigqa_train_4887157859291163116|alpha=0|measure=anomaly_continuous,ambiguous:ambigqa_train_4887157859291163116,ambiguous,0.0,anomaly_continuous,0.25
definite_false:qb_2901|alpha=0|measure=anomaly_continuous,definite_false:qb_2901,definite_false,0.0,anomaly_continuous,0.85
definite_correct:tc_954|alpha=0|measure=anomaly_continuous,definite_correct:tc_954,definite_correct,0.0,anomaly_continuous,0.0
ambiguous:user_ambiguous_093|alpha=0|measure=anomaly_continuous,ambiguous:user_ambiguous_093,ambiguous,0.0,anomaly_continuous,0.85
definite_false:qz_6898|alpha=0|measure=anomaly_continuous,definite_false:qz_6898,definite_false,0.0,anomaly_continuous,0.25
definite_correct:wh_4358|alpha=0|measure=anomaly_continuous,definite_correct:wh_4358,definite_correct,0.0,anomaly_continuous,0.5
definite_false:qz_2428|alpha=0|measure=anomaly_continuous,definite_false:qz_2428,definite_false,0.0,anomaly_continuous,0.85
ambiguous:user_ambiguous_007|alpha=0|measure=anomaly_continuous,ambiguous:user_ambiguous_007,ambiguous,0.0,anomaly_continuous,0.25
definite_false:qb_4446|alpha=0|measure=anomaly_continuous,definite_false:qb_4446,definite_false,0.0,anomaly_continuous,0.85
definite_correct:dpql_2276|alpha=0|measure=anomaly_continuous,definite_correct:dpql_2276,definite_correct,0.0,anomaly_continuous,0.25
definite_correct:qb_7921|alpha=0|measure=anomaly_continuous,definite_correct:qb_7921,definite_correct,0.0,anomaly_continuous,0.0
definite_false:wh_2424|alpha=0|measure=anomaly_continuous,definite_false:wh_2424,definite_false,0.0,anomaly_continuous,0.25
definite_correct:qb_2589|alpha=0|measure=anomaly_continuous,definite_correct:qb_2589,definite_correct,0.0,anomaly_continuous,0.35
definite_correct:qw_4882|alpha=0|measure=anomaly_continuous,definite_correct:qw_4882,definite_correct,0.0,anomaly_continuous,0.25
definite_false:tc_3120|alpha=0|measure=anomaly_continuous,definite_false:tc_3120,definite_false,0.0,anomaly_continuous,0.25
ambiguous:user_ambiguous_100|alpha=0|measure=anomaly_continuous,ambiguous:user_ambiguous_100,ambiguous,0.0,anomaly_continuous,0.25
definite_correct:dpql_3447|alpha=0|measure=anomaly_continuous,definite_correct:dpql_3447,definite_correct,0.0,anomaly_continuous,0.25
definite_false:qw_3353|alpha=0|measure=anomaly_continuous,definite_false:qw_3353,definite_false,0.0,anomaly_continuous,0.25
ambiguous:ambigqa_train_-4861369907584367396|alpha=0|measure=anomaly_continuous,ambiguous:ambigqa_train_-4861369907584367396,ambiguous,0.0,anomaly_continuous,0.25
definite_false:wh_2928|alpha=0|measure=anomaly_continuous,definite_false:wh_2928,definite_false,0.0,anomaly_continuous,0.25
definite_false:qb_1556|alpha=0|measure=anomaly_continuous,definite_false:qb_1556,definite_false,0.0,anomaly_continuous,0.85
ambiguous:ambigqa_train_4701094121253884727|alpha=0|measure=anomaly_continuous,ambiguous:ambigqa_train_4701094121253884727,ambiguous,0.0,anomaly_continuous,0.25
definite_false:qb_2329|alpha=0|measure=anomaly_continuous,definite_false:qb_2329,definite_false,0.0,anomaly_continuous,0.25
definite_correct:wh_1303|alpha=0|measure=anomaly_continuous,definite_correct:wh_1303,definite_correct,0.0,anomaly_continuous,0.0
ambiguous:user_ambiguous_012|alpha=0|measure=anomaly_continuous,ambiguous:user_ambiguous_012,ambiguous,0.0,anomaly_continuous,0.25
definite_correct:bb_6117|alpha=0|measure=anomaly_continuous,definite_correct:bb_6117,definite_correct,0.0,anomaly_continuous,0.0
definite_correct:qb_4578|alpha=0|measure=anomaly_continuous,definite_correct:qb_4578,definite_correct,0.0,anomaly_continuous,0.25
definite_correct:wh_4041|alpha=0|measure=anomaly_continuous,definite_correct:wh_4041,definite_correct,0.0,anomaly_continuous,0.25
definite_correct:bb_9251|alpha=0|measure=anomaly_continuous,definite_correct:bb_9251,definite_correct,0.0,anomaly_continuous,0.25
definite_false:qw_3500|alpha=0|measure=anomaly_continuous,definite_false:qw_3500,definite_false,0.0,anomaly_continuous,0.25
definite_false:dpql_384|alpha=0|measure=anomaly_continuous,definite_false:dpql_384,definite_false,0.0,anomaly_continuous,0.25
ambiguous:user_ambiguous_032|alpha=0|measure=anomaly_continuous,ambiguous:user_ambiguous_032,ambiguous,0.0,anomaly_continuous,0.5
definite_correct:qb_4948|alpha=0|measure=anomaly_continuous,definite_correct:qb_4948,definite_correct,0.0,anomaly_continuous,0.0
definite_false:bb_5659|alpha=0|measure=anomaly_continuous,definite_false:bb_5659,definite_false,0.0,anomaly_continuous,0.85
ambiguous:ambigqa_train_6967337893340565499|alpha=0|measure=anomaly_continuous,ambiguous:ambigqa_train_6967337893340565499,ambiguous,0.0,anomaly_continuous,0.25
definite_correct:wh_453|alpha=0|measure=anomaly_continuous,definite_correct:wh_453,definite_correct,0.0,anomaly_continuous,0.25
definite_correct:bb_810|alpha=0|measure=anomaly_continuous,definite_correct:bb_810,definite_correct,0.0,anomaly_continuous,0.0
ambiguous:ambigqa_train_-282133277527244056|alpha=0|measure=anomaly_continuous,ambiguous:ambigqa_train_-282133277527244056,ambiguous,0.0,anomaly_continuous,0.5
definite_correct:qb_7271|alpha=0|measure=anomaly_continuous,definite_correct:qb_7271,definite_correct,0.0,anomaly_continuous,0.0
definite_correct:qz_5801|alpha=0|measure=anomaly_continuous,definite_correct:qz_5801,definite_correct,0.0,anomaly_continuous,0.25
definite_false:qw_4954|alpha=0|measure=anomaly_continuous,definite_false:qw_4954,definite_false,0.0,anomaly_continuous,0.85
ambiguous:ambigqa_dev_-9219689808672072116|alpha=0|measure=anomaly_continuous,ambiguous:ambigqa_dev_-9219689808672072116,ambiguous,0.0,anomaly_continuous,0.25
definite_correct:qb_9452|alpha=0|measure=anomaly_continuous,definite_correct:qb_9452,definite_correct,0.0,anomaly_continuous,0.0
definite_false:bb_4519|alpha=0|measure=anomaly_continuous,definite_false:bb_4519,definite_false,0.0,anomaly_continuous,0.85
definite_false:tc_2728|alpha=0|measure=anomaly_continuous,definite_false:tc_2728,definite_false,0.0,anomaly_continuous,0.85
ambiguous:user_ambiguous_099|alpha=0|measure=anomaly_continuous,ambiguous:user_ambiguous_099,ambiguous,0.0,anomaly_continuous,0.25
ambiguous:user_ambiguous_059|alpha=0|measure=anomaly_continuous,ambiguous:user_ambiguous_059,ambiguous,0.0,anomaly_continuous,0.25
definite_correct:qb_6086|alpha=0|measure=anomaly_continuous,definite_correct:qb_6086,definite_correct,0.0,anomaly_continuous,0.0
ambiguous:synthetic_ambiguity_127bbb74d142df4c|alpha=0|measure=anomaly_continuous,ambiguous:synthetic_ambiguity_127bbb74d142df4c,ambiguous,0.0,anomaly_continuous,0.5
ambiguous:user_ambiguous_056|alpha=0|measure=anomaly_continuous,ambiguous:user_ambiguous_056,ambiguous,0.0,anomaly_continuous,0.85
definite_correct:qb_6665|alpha=0|measure=anomaly_continuous,definite_correct:qb_6665,definite_correct,0.0,anomaly_continuous,0.85
definite_false:qb_3869|alpha=0|measure=anomaly_continuous,definite_false:qb_3869,definite_false,0.0,anomaly_continuous,0.85
definite_false:bb_981|alpha=0|measure=anomaly_continuous,definite_false:bb_981,definite_false,0.0,anomaly_continuous,0.85
ambiguous:user_ambiguous_074|alpha=0|measure=anomaly_continuous,ambiguous:user_ambiguous_074,ambiguous,0.0,anomaly_continuous,0.5
ambiguous:user_ambiguous_027|alpha=0|measure=anomaly_continuous,ambiguous:user_ambiguous_027,ambiguous,0.0,anomaly_continuous,0.25
definite_correct:qb_8074|alpha=0|measure=anomaly_continuous,definite_correct:qb_8074,definite_correct,0.0,anomaly_continuous,0.85
definite_false:tc_2506|alpha=0|measure=anomaly_continuous,definite_false:tc_2506,definite_false,0.0,anomaly_continuous,0.25
definite_correct:dpql_5846|alpha=0|measure=anomaly_continuous,definite_correct:dpql_5846,definite_correct,0.0,anomaly_continuous,0.25
ambiguous:ambigqa_dev_-2928173928559810904|alpha=0|measure=anomaly_continuous,ambiguous:ambigqa_dev_-2928173928559810904,ambiguous,0.0,anomaly_continuous,0.25
definite_correct:qb_4415|alpha=0|measure=anomaly_continuous,definite_correct:qb_4415,definite_correct,0.0,anomaly_continuous,0.0
ambiguous:user_ambiguous_017|alpha=0|measure=anomaly_continuous,ambiguous:user_ambiguous_017,ambiguous,0.0,anomaly_continuous,0.5
definite_correct:bb_1135|alpha=0|measure=anomaly_continuous,definite_correct:bb_1135,definite_correct,0.0,anomaly_continuous,0.35
ambiguous:user_ambiguous_039|alpha=0|measure=anomaly_continuous,ambiguous:user_ambiguous_039,ambiguous,0.0,anomaly_continuous,0.5
definite_correct:bb_2920|alpha=0|measure=anomaly_continuous,definite_correct:bb_2920,definite_correct,0.0,anomaly_continuous,0.85
ambiguous:user_ambiguous_063|alpha=0|measure=anomaly_continuous,ambiguous:user_ambiguous_063,ambiguous,0.0,anomaly_continuous,0.25
definite_correct:wh_51|alpha=0|measure=anomaly_continuous,definite_correct:wh_51,definite_correct,0.0,anomaly_continuous,0.85
definite_correct:qb_916|alpha=0|measure=anomaly_continuous,definite_correct:qb_916,definite_correct,0.0,anomaly_continuous,0.85
ambiguous:ambigqa_train_8480092557592561766|alpha=0|measure=anomaly_continuous,ambiguous:ambigqa_train_8480092557592561766,ambiguous,0.0,anomaly_continuous,0.85
ambiguous:user_ambiguous_018|alpha=0|measure=anomaly_continuous,ambiguous:user_ambiguous_018,ambiguous,0.0,anomaly_continuous,0.25
ambiguous:user_ambiguous_043|alpha=0|measure=anomaly_continuous,ambiguous:user_ambiguous_043,ambiguous,0.0,anomaly_continuous,0.25
definite_false:bb_6668|alpha=0|measure=anomaly_continuous,definite_false:bb_6668,definite_false,0.0,anomaly_continuous,0.25
definite_false:qw_3582|alpha=0|measure=anomaly_continuous,definite_false:qw_3582,definite_false,0.0,anomaly_continuous,0.85
definite_false:tc_1535|alpha=0|measure=anomaly_continuous,definite_false:tc_1535,definite_false,0.0,anomaly_continuous,0.85
definite_false:qw_1298|alpha=0|measure=anomaly_continuous,definite_false:qw_1298,definite_false,0.0,anomaly_continuous,0.85
ambiguous:user_ambiguous_069|alpha=0|measure=anomaly_continuous,ambiguous:user_ambiguous_069,ambiguous,0.0,anomaly_continuous,0.5
definite_correct:dpql_2538|alpha=0|measure=anomaly_continuous,definite_correct:dpql_2538,definite_correct,0.0,anomaly_continuous,0.25
ambiguous:user_ambiguous_004|alpha=0|measure=anomaly_continuous,ambiguous:user_ambiguous_004,ambiguous,0.0,anomaly_continuous,0.25
definite_false:tc_2359|alpha=0|measure=anomaly_continuous,definite_false:tc_2359,definite_false,0.0,anomaly_continuous,0.25
definite_false:tc_2556|alpha=0|measure=anomaly_continuous,definite_false:tc_2556,definite_false,0.0,anomaly_continuous,0.85
ambiguous:synthetic_ambiguity_0fb6efbc1bf0ec38|alpha=0|measure=anomaly_continuous,ambiguous:synthetic_ambiguity_0fb6efbc1bf0ec38,ambiguous,0.0,anomaly_continuous,0.25
ambiguous:user_ambiguous_090|alpha=0|measure=anomaly_continuous,ambiguous:user_ambiguous_090,ambiguous,0.0,anomaly_continuous,0.5
ambiguous:user_ambiguous_037|alpha=0|measure=anomaly_continuous,ambiguous:user_ambiguous_037,ambiguous,0.0,anomaly_continuous,0.5
definite_correct:qw_2634|alpha=0|measure=anomaly_continuous,definite_correct:qw_2634,definite_correct,0.0,anomaly_continuous,0.85
ambiguous:user_ambiguous_060|alpha=0|measure=anomaly_continuous,ambiguous:user_ambiguous_060,ambiguous,0.0,anomaly_continuous,0.25
definite_false:dpql_4754|alpha=0|measure=anomaly_continuous,definite_false:dpql_4754,definite_false,0.0,anomaly_continuous,0.25
ambiguous:ambigqa_train_-4290930682953750669|alpha=0|measure=anomaly_continuous,ambiguous:ambigqa_train_-4290930682953750669,ambiguous,0.0,anomaly_continuous,0.25
definite_false:dpql_4319|alpha=0|measure=anomaly_continuous,definite_false:dpql_4319,definite_false,0.0,anomaly_continuous,0.85
definite_false:tc_349|alpha=0|measure=anomaly_continuous,definite_false:tc_349,definite_false,0.0,anomaly_continuous,0.85
definite_false:bb_4587|alpha=0|measure=anomaly_continuous,definite_false:bb_4587,definite_false,0.0,anomaly_continuous,0.85
definite_false:bb_2489|alpha=0|measure=anomaly_continuous,definite_false:bb_2489,definite_false,0.0,anomaly_continuous,0.25
ambiguous:user_ambiguous_092|alpha=0|measure=anomaly_continuous,ambiguous:user_ambiguous_092,ambiguous,0.0,anomaly_continuous,0.5
definite_false:qb_4987|alpha=0|measure=anomaly_continuous,definite_false:qb_4987,definite_false,0.0,anomaly_continuous,0.85
definite_correct:bb_500|alpha=0|measure=anomaly_continuous,definite_correct:bb_500,definite_correct,0.0,anomaly_continuous,0.85
definite_correct:qw_1068|alpha=0|measure=anomaly_continuous,definite_correct:qw_1068,definite_correct,0.0,anomaly_continuous,0.25
definite_false:dpql_3092|alpha=0|measure=anomaly_continuous,definite_false:dpql_3092,definite_false,0.0,anomaly_continuous,0.85
definite_false:wh_527|alpha=0|measure=anomaly_continuous,definite_false:wh_527,definite_false,0.0,anomaly_continuous,0.85
definite_false:qb_9682|alpha=0|measure=anomaly_continuous,definite_false:qb_9682,definite_false,0.0,anomaly_continuous,0.25
ambiguous:user_ambiguous_068|alpha=0|measure=anomaly_continuous,ambiguous:user_ambiguous_068,ambiguous,0.0,anomaly_continuous,0.85
definite_correct:qb_2148|alpha=0|measure=anomaly_continuous,definite_correct:qb_2148,definite_correct,0.0,anomaly_continuous,0.25
ambiguous:synthetic_ambiguity_befa9c239cfadb1e|alpha=0|measure=anomaly_continuous,ambiguous:synthetic_ambiguity_befa9c239cfadb1e,ambiguous,0.0,anomaly_continuous,0.5
definite_false:qb_2928|alpha=0|measure=anomaly_continuous,definite_false:qb_2928,definite_false,0.0,anomaly_continuous,0.85
ambiguous:user_ambiguous_075|alpha=0|measure=anomaly_continuous,ambiguous:user_ambiguous_075,ambiguous,0.0,anomaly_continuous,0.5
ambiguous:ambigqa_train_-4847378126974715981|alpha=0|measure=anomaly_continuous,ambiguous:ambigqa_train_-4847378126974715981,ambiguous,0.0,anomaly_continuous,0.25
definite_false:bb_596|alpha=0|measure=anomaly_continuous,definite_false:bb_596,definite_false,0.0,anomaly_continuous,0.85
ambiguous:user_ambiguous_089|alpha=0|measure=anomaly_continuous,ambiguous:user_ambiguous_089,ambiguous,0.0,anomaly_continuous,0.5
definite_correct:qz_3927|alpha=0|measure=anomaly_continuous,definite_correct:qz_3927,definite_correct,0.0,anomaly_continuous,0.5
definite_false:tc_2257|alpha=0|measure=anomaly_continuous,definite_false:tc_2257,definite_false,0.0,anomaly_continuous,0.85
ambiguous:user_ambiguous_031|alpha=0|measure=anomaly_continuous,ambiguous:user_ambiguous_031,ambiguous,0.0,anomaly_continuous,0.5
ambiguous:user_ambiguous_020|alpha=0|measure=anomaly_continuous,ambiguous:user_ambiguous_020,ambiguous,0.0,anomaly_continuous,0.25
ambiguous:user_ambiguous_033|alpha=0|measure=anomaly_continuous,ambiguous:user_ambiguous_033,ambiguous,0.0,anomaly_continuous,0.5
definite_false:dpql_2396|alpha=0|measure=anomaly_continuous,definite_false:dpql_2396,definite_false,0.0,anomaly_continuous,0.85
ambiguous:user_ambiguous_076|alpha=0|measure=anomaly_continuous,ambiguous:user_ambiguous_076,ambiguous,0.0,anomaly_continuous,0.5
ambiguous:ambigqa_train_3267103377301376828|alpha=0|measure=anomaly_continuous,ambiguous:ambigqa_train_3267103377301376828,ambiguous,0.0,anomaly_continuous,0.25
ambiguous:user_ambiguous_005|alpha=0|measure=anomaly_continuous,ambiguous:user_ambiguous_005,ambiguous,0.0,anomaly_continuous,0.25
definite_false:qb_2899|alpha=0|measure=anomaly_continuous,definite_false:qb_2899,definite_false,0.0,anomaly_continuous,0.25
ambiguous:user_ambiguous_015|alpha=0|measure=anomaly_continuous,ambiguous:user_ambiguous_015,ambiguous,0.0,anomaly_continuous,0.85
ambiguous:ambigqa_train_8846306718324708097|alpha=0|measure=anomaly_continuous,ambiguous:ambigqa_train_8846306718324708097,ambiguous,0.0,anomaly_continuous,0.25
definite_correct:qb_9954|alpha=0|measure=anomaly_continuous,definite_correct:qb_9954,definite_correct,0.0,anomaly_continuous,0.25
definite_correct:bb_6024|alpha=0|measure=anomaly_continuous,definite_correct:bb_6024,definite_correct,0.0,anomaly_continuous,0.85
definite_correct:bb_2326|alpha=0|measure=anomaly_continuous,definite_correct:bb_2326,definite_correct,0.0,anomaly_continuous,0.25
ambiguous:ambigqa_train_-5327098669371634148|alpha=0|measure=anomaly_continuous,ambiguous:ambigqa_train_-5327098669371634148,ambiguous,0.0,anomaly_continuous,0.25
definite_false:bb_6487|alpha=0|measure=anomaly_continuous,definite_false:bb_6487,definite_false,0.0,anomaly_continuous,0.25
ambiguous:user_ambiguous_035|alpha=0|measure=anomaly_continuous,ambiguous:user_ambiguous_035,ambiguous,0.0,anomaly_continuous,0.25
ambiguous:user_ambiguous_078|alpha=0|measure=anomaly_continuous,ambiguous:user_ambiguous_078,ambiguous,0.0,anomaly_continuous,0.85
definite_correct:qb_3365|alpha=0|measure=anomaly_continuous,definite_correct:qb_3365,definite_correct,0.0,anomaly_continuous,0.25
ambiguous:user_ambiguous_062|alpha=0|measure=anomaly_continuous,ambiguous:user_ambiguous_062,ambiguous,0.0,anomaly_continuous,0.5
ambiguous:user_ambiguous_054|alpha=0|measure=anomaly_continuous,ambiguous:user_ambiguous_054,ambiguous,0.0,anomaly_continuous,0.25
ambiguous:synthetic_ambiguity_39e9eaa2e03e1780|alpha=0|measure=anomaly_continuous,ambiguous:synthetic_ambiguity_39e9eaa2e03e1780,ambiguous,0.0,anomaly_continuous,0.25
definite_false:qw_6106|alpha=0|measure=anomaly_continuous,definite_false:qw_6106,definite_false,0.0,anomaly_continuous,0.85
definite_false:dpql_4977|alpha=0|measure=anomaly_continuous,definite_false:dpql_4977,definite_false,0.0,anomaly_continuous,0.25
definite_false:qb_7085|alpha=0|measure=anomaly_continuous,definite_false:qb_7085,definite_false,0.0,anomaly_continuous,0.85
definite_false:dpql_753|alpha=0|measure=anomaly_continuous,definite_false:dpql_753,definite_false,0.0,anomaly_continuous,0.25
definite_false:dpql_5545|alpha=0|measure=anomaly_continuous,definite_false:dpql_5545,definite_false,0.0,anomaly_continuous,0.25
ambiguous:user_ambiguous_064|alpha=0|measure=anomaly_continuous,ambiguous:user_ambiguous_064,ambiguous,0.0,anomaly_continuous,0.25
definite_false:qb_3296|alpha=0|measure=anomaly_continuous,definite_false:qb_3296,definite_false,0.0,anomaly_continuous,0.25
definite_correct:qb_8036|alpha=0|measure=anomaly_continuous,definite_correct:qb_8036,definite_correct,0.0,anomaly_continuous,0.85
definite_correct:qw_1253|alpha=0|measure=anomaly_continuous,definite_correct:qw_1253,definite_correct,0.0,anomaly_continuous,0.85
definite_false:qw_4953|alpha=0|measure=anomaly_continuous,definite_false:qw_4953,definite_false,0.0,anomaly_continuous,0.85
definite_false:qb_2370|alpha=0|measure=anomaly_continuous,definite_false:qb_2370,definite_false,0.0,anomaly_continuous,0.85
ambiguous:synthetic_ambiguity_c51d6353acd62fc1|alpha=0|measure=anomaly_continuous,ambiguous:synthetic_ambiguity_c51d6353acd62fc1,ambiguous,0.0,anomaly_continuous,0.5
definite_correct:qw_1421|alpha=0|measure=anomaly_continuous,definite_correct:qw_1421,definite_correct,0.0,anomaly_continuous,0.25
ambiguous:ambigqa_train_-4829972042995259834|alpha=0|measure=anomaly_continuous,ambiguous:ambigqa_train_-4829972042995259834,ambiguous,0.0,anomaly_continuous,0.25
ambiguous:user_ambiguous_066|alpha=0|measure=anomaly_continuous,ambiguous:user_ambiguous_066,ambiguous,0.0,anomaly_continuous,0.85
definite_correct:tc_1323|alpha=0|measure=anomaly_continuous,definite_correct:tc_1323,definite_correct,0.0,anomaly_continuous,0.0
definite_correct:bb_5566|alpha=0|measure=anomaly_continuous,definite_correct:bb_5566,definite_correct,0.0,anomaly_continuous,0.35
definite_correct:qb_3684|alpha=0|measure=anomaly_continuous,definite_correct:qb_3684,definite_correct,0.0,anomaly_continuous,0.0
definite_false:dpql_3827|alpha=0|measure=anomaly_continuous,definite_false:dpql_3827,definite_false,0.0,anomaly_continuous,0.25
definite_correct:qb_10132|alpha=0|measure=anomaly_continuous,definite_correct:qb_10132,definite_correct,0.0,anomaly_continuous,0.0
definite_false:dpql_2259|alpha=0|measure=anomaly_continuous,definite_false:dpql_2259,definite_false,0.0,anomaly_continuous,0.85
definite_false:bb_8112|alpha=0|measure=anomaly_continuous,definite_false:bb_8112,definite_false,0.0,anomaly_continuous,0.25
definite_correct:qw_393|alpha=0|measure=anomaly_continuous,definite_correct:qw_393,definite_correct,0.0,anomaly_continuous,0.0
definite_correct:qb_2151|alpha=0|measure=anomaly_continuous,definite_correct:qb_2151,definite_correct,0.0,anomaly_continuous,0.0
definite_false:dpql_3261|alpha=0|measure=anomaly_continuous,definite_false:dpql_3261,definite_false,0.0,anomaly_continuous,0.85
definite_correct:qb_5063|alpha=0|measure=anomaly_continuous,definite_correct:qb_5063,definite_correct,0.0,anomaly_continuous,0.25
ambiguous:user_ambiguous_016|alpha=0|measure=anomaly_continuous,ambiguous:user_ambiguous_016,ambiguous,0.0,anomaly_continuous,0.85
definite_false:qb_5694|alpha=0|measure=anomaly_continuous,definite_false:qb_5694,definite_false,0.0,anomaly_continuous,0.25
definite_correct:qb_2497|alpha=0|measure=anomaly_continuous,definite_correct:qb_2497,definite_correct,0.0,anomaly_continuous,0.0
definite_correct:bb_5550|alpha=0|measure=anomaly_continuous,definite_correct:bb_5550,definite_correct,0.0,anomaly_continuous,0.25
ambiguous:ambigqa_dev_-1684587227477882737|alpha=0|measure=anomaly_continuous,ambiguous:ambigqa_dev_-1684587227477882737,ambiguous,0.0,anomaly_continuous,0.25
ambiguous:ambigqa_train_-6821663518687506172|alpha=0|measure=anomaly_continuous,ambiguous:ambigqa_train_-6821663518687506172,ambiguous,0.0,anomaly_continuous,0.25
ambiguous:user_ambiguous_026|alpha=0|measure=anomaly_continuous,ambiguous:user_ambiguous_026,ambiguous,0.0,anomaly_continuous,0.5
definite_correct:qb_299|alpha=0|measure=anomaly_continuous,definite_correct:qb_299,definite_correct,0.0,anomaly_continuous,0.0
ambiguous:user_ambiguous_055|alpha=0|measure=anomaly_continuous,ambiguous:user_ambiguous_055,ambiguous,0.0,anomaly_continuous,0.25
definite_correct:qb_34|alpha=0|measure=anomaly_continuous,definite_correct:qb_34,definite_correct,0.0,anomaly_continuous,0.0
definite_correct:bb_1467|alpha=0|measure=anomaly_continuous,definite_correct:bb_1467,definite_correct,0.0,anomaly_continuous,0.25
ambiguous:user_ambiguous_081|alpha=0|measure=anomaly_continuous,ambiguous:user_ambiguous_081,ambiguous,0.0,anomaly_continuous,0.85
ambiguous:user_ambiguous_034|alpha=0|measure=anomaly_continuous,ambiguous:user_ambiguous_034,ambiguous,0.0,anomaly_continuous,0.5
definite_false:qb_3878|alpha=0|measure=anomaly_continuous,definite_false:qb_3878,definite_false,0.0,anomaly_continuous,0.85
definite_correct:qb_4336|alpha=0|measure=anomaly_continuous,definite_correct:qb_4336,definite_correct,0.0,anomaly_continuous,0.0
ambiguous:user_ambiguous_079|alpha=0|measure=anomaly_continuous,ambiguous:user_ambiguous_079,ambiguous,0.0,anomaly_continuous,0.5
definite_false:wh_252|alpha=0|measure=anomaly_continuous,definite_false:wh_252,definite_false,0.0,anomaly_continuous,0.85
definite_correct:qb_365|alpha=0|measure=anomaly_continuous,definite_correct:qb_365,definite_correct,0.0,anomaly_continuous,0.0
definite_false:dpql_4205|alpha=0|measure=anomaly_continuous,definite_false:dpql_4205,definite_false,0.0,anomaly_continuous,0.25
definite_false:qb_3987|alpha=0|measure=anomaly_continuous,definite_false:qb_3987,definite_false,0.0,anomaly_continuous,0.25
ambiguous:user_ambiguous_073|alpha=0|measure=anomaly_continuous,ambiguous:user_ambiguous_073,ambiguous,0.0,anomaly_continuous,0.5
definite_false:bb_2616|alpha=0|measure=anomaly_continuous,definite_false:bb_2616,definite_false,0.0,anomaly_continuous,0.85
definite_correct:bb_5094|alpha=0|measure=anomaly_continuous,definite_correct:bb_5094,definite_correct,0.0,anomaly_continuous,0.85
definite_false:bb_5317|alpha=0|measure=anomaly_continuous,definite_false:bb_5317,definite_false,0.0,anomaly_continuous,0.25
definite_correct:qb_1172|alpha=0|measure=anomaly_continuous,definite_correct:qb_1172,definite_correct,0.0,anomaly_continuous,0.0
definite_correct:bb_7263|alpha=0|measure=anomaly_continuous,definite_correct:bb_7263,definite_correct,0.0,anomaly_continuous,0.3
definite_false:bb_968|alpha=0|measure=anomaly_continuous,definite_false:bb_968,definite_false,0.0,anomaly_continuous,0.85
definite_correct:bb_6465|alpha=0|measure=anomaly_continuous,definite_correct:bb_6465,definite_correct,0.0,anomaly_continuous,0.25
definite_correct:wh_3778|alpha=0|measure=anomaly_continuous,definite_correct:wh_3778,definite_correct,0.0,anomaly_continuous,0.85
ambiguous:synthetic_ambiguity_77277aded01ef92e|alpha=0|measure=anomaly_continuous,ambiguous:synthetic_ambiguity_77277aded01ef92e,ambiguous,0.0,anomaly_continuous,0.5
ambiguous:user_ambiguous_091|alpha=0|measure=anomaly_continuous,ambiguous:user_ambiguous_091,ambiguous,0.0,anomaly_continuous,0.5
ambiguous:synthetic_ambiguity_736399f8375cbe45|alpha=0|measure=anomaly_continuous,ambiguous:synthetic_ambiguity_736399f8375cbe45,ambiguous,0.0,anomaly_continuous,0.5
definite_false:qw_5896|alpha=0|measure=anomaly_continuous,definite_false:qw_5896,definite_false,0.0,anomaly_continuous,0.85
ambiguous:ambigqa_train_-2840611200472199951|alpha=0|measure=anomaly_continuous,ambiguous:ambigqa_train_-2840611200472199951,ambiguous,0.0,anomaly_continuous,0.5
definite_false:dpql_5115|alpha=0|measure=anomaly_continuous,definite_false:dpql_5115,definite_false,0.0,anomaly_continuous,1.0
definite_false:qw_5610|alpha=0|measure=anomaly_continuous,definite_false:qw_5610,definite_false,0.0,anomaly_continuous,0.5
definite_correct:qw_5716|alpha=0|measure=anomaly_continuous,definite_correct:qw_5716,definite_correct,0.0,anomaly_continuous,0.85
definite_false:dpql_3912|alpha=0|measure=anomaly_continuous,definite_false:dpql_3912,definite_false,0.0,anomaly_continuous,0.25
definite_correct:qw_1816|alpha=0|measure=anomaly_continuous,definite_correct:qw_1816,definite_correct,0.0,anomaly_continuous,0.75
definite_correct:dpql_633|alpha=0|measure=anomaly_continuous,definite_correct:dpql_633,definite_correct,0.0,anomaly_continuous,0.85
ambiguous:user_ambiguous_042|alpha=0|measure=anomaly_continuous,ambiguous:user_ambiguous_042,ambiguous,0.0,anomaly_continuous,0.25
definite_correct:wh_1933|alpha=0|measure=anomaly_continuous,definite_correct:wh_1933,definite_correct,0.0,anomaly_continuous,0.85
definite_correct:qb_8861|alpha=0|measure=anomaly_continuous,definite_correct:qb_8861,definite_correct,0.0,anomaly_continuous,0.0
definite_false:dpql_1695|alpha=0|measure=anomaly_continuous,definite_false:dpql_1695,definite_false,0.0,anomaly_continuous,0.85
definite_false:qb_6250|alpha=0|measure=anomaly_continuous,definite_false:qb_6250,definite_false,0.0,anomaly_continuous,0.25
definite_false:dpql_3319|alpha=0|measure=anomaly_continuous,definite_false:dpql_3319,definite_false,0.0,anomaly_continuous,0.25
definite_false:dpql_1059|alpha=0|measure=anomaly_continuous,definite_false:dpql_1059,definite_false,0.0,anomaly_continuous,0.85
definite_correct:qw_1211|alpha=0|measure=anomaly_continuous,definite_correct:qw_1211,definite_correct,0.0,anomaly_continuous,0.85
ambiguous:user_ambiguous_088|alpha=0|measure=anomaly_continuous,ambiguous:user_ambiguous_088,ambiguous,0.0,anomaly_continuous,0.5
ambiguous:user_ambiguous_048|alpha=0|measure=anomaly_continuous,ambiguous:user_ambiguous_048,ambiguous,0.0,anomaly_continuous,0.25
definite_false:qb_355|alpha=0|measure=anomaly_continuous,definite_false:qb_355,definite_false,0.0,anomaly_continuous,0.25
definite_false:wh_3277|alpha=0|measure=anomaly_continuous,definite_false:wh_3277,definite_false,0.0,anomaly_continuous,0.85
definite_correct:qb_6581|alpha=0|measure=anomaly_continuous,definite_correct:qb_6581,definite_correct,0.0,anomaly_continuous,0.0
ambiguous:user_ambiguous_046|alpha=0|measure=anomaly_continuous,ambiguous:user_ambiguous_046,ambiguous,0.0,anomaly_continuous,0.25
ambiguous:user_ambiguous_050|alpha=0|measure=anomaly_continuous,ambiguous:user_ambiguous_050,ambiguous,0.0,anomaly_continuous,0.5
definite_false:qb_919|alpha=0|measure=anomaly_continuous,definite_false:qb_919,definite_false,0.0,anomaly_continuous,0.25
definite_correct:qb_1456|alpha=0|measure=anomaly_continuous,definite_correct:qb_1456,definite_correct,0.0,anomaly_continuous,0.25
definite_correct:qb_8250|alpha=0|measure=anomaly_continuous,definite_correct:qb_8250,definite_correct,0.0,anomaly_continuous,0.25
definite_false:bb_4598|alpha=0|measure=anomaly_continuous,definite_false:bb_4598,definite_false,0.0,anomaly_continuous,0.85
definite_false:qw_3161|alpha=0|measure=anomaly_continuous,definite_false:qw_3161,definite_false,0.0,anomaly_continuous,0.85
definite_correct:qb_3516|alpha=0|measure=anomaly_continuous,definite_correct:qb_3516,definite_correct,0.0,anomaly_continuous,0.0
definite_false:bb_77|alpha=0|measure=anomaly_continuous,definite_false:bb_77,definite_false,0.0,anomaly_continuous,0.25
ambiguous:synthetic_ambiguity_d830565486f2d0b0|alpha=0|measure=anomaly_continuous,ambiguous:synthetic_ambiguity_d830565486f2d0b0,ambiguous,0.0,anomaly_continuous,0.5
definite_false:dpql_151|alpha=0|measure=anomaly_continuous,definite_false:dpql_151,definite_false,0.0,anomaly_continuous,0.25
definite_correct:tc_2317|alpha=0|measure=anomaly_continuous,definite_correct:tc_2317,definite_correct,0.0,anomaly_continuous,0.5
definite_correct:qw_859|alpha=0|measure=anomaly_continuous,definite_correct:qw_859,definite_correct,0.0,anomaly_continuous,0.5
definite_false:qw_3344|alpha=0|measure=anomaly_continuous,definite_false:qw_3344,definite_false,0.0,anomaly_continuous,0.85
ambiguous:user_ambiguous_041|alpha=0|measure=anomaly_continuous,ambiguous:user_ambiguous_041,ambiguous,0.0,anomaly_continuous,0.5
definite_correct:qb_3191|alpha=0|measure=anomaly_continuous,definite_correct:qb_3191,definite_correct,0.0,anomaly_continuous,0.85
definite_correct:bb_4832|alpha=0|measure=anomaly_continuous,definite_correct:bb_4832,definite_correct,0.0,anomaly_continuous,0.25
definite_false:qb_9244|alpha=0|measure=anomaly_continuous,definite_false:qb_9244,definite_false,0.0,anomaly_continuous,0.25
definite_correct:dpql_5223|alpha=0|measure=anomaly_continuous,definite_correct:dpql_5223,definite_correct,0.0,anomaly_continuous,0.0
definite_correct:qb_2934|alpha=0|measure=anomaly_continuous,definite_correct:qb_2934,definite_correct,0.0,anomaly_continuous,0.25
definite_false:qb_4397|alpha=0|measure=anomaly_continuous,definite_false:qb_4397,definite_false,0.0,anomaly_continuous,0.85
definite_correct:qz_1139|alpha=0|measure=anomaly_continuous,definite_correct:qz_1139,definite_correct,0.0,anomaly_continuous,0.25
definite_correct:dpql_6083|alpha=0|measure=anomaly_continuous,definite_correct:dpql_6083,definite_correct,0.0,anomaly_continuous,0.25
definite_correct:dpql_216|alpha=0|measure=anomaly_continuous,definite_correct:dpql_216,definite_correct,0.0,anomaly_continuous,0.25
definite_correct:tc_1284|alpha=0|measure=anomaly_continuous,definite_correct:tc_1284,definite_correct,0.0,anomaly_continuous,0.0
ambiguous:user_ambiguous_045|alpha=0|measure=anomaly_continuous,ambiguous:user_ambiguous_045,ambiguous,0.0,anomaly_continuous,0.25
ambiguous:user_ambiguous_061|alpha=0|measure=anomaly_continuous,ambiguous:user_ambiguous_061,ambiguous,0.0,anomaly_continuous,0.25
definite_false:qw_3732|alpha=0|measure=anomaly_continuous,definite_false:qw_3732,definite_false,0.0,anomaly_continuous,0.0
definite_correct:tc_1602|alpha=0|measure=anomaly_continuous,definite_correct:tc_1602,definite_correct,0.0,anomaly_continuous,0.5
definite_correct:dpql_6346|alpha=0|measure=anomaly_continuous,definite_correct:dpql_6346,definite_correct,0.0,anomaly_continuous,0.25
definite_false:dpql_4053|alpha=0|measure=anomaly_continuous,definite_false:dpql_4053,definite_false,0.0,anomaly_continuous,0.3
definite_false:qw_2399|alpha=0|measure=anomaly_continuous,definite_false:qw_2399,definite_false,0.0,anomaly_continuous,0.25
ambiguous:user_ambiguous_094|alpha=0|measure=anomaly_continuous,ambiguous:user_ambiguous_094,ambiguous,0.0,anomaly_continuous,0.5
ambiguous:user_ambiguous_038|alpha=0|measure=anomaly_continuous,ambiguous:user_ambiguous_038,ambiguous,0.0,anomaly_continuous,0.5
ambiguous:ambigqa_dev_2248395039731877618|alpha=0|measure=anomaly_continuous,ambiguous:ambigqa_dev_2248395039731877618,ambiguous,0.0,anomaly_continuous,0.25
ambiguous:user_ambiguous_001|alpha=0|measure=anomaly_continuous,ambiguous:user_ambiguous_001,ambiguous,0.0,anomaly_continuous,0.85
definite_false:qb_3225|alpha=0|measure=anomaly_continuous,definite_false:qb_3225,definite_false,0.0,anomaly_continuous,0.25
definite_false:bb_5849|alpha=0|measure=anomaly_continuous,definite_false:bb_5849,definite_false,0.0,anomaly_continuous,0.85
definite_false:bb_7609|alpha=0|measure=anomaly_continuous,definite_false:bb_7609,definite_false,0.0,anomaly_continuous,0.85
ambiguous:synthetic_ambiguity_7462141d7ff09177|alpha=0|measure=anomaly_continuous,ambiguous:synthetic_ambiguity_7462141d7ff09177,ambiguous,0.0,anomaly_continuous,0.25
definite_false:qb_525|alpha=0|measure=anomaly_continuous,definite_false:qb_525,definite_false,0.0,anomaly_continuous,0.85
definite_correct:bb_8732|alpha=0|measure=anomaly_continuous,definite_correct:bb_8732,definite_correct,0.0,anomaly_continuous,0.25
ambiguous:ambigqa_train_389267376370423320|alpha=0|measure=anomaly_continuous,ambiguous:ambigqa_train_389267376370423320,ambiguous,0.0,anomaly_continuous,0.25
definite_false:qb_936|alpha=0|measure=anomaly_continuous,definite_false:qb_936,definite_false,0.0,anomaly_continuous,0.25
ambiguous:user_ambiguous_036|alpha=0|measure=anomaly_continuous,ambiguous:user_ambiguous_036,ambiguous,0.0,anomaly_continuous,0.25
ambiguous:user_ambiguous_024|alpha=0|measure=anomaly_continuous,ambiguous:user_ambiguous_024,ambiguous,0.0,anomaly_continuous,0.5
ambiguous:synthetic_ambiguity_db564851e7629ffa|alpha=0|measure=anomaly_continuous,ambiguous:synthetic_ambiguity_db564851e7629ffa,ambiguous,0.0,anomaly_continuous,0.25
definite_correct:bb_20|alpha=0|measure=anomaly_continuous,definite_correct:bb_20,definite_correct,0.0,anomaly_continuous,0.85
ambiguous:user_ambiguous_070|alpha=0|measure=anomaly_continuous,ambiguous:user_ambiguous_070,ambiguous,0.0,anomaly_continuous,0.5
definite_correct:dpql_971|alpha=0|measure=anomaly_continuous,definite_correct:dpql_971,definite_correct,0.0,anomaly_continuous,0.35
definite_correct:qz_340|alpha=0|measure=anomaly_continuous,definite_correct:qz_340,definite_correct,0.0,anomaly_continuous,0.25
definite_false:wh_1706|alpha=0|measure=anomaly_continuous,definite_false:wh_1706,definite_false,0.0,anomaly_continuous,0.85
definite_false:bb_1220|alpha=0|measure=anomaly_continuous,definite_false:bb_1220,definite_false,0.0,anomaly_continuous,0.95
definite_correct:qw_5335|alpha=0|measure=anomaly_continuous,definite_correct:qw_5335,definite_correct,0.0,anomaly_continuous,0.0
definite_false:qw_3199|alpha=0|measure=anomaly_continuous,definite_false:qw_3199,definite_false,0.0,anomaly_continuous,0.85
definite_false:bb_3805|alpha=0|measure=anomaly_continuous,definite_false:bb_3805,definite_false,0.0,anomaly_continuous,0.35
ambiguous:synthetic_ambiguity_eccd45548d369037|alpha=0|measure=anomaly_continuous,ambiguous:synthetic_ambiguity_eccd45548d369037,ambiguous,0.0,anomaly_continuous,0.5
ambiguous:user_ambiguous_082|alpha=0|measure=anomaly_continuous,ambiguous:user_ambiguous_082,ambiguous,0.0,anomaly_continuous,0.5
definite_correct:dpql_3467|alpha=0|measure=anomaly_continuous,definite_correct:dpql_3467,definite_correct,0.0,anomaly_continuous,0.25
definite_false:tc_540|alpha=0|measure=anomaly_continuous,definite_false:tc_540,definite_false,0.0,anomaly_continuous,0.85
definite_correct:qb_2932|alpha=0|measure=anomaly_continuous,definite_correct:qb_2932,definite_correct,0.0,anomaly_continuous,0.0
definite_false:bb_8205|alpha=0|measure=anomaly_continuous,definite_false:bb_8205,definite_false,0.0,anomaly_continuous,0.85
ambiguous:user_ambiguous_071|alpha=0|measure=anomaly_continuous,ambiguous:user_ambiguous_071,ambiguous,0.0,anomaly_continuous,0.5
definite_false:qw_5298|alpha=0|measure=anomaly_continuous,definite_false:qw_5298,definite_false,0.0,anomaly_continuous,0.85
definite_false:qz_3440|alpha=0|measure=anomaly_continuous,definite_false:qz_3440,definite_false,0.0,anomaly_continuous,0.5
definite_correct:tc_955|alpha=0|measure=anomaly_continuous,definite_correct:tc_955,definite_correct,0.0,anomaly_continuous,0.0
definite_false:bb_8893|alpha=0|measure=anomaly_continuous,definite_false:bb_8893,definite_false,0.0,anomaly_continuous,0.85
definite_correct:bb_436|alpha=0|measure=anomaly_continuous,definite_correct:bb_436,definite_correct,0.0,anomaly_continuous,0.35
definite_correct:bb_121|alpha=0|measure=anomaly_continuous,definite_correct:bb_121,definite_correct,0.0,anomaly_continuous,0.0
ambiguous:user_ambiguous_019|alpha=0|measure=anomaly_continuous,ambiguous:user_ambiguous_019,ambiguous,0.0,anomaly_continuous,0.85
definite_correct:qw_4190|alpha=0|measure=anomaly_continuous,definite_correct:qw_4190,definite_correct,0.0,anomaly_continuous,0.25
definite_correct:qw_6782|alpha=0|measure=anomaly_continuous,definite_correct:qw_6782,definite_correct,0.0,anomaly_continuous,0.85
definite_correct:qb_1435|alpha=0|measure=anomaly_continuous,definite_correct:qb_1435,definite_correct,0.0,anomaly_continuous,0.25
definite_correct:qw_45|alpha=0|measure=anomaly_continuous,definite_correct:qw_45,definite_correct,0.0,anomaly_continuous,0.0
ambiguous:user_ambiguous_008|alpha=0|measure=anomaly_continuous,ambiguous:user_ambiguous_008,ambiguous,0.0,anomaly_continuous,0.25
definite_correct:qw_132|alpha=0|measure=anomaly_continuous,definite_correct:qw_132,definite_correct,0.0,anomaly_continuous,0.25
ambiguous:ambigqa_train_-5746040628732928353|alpha=0|measure=anomaly_continuous,ambiguous:ambigqa_train_-5746040628732928353,ambiguous,0.0,anomaly_continuous,0.25
definite_false:tc_2506|alpha=10|measure=anomaly_continuous,definite_false:tc_2506,definite_false,10.0,anomaly_continuous,0.0
definite_false:tc_540|alpha=10|measure=anomaly_continuous,definite_false:tc_540,definite_false,10.0,anomaly_continuous,0.85
ambiguous:user_ambiguous_045|alpha=10|measure=anomaly_continuous,ambiguous:user_ambiguous_045,ambiguous,10.0,anomaly_continuous,0.25
definite_false:bb_8893|alpha=10|measure=anomaly_continuous,definite_false:bb_8893,definite_false,10.0,anomaly_continuous,0.85
ambiguous:user_ambiguous_018|alpha=10|measure=anomaly_continuous,ambiguous:user_ambiguous_018,ambiguous,10.0,anomaly_continuous,0.25
ambiguous:user_ambiguous_007|alpha=10|measure=anomaly_continuous,ambiguous:user_ambiguous_007,ambiguous,10.0,anomaly_continuous,0.25
ambiguous:ambigqa_train_6622540978806844416|alpha=10|measure=anomaly_continuous,ambiguous:ambigqa_train_6622540978806844416,ambiguous,10.0,anomaly_continuous,0.5
definite_correct:bb_9251|alpha=10|measure=anomaly_continuous,definite_correct:bb_9251,definite_correct,10.0,anomaly_continuous,0.25
definite_correct:qb_3365|alpha=10|measure=anomaly_continuous,definite_correct:qb_3365,definite_correct,10.0,anomaly_continuous,0.25
definite_correct:dpql_971|alpha=10|measure=anomaly_continuous,definite_correct:dpql_971,definite_correct,10.0,anomaly_continuous,0.25
definite_correct:qb_5063|alpha=10|measure=anomaly_continuous,definite_correct:qb_5063,definite_correct,10.0,anomaly_continuous,0.25
ambiguous:user_ambiguous_099|alpha=10|measure=anomaly_continuous,ambiguous:user_ambiguous_099,ambiguous,10.0,anomaly_continuous,0.25
definite_false:qb_2928|alpha=10|measure=anomaly_continuous,definite_false:qb_2928,definite_false,10.0,anomaly_continuous,0.85
definite_false:wh_451|alpha=10|measure=anomaly_continuous,definite_false:wh_451,definite_false,10.0,anomaly_continuous,0.25
definite_correct:qb_916|alpha=10|measure=anomaly_continuous,definite_correct:qb_916,definite_correct,10.0,anomaly_continuous,0.25
definite_false:dpql_1695|alpha=10|measure=anomaly_continuous,definite_false:dpql_1695,definite_false,10.0,anomaly_continuous,0.85
ambiguous:user_ambiguous_039|alpha=10|measure=anomaly_continuous,ambiguous:user_ambiguous_039,ambiguous,10.0,anomaly_continuous,0.25
definite_correct:wh_1303|alpha=10|measure=anomaly_continuous,definite_correct:wh_1303,definite_correct,10.0,anomaly_continuous,0.0
definite_correct:qz_3927|alpha=10|measure=anomaly_continuous,definite_correct:qz_3927,definite_correct,10.0,anomaly_continuous,0.0
ambiguous:synthetic_ambiguity_eccd45548d369037|alpha=10|measure=anomaly_continuous,ambiguous:synthetic_ambiguity_eccd45548d369037,ambiguous,10.0,anomaly_continuous,0.25
ambiguous:user_ambiguous_060|alpha=10|measure=anomaly_continuous,ambiguous:user_ambiguous_060,ambiguous,10.0,anomaly_continuous,0.25
definite_correct:wh_4041|alpha=10|measure=anomaly_continuous,definite_correct:wh_4041,definite_correct,10.0,anomaly_continuous,0.25
definite_correct:qw_1211|alpha=10|measure=anomaly_continuous,definite_correct:qw_1211,definite_correct,10.0,anomaly_continuous,0.85
definite_correct:qb_8036|alpha=10|measure=anomaly_continuous,definite_correct:qb_8036,definite_correct,10.0,anomaly_continuous,0.25
ambiguous:user_ambiguous_033|alpha=10|measure=anomaly_continuous,ambiguous:user_ambiguous_033,ambiguous,10.0,anomaly_continuous,0.5
ambiguous:user_ambiguous_001|alpha=10|measure=anomaly_continuous,ambiguous:user_ambiguous_001,ambiguous,10.0,anomaly_continuous,0.25
ambiguous:user_ambiguous_094|alpha=10|measure=anomaly_continuous,ambiguous:user_ambiguous_094,ambiguous,10.0,anomaly_continuous,0.25
definite_correct:dpql_2538|alpha=10|measure=anomaly_continuous,definite_correct:dpql_2538,definite_correct,10.0,anomaly_continuous,0.25
definite_correct:qb_9283|alpha=10|measure=anomaly_continuous,definite_correct:qb_9283,definite_correct,10.0,anomaly_continuous,0.25
definite_correct:qb_9954|alpha=10|measure=anomaly_continuous,definite_correct:qb_9954,definite_correct,10.0,anomaly_continuous,0.25
ambiguous:user_ambiguous_046|alpha=10|measure=anomaly_continuous,ambiguous:user_ambiguous_046,ambiguous,10.0,anomaly_continuous,0.25
definite_false:qb_936|alpha=10|measure=anomaly_continuous,definite_false:qb_936,definite_false,10.0,anomaly_continuous,0.25
definite_false:qw_6106|alpha=10|measure=anomaly_continuous,definite_false:qw_6106,definite_false,10.0,anomaly_continuous,0.85
definite_false:qb_919|alpha=10|measure=anomaly_continuous,definite_false:qb_919,definite_false,10.0,anomaly_continuous,0.25
ambiguous:user_ambiguous_071|alpha=10|measure=anomaly_continuous,ambiguous:user_ambiguous_071,ambiguous,10.0,anomaly_continuous,0.5
definite_correct:qw_393|alpha=10|measure=anomaly_continuous,definite_correct:qw_393,definite_correct,10.0,anomaly_continuous,0.0
ambiguous:user_ambiguous_093|alpha=10|measure=anomaly_continuous,ambiguous:user_ambiguous_093,ambiguous,10.0,anomaly_continuous,0.0
definite_false:dpql_4754|alpha=10|measure=anomaly_continuous,definite_false:dpql_4754,definite_false,10.0,anomaly_continuous,0.25
ambiguous:user_ambiguous_078|alpha=10|measure=anomaly_continuous,ambiguous:user_ambiguous_078,ambiguous,10.0,anomaly_continuous,0.85
definite_correct:tc_954|alpha=10|measure=anomaly_continuous,definite_correct:tc_954,definite_correct,10.0,anomaly_continuous,0.0
ambiguous:ambigqa_train_4701094121253884727|alpha=10|measure=anomaly_continuous,ambiguous:ambigqa_train_4701094121253884727,ambiguous,10.0,anomaly_continuous,0.25
ambiguous:ambigqa_train_-5327098669371634148|alpha=10|measure=anomaly_continuous,ambiguous:ambigqa_train_-5327098669371634148,ambiguous,10.0,anomaly_continuous,0.25
ambiguous:synthetic_ambiguity_736399f8375cbe45|alpha=10|measure=anomaly_continuous,ambiguous:synthetic_ambiguity_736399f8375cbe45,ambiguous,10.0,anomaly_continuous,0.5
definite_false:wh_252|alpha=10|measure=anomaly_continuous,definite_false:wh_252,definite_false,10.0,anomaly_continuous,0.35
ambiguous:user_ambiguous_041|alpha=10|measure=anomaly_continuous,ambiguous:user_ambiguous_041,ambiguous,10.0,anomaly_continuous,0.25
ambiguous:user_ambiguous_016|alpha=10|measure=anomaly_continuous,ambiguous:user_ambiguous_016,ambiguous,10.0,anomaly_continuous,0.5
ambiguous:synthetic_ambiguity_db564851e7629ffa|alpha=10|measure=anomaly_continuous,ambiguous:synthetic_ambiguity_db564851e7629ffa,ambiguous,10.0,anomaly_continuous,0.25
definite_false:dpql_2259|alpha=10|measure=anomaly_continuous,definite_false:dpql_2259,definite_false,10.0,anomaly_continuous,0.85
ambiguous:user_ambiguous_026|alpha=10|measure=anomaly_continuous,ambiguous:user_ambiguous_026,ambiguous,10.0,anomaly_continuous,0.25
ambiguous:ambigqa_train_4887157859291163116|alpha=10|measure=anomaly_continuous,ambiguous:ambigqa_train_4887157859291163116,ambiguous,10.0,anomaly_continuous,0.25
definite_false:dpql_3319|alpha=10|measure=anomaly_continuous,definite_false:dpql_3319,definite_false,10.0,anomaly_continuous,0.25
definite_correct:qb_8250|alpha=10|measure=anomaly_continuous,definite_correct:qb_8250,definite_correct,10.0,anomaly_continuous,0.0
definite_correct:bb_5550|alpha=10|measure=anomaly_continuous,definite_correct:bb_5550,definite_correct,10.0,anomaly_continuous,0.25
definite_correct:qb_9452|alpha=10|measure=anomaly_continuous,definite_correct:qb_9452,definite_correct,10.0,anomaly_continuous,0.0
definite_correct:qb_8861|alpha=10|measure=anomaly_continuous,definite_correct:qb_8861,definite_correct,10.0,anomaly_continuous,0.0
definite_false:qw_4954|alpha=10|measure=anomaly_continuous,definite_false:qw_4954,definite_false,10.0,anomaly_continuous,0.25
ambiguous:user_ambiguous_075|alpha=10|measure=anomaly_continuous,ambiguous:user_ambiguous_075,ambiguous,10.0,anomaly_continuous,0.5
definite_false:dpql_4205|alpha=10|measure=anomaly_continuous,definite_false:dpql_4205,definite_false,10.0,anomaly_continuous,0.25
definite_correct:qb_6665|alpha=10|measure=anomaly_continuous,definite_correct:qb_6665,definite_correct,10.0,anomaly_continuous,0.85
definite_false:bb_8112|alpha=10|measure=anomaly_continuous,definite_false:bb_8112,definite_false,10.0,anomaly_continuous,0.25
definite_correct:bb_8732|alpha=10|measure=anomaly_continuous,definite_correct:bb_8732,definite_correct,10.0,anomaly_continuous,0.25
ambiguous:user_ambiguous_038|alpha=10|measure=anomaly_continuous,ambiguous:user_ambiguous_038,ambiguous,10.0,anomaly_continuous,0.5
ambiguous:user_ambiguous_073|alpha=10|measure=anomaly_continuous,ambiguous:user_ambiguous_073,ambiguous,10.0,anomaly_continuous,0.5
definite_false:bb_2489|alpha=10|measure=anomaly_continuous,definite_false:bb_2489,definite_false,10.0,anomaly_continuous,0.25
ambiguous:user_ambiguous_081|alpha=10|measure=anomaly_continuous,ambiguous:user_ambiguous_081,ambiguous,10.0,anomaly_continuous,0.0
ambiguous:ambigqa_train_-4847378126974715981|alpha=10|measure=anomaly_continuous,ambiguous:ambigqa_train_-4847378126974715981,ambiguous,10.0,anomaly_continuous,0.25
definite_false:bb_968|alpha=10|measure=anomaly_continuous,definite_false:bb_968,definite_false,10.0,anomaly_continuous,0.85
definite_false:dpql_5545|alpha=10|measure=anomaly_continuous,definite_false:dpql_5545,definite_false,10.0,anomaly_continuous,0.25
definite_false:qw_3199|alpha=10|measure=anomaly_continuous,definite_false:qw_3199,definite_false,10.0,anomaly_continuous,0.25
ambiguous:ambigqa_train_3267103377301376828|alpha=10|measure=anomaly_continuous,ambiguous:ambigqa_train_3267103377301376828,ambiguous,10.0,anomaly_continuous,0.25
definite_correct:qb_6581|alpha=10|measure=anomaly_continuous,definite_correct:qb_6581,definite_correct,10.0,anomaly_continuous,0.0
definite_correct:qb_3684|alpha=10|measure=anomaly_continuous,definite_correct:qb_3684,definite_correct,10.0,anomaly_continuous,0.0
definite_false:qw_4953|alpha=10|measure=anomaly_continuous,definite_false:qw_4953,definite_false,10.0,anomaly_continuous,0.85
definite_correct:bb_7263|alpha=10|measure=anomaly_continuous,definite_correct:bb_7263,definite_correct,10.0,anomaly_continuous,0.35
definite_correct:qb_3516|alpha=10|measure=anomaly_continuous,definite_correct:qb_3516,definite_correct,10.0,anomaly_continuous,0.0
definite_false:qb_7085|alpha=10|measure=anomaly_continuous,definite_false:qb_7085,definite_false,10.0,anomaly_continuous,0.85
definite_correct:qb_4415|alpha=10|measure=anomaly_continuous,definite_correct:qb_4415,definite_correct,10.0,anomaly_continuous,0.0
definite_correct:qb_2934|alpha=10|measure=anomaly_continuous,definite_correct:qb_2934,definite_correct,10.0,anomaly_continuous,0.25
ambiguous:ambigqa_train_-6615422287569447999|alpha=10|measure=anomaly_continuous,ambiguous:ambigqa_train_-6615422287569447999,ambiguous,10.0,anomaly_continuous,0.25
definite_false:qb_3878|alpha=10|measure=anomaly_continuous,definite_false:qb_3878,definite_false,10.0,anomaly_continuous,0.85
definite_false:qb_2370|alpha=10|measure=anomaly_continuous,definite_false:qb_2370,definite_false,10.0,anomaly_continuous,0.25
definite_correct:bb_436|alpha=10|measure=anomaly_continuous,definite_correct:bb_436,definite_correct,10.0,anomaly_continuous,0.35
ambiguous:ambigqa_train_-2840611200472199951|alpha=10|measure=anomaly_continuous,ambiguous:ambigqa_train_-2840611200472199951,ambiguous,10.0,anomaly_continuous,0.0
definite_false:bb_5659|alpha=10|measure=anomaly_continuous,definite_false:bb_5659,definite_false,10.0,anomaly_continuous,0.3
ambiguous:synthetic_ambiguity_befa9c239cfadb1e|alpha=10|measure=anomaly_continuous,ambiguous:synthetic_ambiguity_befa9c239cfadb1e,ambiguous,10.0,anomaly_continuous,0.5
definite_false:qw_3732|alpha=10|measure=anomaly_continuous,definite_false:qw_3732,definite_false,10.0,anomaly_continuous,0.0
ambiguous:ambigqa_train_-6821663518687506172|alpha=10|measure=anomaly_continuous,ambiguous:ambigqa_train_-6821663518687506172,ambiguous,10.0,anomaly_continuous,0.25
definite_false:dpql_3092|alpha=10|measure=anomaly_continuous,definite_false:dpql_3092,definite_false,10.0,anomaly_continuous,0.85
ambiguous:user_ambiguous_066|alpha=10|measure=anomaly_continuous,ambiguous:user_ambiguous_066,ambiguous,10.0,anomaly_continuous,0.25
ambiguous:user_ambiguous_074|alpha=10|measure=anomaly_continuous,ambiguous:user_ambiguous_074,ambiguous,10.0,anomaly_continuous,0.25
definite_false:qw_3353|alpha=10|measure=anomaly_continuous,definite_false:qw_3353,definite_false,10.0,anomaly_continuous,0.25
definite_correct:dpql_6083|alpha=10|measure=anomaly_continuous,definite_correct:dpql_6083,definite_correct,10.0,anomaly_continuous,0.25
definite_correct:tc_955|alpha=10|measure=anomaly_continuous,definite_correct:tc_955,definite_correct,10.0,anomaly_continuous,0.0
definite_correct:wh_51|alpha=10|measure=anomaly_continuous,definite_correct:wh_51,definite_correct,10.0,anomaly_continuous,0.85
definite_false:bb_4598|alpha=10|measure=anomaly_continuous,definite_false:bb_4598,definite_false,10.0,anomaly_continuous,0.85
definite_false:wh_3277|alpha=10|measure=anomaly_continuous,definite_false:wh_3277,definite_false,10.0,anomaly_continuous,0.25
definite_correct:qw_243|alpha=10|measure=anomaly_continuous,definite_correct:qw_243,definite_correct,10.0,anomaly_continuous,0.25
definite_false:dpql_384|alpha=10|measure=anomaly_continuous,definite_false:dpql_384,definite_false,10.0,anomaly_continuous,0.25
ambiguous:user_ambiguous_024|alpha=10|measure=anomaly_continuous,ambiguous:user_ambiguous_024,ambiguous,10.0,anomaly_continuous,0.25
definite_correct:bb_1135|alpha=10|measure=anomaly_continuous,definite_correct:bb_1135,definite_correct,10.0,anomaly_continuous,0.25
definite_false:tc_2728|alpha=10|measure=anomaly_continuous,definite_false:tc_2728,definite_false,10.0,anomaly_continuous,0.25
definite_false:qb_9682|alpha=10|measure=anomaly_continuous,definite_false:qb_9682,definite_false,10.0,anomaly_continuous,0.25
ambiguous:synthetic_ambiguity_127bbb74d142df4c|alpha=10|measure=anomaly_continuous,ambiguous:synthetic_ambiguity_127bbb74d142df4c,ambiguous,10.0,anomaly_continuous,0.25
definite_correct:tc_1602|alpha=10|measure=anomaly_continuous,definite_correct:tc_1602,definite_correct,10.0,anomaly_continuous,0.5
definite_false:qz_6898|alpha=10|measure=anomaly_continuous,definite_false:qz_6898,definite_false,10.0,anomaly_continuous,0.25
definite_correct:bb_5566|alpha=10|measure=anomaly_continuous,definite_correct:bb_5566,definite_correct,10.0,anomaly_continuous,0.35
ambiguous:user_ambiguous_042|alpha=10|measure=anomaly_continuous,ambiguous:user_ambiguous_042,ambiguous,10.0,anomaly_continuous,0.25
ambiguous:user_ambiguous_063|alpha=10|measure=anomaly_continuous,ambiguous:user_ambiguous_063,ambiguous,10.0,anomaly_continuous,0.25
definite_correct:bb_6024|alpha=10|measure=anomaly_continuous,definite_correct:bb_6024,definite_correct,10.0,anomaly_continuous,0.85
ambiguous:user_ambiguous_025|alpha=10|measure=anomaly_continuous,ambiguous:user_ambiguous_025,ambiguous,10.0,anomaly_continuous,0.5
definite_false:qb_3427|alpha=10|measure=anomaly_continuous,definite_false:qb_3427,definite_false,10.0,anomaly_continuous,0.25
definite_correct:qw_5335|alpha=10|measure=anomaly_continuous,definite_correct:qw_5335,definite_correct,10.0,anomaly_continuous,0.0
ambiguous:user_ambiguous_054|alpha=10|measure=anomaly_continuous,ambiguous:user_ambiguous_054,ambiguous,10.0,anomaly_continuous,0.25
definite_correct:wh_1933|alpha=10|measure=anomaly_continuous,definite_correct:wh_1933,definite_correct,10.0,anomaly_continuous,0.5
ambiguous:user_ambiguous_068|alpha=10|measure=anomaly_continuous,ambiguous:user_ambiguous_068,ambiguous,10.0,anomaly_continuous,0.0
definite_false:qz_1393|alpha=10|measure=anomaly_continuous,definite_false:qz_1393,definite_false,10.0,anomaly_continuous,0.25
definite_correct:qb_7271|alpha=10|measure=anomaly_continuous,definite_correct:qb_7271,definite_correct,10.0,anomaly_continuous,0.0
definite_correct:qw_45|alpha=10|measure=anomaly_continuous,definite_correct:qw_45,definite_correct,10.0,anomaly_continuous,0.0
definite_false:dpql_3261|alpha=10|measure=anomaly_continuous,definite_false:dpql_3261,definite_false,10.0,anomaly_continuous,0.85
definite_correct:dpql_3467|alpha=10|measure=anomaly_continuous,definite_correct:dpql_3467,definite_correct,10.0,anomaly_continuous,0.25
ambiguous:user_ambiguous_076|alpha=10|measure=anomaly_continuous,ambiguous:user_ambiguous_076,ambiguous,10.0,anomaly_continuous,0.5
ambiguous:user_ambiguous_061|alpha=10|measure=anomaly_continuous,ambiguous:user_ambiguous_061,ambiguous,10.0,anomaly_continuous,0.25
definite_correct:qw_1421|alpha=10|measure=anomaly_continuous,definite_correct:qw_1421,definite_correct,10.0,anomaly_continuous,0.0
ambiguous:user_ambiguous_100|alpha=10|measure=anomaly_continuous,ambiguous:user_ambiguous_100,ambiguous,10.0,anomaly_continuous,0.0
definite_false:dpql_2396|alpha=10|measure=anomaly_continuous,definite_false:dpql_2396,definite_false,10.0,anomaly_continuous,0.85
definite_correct:qw_132|alpha=10|measure=anomaly_continuous,definite_correct:qw_132,definite_correct,10.0,anomaly_continuous,0.25
definite_correct:bb_5094|alpha=10|measure=anomaly_continuous,definite_correct:bb_5094,definite_correct,10.0,anomaly_continuous,0.85
definite_correct:qw_6782|alpha=10|measure=anomaly_continuous,definite_correct:qw_6782,definite_correct,10.0,anomaly_continuous,0.85
ambiguous:user_ambiguous_089|alpha=10|measure=anomaly_continuous,ambiguous:user_ambiguous_089,ambiguous,10.0,anomaly_continuous,0.25
definite_false:bb_77|alpha=10|measure=anomaly_continuous,definite_false:bb_77,definite_false,10.0,anomaly_continuous,0.25
definite_false:qb_6250|alpha=10|measure=anomaly_continuous,definite_false:qb_6250,definite_false,10.0,anomaly_continuous,0.0
definite_false:qb_525|alpha=10|measure=anomaly_continuous,definite_false:qb_525,definite_false,10.0,anomaly_continuous,0.25
ambiguous:ambigqa_dev_-2861341002123248407|alpha=10|measure=anomaly_continuous,ambiguous:ambigqa_dev_-2861341002123248407,ambiguous,10.0,anomaly_continuous,0.5
definite_correct:qb_2497|alpha=10|measure=anomaly_continuous,definite_correct:qb_2497,definite_correct,10.0,anomaly_continuous,0.0
definite_correct:dpql_5846|alpha=10|measure=anomaly_continuous,definite_correct:dpql_5846,definite_correct,10.0,anomaly_continuous,0.25
definite_false:bb_6487|alpha=10|measure=anomaly_continuous,definite_false:bb_6487,definite_false,10.0,anomaly_continuous,0.25
ambiguous:ambigqa_train_-4829972042995259834|alpha=10|measure=anomaly_continuous,ambiguous:ambigqa_train_-4829972042995259834,ambiguous,10.0,anomaly_continuous,0.25
definite_false:qb_2899|alpha=10|measure=anomaly_continuous,definite_false:qb_2899,definite_false,10.0,anomaly_continuous,0.25
definite_false:dpql_3912|alpha=10|measure=anomaly_continuous,definite_false:dpql_3912,definite_false,10.0,anomaly_continuous,0.25
definite_false:bb_5849|alpha=10|measure=anomaly_continuous,definite_false:bb_5849,definite_false,10.0,anomaly_continuous,0.85
definite_false:qb_3296|alpha=10|measure=anomaly_continuous,definite_false:qb_3296,definite_false,10.0,anomaly_continuous,0.25
definite_correct:dpql_633|alpha=10|measure=anomaly_continuous,definite_correct:dpql_633,definite_correct,10.0,anomaly_continuous,0.85
ambiguous:ambigqa_train_6967337893340565499|alpha=10|measure=anomaly_continuous,ambiguous:ambigqa_train_6967337893340565499,ambiguous,10.0,anomaly_continuous,0.25
definite_correct:tc_1284|alpha=10|measure=anomaly_continuous,definite_correct:tc_1284,definite_correct,10.0,anomaly_continuous,0.0
ambiguous:synthetic_ambiguity_c51d6353acd62fc1|alpha=10|measure=anomaly_continuous,ambiguous:synthetic_ambiguity_c51d6353acd62fc1,ambiguous,10.0,anomaly_continuous,0.5
ambiguous:user_ambiguous_005|alpha=10|measure=anomaly_continuous,ambiguous:user_ambiguous_005,ambiguous,10.0,anomaly_continuous,0.0
definite_correct:qb_3191|alpha=10|measure=anomaly_continuous,definite_correct:qb_3191,definite_correct,10.0,anomaly_continuous,0.25
ambiguous:user_ambiguous_055|alpha=10|measure=anomaly_continuous,ambiguous:user_ambiguous_055,ambiguous,10.0,anomaly_continuous,0.25
definite_false:bb_6668|alpha=10|measure=anomaly_continuous,definite_false:bb_6668,definite_false,10.0,anomaly_continuous,0.25
definite_correct:qb_1435|alpha=10|measure=anomaly_continuous,definite_correct:qb_1435,definite_correct,10.0,anomaly_continuous,0.0
definite_false:qb_355|alpha=10|measure=anomaly_continuous,definite_false:qb_355,definite_false,10.0,anomaly_continuous,0.25
ambiguous:synthetic_ambiguity_7462141d7ff09177|alpha=10|measure=anomaly_continuous,ambiguous:synthetic_ambiguity_7462141d7ff09177,ambiguous,10.0,anomaly_continuous,0.25
ambiguous:user_ambiguous_062|alpha=10|measure=anomaly_continuous,ambiguous:user_ambiguous_062,ambiguous,10.0,anomaly_continuous,0.25
definite_correct:qb_10132|alpha=10|measure=anomaly_continuous,definite_correct:qb_10132,definite_correct,10.0,anomaly_continuous,0.0
definite_false:qb_4987|alpha=10|measure=anomaly_continuous,definite_false:qb_4987,definite_false,10.0,anomaly_continuous,0.25
definite_correct:tc_2317|alpha=10|measure=anomaly_continuous,definite_correct:tc_2317,definite_correct,10.0,anomaly_continuous,0.5
ambiguous:user_ambiguous_032|alpha=10|measure=anomaly_continuous,ambiguous:user_ambiguous_032,ambiguous,10.0,anomaly_continuous,0.5
definite_false:dpql_4977|alpha=10|measure=anomaly_continuous,definite_false:dpql_4977,definite_false,10.0,anomaly_continuous,0.25
ambiguous:ambigqa_train_-282133277527244056|alpha=10|measure=anomaly_continuous,ambiguous:ambigqa_train_-282133277527244056,ambiguous,10.0,anomaly_continuous,0.5
definite_false:tc_1535|alpha=10|measure=anomaly_continuous,definite_false:tc_1535,definite_false,10.0,anomaly_continuous,0.25
ambiguous:ambigqa_train_-4290930682953750669|alpha=10|measure=anomaly_continuous,ambiguous:ambigqa_train_-4290930682953750669,ambiguous,10.0,anomaly_continuous,0.25
ambiguous:user_ambiguous_092|alpha=10|measure=anomaly_continuous,ambiguous:user_ambiguous_092,ambiguous,10.0,anomaly_continuous,0.5
definite_false:qw_3161|alpha=10|measure=anomaly_continuous,definite_false:qw_3161,definite_false,10.0,anomaly_continuous,0.25
definite_false:qw_3500|alpha=10|measure=anomaly_continuous,definite_false:qw_3500,definite_false,10.0,anomaly_continuous,0.25
definite_false:qw_5896|alpha=10|measure=anomaly_continuous,definite_false:qw_5896,definite_false,10.0,anomaly_continuous,0.5
definite_correct:qw_1253|alpha=10|measure=anomaly_continuous,definite_correct:qw_1253,definite_correct,10.0,anomaly_continuous,0.85
definite_correct:bb_500|alpha=10|measure=anomaly_continuous,definite_correct:bb_500,definite_correct,10.0,anomaly_continuous,0.25
definite_correct:qz_340|alpha=10|measure=anomaly_continuous,definite_correct:qz_340,definite_correct,10.0,anomaly_continuous,0.25
ambiguous:user_ambiguous_088|alpha=10|measure=anomaly_continuous,ambiguous:user_ambiguous_088,ambiguous,10.0,anomaly_continuous,0.5
definite_correct:wh_3778|alpha=10|measure=anomaly_continuous,definite_correct:wh_3778,definite_correct,10.0,anomaly_continuous,0.5
definite_correct:dpql_3447|alpha=10|measure=anomaly_continuous,definite_correct:dpql_3447,definite_correct,10.0,anomaly_continuous,0.25
ambiguous:ambigqa_dev_-2928173928559810904|alpha=10|measure=anomaly_continuous,ambiguous:ambigqa_dev_-2928173928559810904,ambiguous,10.0,anomaly_continuous,0.25
definite_correct:wh_453|alpha=10|measure=anomaly_continuous,definite_correct:wh_453,definite_correct,10.0,anomaly_continuous,0.25
definite_correct:bb_6117|alpha=10|measure=anomaly_continuous,definite_correct:bb_6117,definite_correct,10.0,anomaly_continuous,0.0
definite_correct:qw_4882|alpha=10|measure=anomaly_continuous,definite_correct:qw_4882,definite_correct,10.0,anomaly_continuous,0.25
ambiguous:user_ambiguous_082|alpha=10|measure=anomaly_continuous,ambiguous:user_ambiguous_082,ambiguous,10.0,anomaly_continuous,0.5
definite_false:qb_2901|alpha=10|measure=anomaly_continuous,definite_false:qb_2901,definite_false,10.0,anomaly_continuous,0.25
ambiguous:user_ambiguous_050|alpha=10|measure=anomaly_continuous,ambiguous:user_ambiguous_050,ambiguous,10.0,anomaly_continuous,0.25
definite_correct:bb_2920|alpha=10|measure=anomaly_continuous,definite_correct:bb_2920,definite_correct,10.0,anomaly_continuous,0.85
definite_correct:wh_4358|alpha=10|measure=anomaly_continuous,definite_correct:wh_4358,definite_correct,10.0,anomaly_continuous,0.5
ambiguous:user_ambiguous_049|alpha=10|measure=anomaly_continuous,ambiguous:user_ambiguous_049,ambiguous,10.0,anomaly_continuous,0.5
definite_correct:qb_650|alpha=10|measure=anomaly_continuous,definite_correct:qb_650,definite_correct,10.0,anomaly_continuous,0.25
definite_correct:qz_5801|alpha=10|measure=anomaly_continuous,definite_correct:qz_5801,definite_correct,10.0,anomaly_continuous,0.25
ambiguous:user_ambiguous_069|alpha=10|measure=anomaly_continuous,ambiguous:user_ambiguous_069,ambiguous,10.0,anomaly_continuous,0.25
ambiguous:synthetic_ambiguity_39e9eaa2e03e1780|alpha=10|measure=anomaly_continuous,ambiguous:synthetic_ambiguity_39e9eaa2e03e1780,ambiguous,10.0,anomaly_continuous,0.25
definite_false:tc_3120|alpha=10|measure=anomaly_continuous,definite_false:tc_3120,definite_false,10.0,anomaly_continuous,0.25
definite_correct:qw_1068|alpha=10|measure=anomaly_continuous,definite_correct:qw_1068,definite_correct,10.0,anomaly_continuous,0.0
definite_correct:bb_20|alpha=10|measure=anomaly_continuous,definite_correct:bb_20,definite_correct,10.0,anomaly_continuous,0.85
definite_correct:qw_859|alpha=10|measure=anomaly_continuous,definite_correct:qw_859,definite_correct,10.0,anomaly_continuous,0.35
ambiguous:user_ambiguous_059|alpha=10|measure=anomaly_continuous,ambiguous:user_ambiguous_059,ambiguous,10.0,anomaly_continuous,0.25
definite_false:qw_3344|alpha=10|measure=anomaly_continuous,definite_false:qw_3344,definite_false,10.0,anomaly_continuous,0.85
definite_false:bb_7609|alpha=10|measure=anomaly_continuous,definite_false:bb_7609,definite_false,10.0,anomaly_continuous,0.25
definite_correct:qb_1172|alpha=10|measure=anomaly_continuous,definite_correct:qb_1172,definite_correct,10.0,anomaly_continuous,0.0
definite_correct:qw_4190|alpha=10|measure=anomaly_continuous,definite_correct:qw_4190,definite_correct,10.0,anomaly_continuous,0.25
definite_correct:bb_4832|alpha=10|measure=anomaly_continuous,definite_correct:bb_4832,definite_correct,10.0,anomaly_continuous,0.25
definite_correct:bb_6465|alpha=10|measure=anomaly_continuous,definite_correct:bb_6465,definite_correct,10.0,anomaly_continuous,0.25
ambiguous:user_ambiguous_031|alpha=10|measure=anomaly_continuous,ambiguous:user_ambiguous_031,ambiguous,10.0,anomaly_continuous,0.5
definite_false:dpql_5115|alpha=10|measure=anomaly_continuous,definite_false:dpql_5115,definite_false,10.0,anomaly_continuous,0.0
definite_false:bb_1220|alpha=10|measure=anomaly_continuous,definite_false:bb_1220,definite_false,10.0,anomaly_continuous,0.95
definite_false:dpql_753|alpha=10|measure=anomaly_continuous,definite_false:dpql_753,definite_false,10.0,anomaly_continuous,0.25
definite_false:dpql_151|alpha=10|measure=anomaly_continuous,definite_false:dpql_151,definite_false,10.0,anomaly_continuous,0.25
definite_false:qb_3624|alpha=10|measure=anomaly_continuous,definite_false:qb_3624,definite_false,10.0,anomaly_continuous,0.85
ambiguous:user_ambiguous_034|alpha=10|measure=anomaly_continuous,ambiguous:user_ambiguous_034,ambiguous,10.0,anomaly_continuous,0.25
definite_correct:qw_2634|alpha=10|measure=anomaly_continuous,definite_correct:qw_2634,definite_correct,10.0,anomaly_continuous,0.5
definite_false:qz_3440|alpha=10|measure=anomaly_continuous,definite_false:qz_3440,definite_false,10.0,anomaly_continuous,0.0
ambiguous:ambigqa_train_389267376370423320|alpha=10|measure=anomaly_continuous,ambiguous:ambigqa_train_389267376370423320,ambiguous,10.0,anomaly_continuous,0.25
definite_false:qw_2399|alpha=10|measure=anomaly_continuous,definite_false:qw_2399,definite_false,10.0,anomaly_continuous,0.25
definite_correct:qb_4336|alpha=10|measure=anomaly_continuous,definite_correct:qb_4336,definite_correct,10.0,anomaly_continuous,0.0
definite_correct:qb_2589|alpha=10|measure=anomaly_continuous,definite_correct:qb_2589,definite_correct,10.0,anomaly_continuous,0.35
definite_correct:bb_1467|alpha=10|measure=anomaly_continuous,definite_correct:bb_1467,definite_correct,10.0,anomaly_continuous,0.25
definite_correct:qb_4948|alpha=10|measure=anomaly_continuous,definite_correct:qb_4948,definite_correct,10.0,anomaly_continuous,0.0
definite_correct:qb_6086|alpha=10|measure=anomaly_continuous,definite_correct:qb_6086,definite_correct,10.0,anomaly_continuous,0.0
definite_false:bb_8205|alpha=10|measure=anomaly_continuous,definite_false:bb_8205,definite_false,10.0,anomaly_continuous,0.25
ambiguous:user_ambiguous_008|alpha=10|measure=anomaly_continuous,ambiguous:user_ambiguous_008,ambiguous,10.0,anomaly_continuous,0.25
ambiguous:user_ambiguous_090|alpha=10|measure=anomaly_continuous,ambiguous:user_ambiguous_090,ambiguous,10.0,anomaly_continuous,0.85
definite_false:qb_3987|alpha=10|measure=anomaly_continuous,definite_false:qb_3987,definite_false,10.0,anomaly_continuous,0.25
definite_false:tc_349|alpha=10|measure=anomaly_continuous,definite_false:tc_349,definite_false,10.0,anomaly_continuous,0.85
ambiguous:user_ambiguous_029|alpha=10|measure=anomaly_continuous,ambiguous:user_ambiguous_029,ambiguous,10.0,anomaly_continuous,0.25
definite_correct:qb_299|alpha=10|measure=anomaly_continuous,definite_correct:qb_299,definite_correct,10.0,anomaly_continuous,0.0
definite_correct:dpql_5223|alpha=10|measure=anomaly_continuous,definite_correct:dpql_5223,definite_correct,10.0,anomaly_continuous,0.0
definite_false:tc_2556|alpha=10|measure=anomaly_continuous,definite_false:tc_2556,definite_false,10.0,anomaly_continuous,0.25
definite_false:bb_3805|alpha=10|measure=anomaly_continuous,definite_false:bb_3805,definite_false,10.0,anomaly_continuous,0.35
definite_correct:dpql_216|alpha=10|measure=anomaly_continuous,definite_correct:dpql_216,definite_correct,10.0,anomaly_continuous,0.25
ambiguous:user_ambiguous_070|alpha=10|measure=anomaly_continuous,ambiguous:user_ambiguous_070,ambiguous,10.0,anomaly_continuous,0.5
definite_false:bb_4519|alpha=10|measure=anomaly_continuous,definite_false:bb_4519,definite_false,10.0,anomaly_continuous,0.85
definite_correct:qb_4578|alpha=10|measure=anomaly_continuous,definite_correct:qb_4578,definite_correct,10.0,anomaly_continuous,0.25
definite_false:bb_2616|alpha=10|measure=anomaly_continuous,definite_false:bb_2616,definite_false,10.0,anomaly_continuous,0.85
definite_false:qb_9244|alpha=10|measure=anomaly_continuous,definite_false:qb_9244,definite_false,10.0,anomaly_continuous,0.25
ambiguous:synthetic_ambiguity_0fb6efbc1bf0ec38|alpha=10|measure=anomaly_continuous,ambiguous:synthetic_ambiguity_0fb6efbc1bf0ec38,ambiguous,10.0,anomaly_continuous,0.25
definite_correct:bb_121|alpha=10|measure=anomaly_continuous,definite_correct:bb_121,definite_correct,10.0,anomaly_continuous,0.0
definite_false:qb_5694|alpha=10|measure=anomaly_continuous,definite_false:qb_5694,definite_false,10.0,anomaly_continuous,0.25
definite_false:dpql_3827|alpha=10|measure=anomaly_continuous,definite_false:dpql_3827,definite_false,10.0,anomaly_continuous,0.25
ambiguous:ambigqa_train_-4861369907584367396|alpha=10|measure=anomaly_continuous,ambiguous:ambigqa_train_-4861369907584367396,ambiguous,10.0,anomaly_continuous,0.25
ambiguous:user_ambiguous_027|alpha=10|measure=anomaly_continuous,ambiguous:user_ambiguous_027,ambiguous,10.0,anomaly_continuous,0.25
ambiguous:user_ambiguous_004|alpha=10|measure=anomaly_continuous,ambiguous:user_ambiguous_004,ambiguous,10.0,anomaly_continuous,0.25
ambiguous:ambigqa_train_8480092557592561766|alpha=10|measure=anomaly_continuous,ambiguous:ambigqa_train_8480092557592561766,ambiguous,10.0,anomaly_continuous,0.85
definite_false:qw_5610|alpha=10|measure=anomaly_continuous,definite_false:qw_5610,definite_false,10.0,anomaly_continuous,0.0
ambiguous:synthetic_ambiguity_77277aded01ef92e|alpha=10|measure=anomaly_continuous,ambiguous:synthetic_ambiguity_77277aded01ef92e,ambiguous,10.0,anomaly_continuous,0.25
definite_false:qb_3869|alpha=10|measure=anomaly_continuous,definite_false:qb_3869,definite_false,10.0,anomaly_continuous,0.85
definite_false:qb_2329|alpha=10|measure=anomaly_continuous,definite_false:qb_2329,definite_false,10.0,anomaly_continuous,0.25
definite_correct:bb_2326|alpha=10|measure=anomaly_continuous,definite_correct:bb_2326,definite_correct,10.0,anomaly_continuous,0.0
ambiguous:user_ambiguous_019|alpha=10|measure=anomaly_continuous,ambiguous:user_ambiguous_019,ambiguous,10.0,anomaly_continuous,0.85
definite_false:tc_3016|alpha=10|measure=anomaly_continuous,definite_false:tc_3016,definite_false,10.0,anomaly_continuous,0.25
ambiguous:ambigqa_dev_-1684587227477882737|alpha=10|measure=anomaly_continuous,ambiguous:ambigqa_dev_-1684587227477882737,ambiguous,10.0,anomaly_continuous,0.25
definite_correct:qb_7921|alpha=10|measure=anomaly_continuous,definite_correct:qb_7921,definite_correct,10.0,anomaly_continuous,0.0
definite_false:qz_2428|alpha=10|measure=anomaly_continuous,definite_false:qz_2428,definite_false,10.0,anomaly_continuous,0.25
ambiguous:user_ambiguous_035|alpha=10|measure=anomaly_continuous,ambiguous:user_ambiguous_035,ambiguous,10.0,anomaly_continuous,0.25
definite_correct:qb_2932|alpha=10|measure=anomaly_continuous,definite_correct:qb_2932,definite_correct,10.0,anomaly_continuous,0.0
definite_correct:qb_2151|alpha=10|measure=anomaly_continuous,definite_correct:qb_2151,definite_correct,10.0,anomaly_continuous,0.0
definite_false:qb_4446|alpha=10|measure=anomaly_continuous,definite_false:qb_4446,definite_false,10.0,anomaly_continuous,0.25
definite_correct:bb_810|alpha=10|measure=anomaly_continuous,definite_correct:bb_810,definite_correct,10.0,anomaly_continuous,0.0
definite_false:dpql_4053|alpha=10|measure=anomaly_continuous,definite_false:dpql_4053,definite_false,10.0,anomaly_continuous,0.3
definite_false:qb_3225|alpha=10|measure=anomaly_continuous,definite_false:qb_3225,definite_false,10.0,anomaly_continuous,0.25
ambiguous:ambigqa_train_8846306718324708097|alpha=10|measure=anomaly_continuous,ambiguous:ambigqa_train_8846306718324708097,ambiguous,10.0,anomaly_continuous,0.25
definite_correct:bb_9184|alpha=10|measure=anomaly_continuous,definite_correct:bb_9184,definite_correct,10.0,anomaly_continuous,0.35
definite_false:qw_3582|alpha=10|measure=anomaly_continuous,definite_false:qw_3582,definite_false,10.0,anomaly_continuous,0.25
ambiguous:user_ambiguous_091|alpha=10|measure=anomaly_continuous,ambiguous:user_ambiguous_091,ambiguous,10.0,anomaly_continuous,0.0
definite_false:wh_1706|alpha=10|measure=anomaly_continuous,definite_false:wh_1706,definite_false,10.0,anomaly_continuous,0.3
ambiguous:user_ambiguous_017|alpha=10|measure=anomaly_continuous,ambiguous:user_ambiguous_017,ambiguous,10.0,anomaly_continuous,0.0
definite_false:tc_2257|alpha=10|measure=anomaly_continuous,definite_false:tc_2257,definite_false,10.0,anomaly_continuous,0.85
ambiguous:user_ambiguous_056|alpha=10|measure=anomaly_continuous,ambiguous:user_ambiguous_056,ambiguous,10.0,anomaly_continuous,0.85
ambiguous:user_ambiguous_020|alpha=10|measure=anomaly_continuous,ambiguous:user_ambiguous_020,ambiguous,10.0,anomaly_continuous,0.25
ambiguous:user_ambiguous_079|alpha=10|measure=anomaly_continuous,ambiguous:user_ambiguous_079,ambiguous,10.0,anomaly_continuous,0.5
definite_false:bb_5317|alpha=10|measure=anomaly_continuous,definite_false:bb_5317,definite_false,10.0,anomaly_continuous,0.25
ambiguous:user_ambiguous_084|alpha=10|measure=anomaly_continuous,ambiguous:user_ambiguous_084,ambiguous,10.0,anomaly_continuous,0.5
definite_correct:dpql_6346|alpha=10|measure=anomaly_continuous,definite_correct:dpql_6346,definite_correct,10.0,anomaly_continuous,0.25
ambiguous:ambigqa_dev_2248395039731877618|alpha=10|measure=anomaly_continuous,ambiguous:ambigqa_dev_2248395039731877618,ambiguous,10.0,anomaly_continuous,0.25
ambiguous:synthetic_ambiguity_d830565486f2d0b0|alpha=10|measure=anomaly_continuous,ambiguous:synthetic_ambiguity_d830565486f2d0b0,ambiguous,10.0,anomaly_continuous,0.25
definite_false:qw_5298|alpha=10|measure=anomaly_continuous,definite_false:qw_5298,definite_false,10.0,anomaly_continuous,0.25
ambiguous:user_ambiguous_037|alpha=10|measure=anomaly_continuous,ambiguous:user_ambiguous_037,ambiguous,10.0,anomaly_continuous,0.5
ambiguous:user_ambiguous_036|alpha=10|measure=anomaly_continuous,ambiguous:user_ambiguous_036,ambiguous,10.0,anomaly_continuous,0.25
definite_correct:qb_34|alpha=10|measure=anomaly_continuous,definite_correct:qb_34,definite_correct,10.0,anomaly_continuous,0.0
ambiguous:user_ambiguous_048|alpha=10|measure=anomaly_continuous,ambiguous:user_ambiguous_048,ambiguous,10.0,anomaly_continuous,0.25
ambiguous:user_ambiguous_015|alpha=10|measure=anomaly_continuous,ambiguous:user_ambiguous_015,ambiguous,10.0,anomaly_continuous,0.85
definite_correct:tc_1323|alpha=10|measure=anomaly_continuous,definite_correct:tc_1323,definite_correct,10.0,anomaly_continuous,0.0
definite_correct:qb_2148|alpha=10|measure=anomaly_continuous,definite_correct:qb_2148,definite_correct,10.0,anomaly_continuous,0.25
definite_false:qw_1298|alpha=10|measure=anomaly_continuous,definite_false:qw_1298,definite_false,10.0,anomaly_continuous,0.85
definite_correct:dpql_2276|alpha=10|measure=anomaly_continuous,definite_correct:dpql_2276,definite_correct,10.0,anomaly_continuous,0.25
ambiguous:user_ambiguous_012|alpha=10|measure=anomaly_continuous,ambiguous:user_ambiguous_012,ambiguous,10.0,anomaly_continuous,0.25
definite_false:wh_527|alpha=10|measure=anomaly_continuous,definite_false:wh_527,definite_false,10.0,anomaly_continuous,0.85
definite_correct:qb_365|alpha=10|measure=anomaly_continuous,definite_correct:qb_365,definite_correct,10.0,anomaly_continuous,0.0
definite_false:qb_1556|alpha=10|measure=anomaly_continuous,definite_false:qb_1556,definite_false,10.0,anomaly_continuous,0.85
definite_correct:qb_1456|alpha=10|measure=anomaly_continuous,definite_correct:qb_1456,definite_correct,10.0,anomaly_continuous,0.25
definite_false:dpql_4319|alpha=10|measure=anomaly_continuous,definite_false:dpql_4319,definite_false,10.0,anomaly_continuous,0.85
definite_false:wh_2424|alpha=10|measure=anomaly_continuous,definite_false:wh_2424,definite_false,10.0,anomaly_continuous,0.25
definite_false:dpql_1059|alpha=10|measure=anomaly_continuous,definite_false:dpql_1059,definite_false,10.0,anomaly_continuous,0.5
ambiguous:user_ambiguous_064|alpha=10|measure=anomaly_continuous,ambiguous:user_ambiguous_064,ambiguous,10.0,anomaly_continuous,0.25
ambiguous:ambigqa_dev_-9219689808672072116|alpha=10|measure=anomaly_continuous,ambiguous:ambigqa_dev_-9219689808672072116,ambiguous,10.0,anomaly_continuous,0.0
definite_false:bb_4587|alpha=10|measure=anomaly_continuous,definite_false:bb_4587,definite_false,10.0,anomaly_continuous,0.25
definite_correct:qb_8074|alpha=10|measure=anomaly_continuous,definite_correct:qb_8074,definite_correct,10.0,anomaly_continuous,0.85
definite_false:wh_2928|alpha=10|measure=anomaly_continuous,definite_false:wh_2928,definite_false,10.0,anomaly_continuous,0.25
definite_correct:qz_1139|alpha=10|measure=anomaly_continuous,definite_correct:qz_1139,definite_correct,10.0,anomaly_continuous,0.25
definite_false:bb_981|alpha=10|measure=anomaly_continuous,definite_false:bb_981,definite_false,10.0,anomaly_continuous,0.35
definite_correct:qw_1816|alpha=10|measure=anomaly_continuous,definite_correct:qw_1816,definite_correct,10.0,anomaly_continuous,0.75
ambiguous:ambigqa_train_-5746040628732928353|alpha=10|measure=anomaly_continuous,ambiguous:ambigqa_train_-5746040628732928353,ambiguous,10.0,anomaly_continuous,0.25
definite_false:tc_2359|alpha=10|measure=anomaly_continuous,definite_false:tc_2359,definite_false,10.0,anomaly_continuous,0.25
definite_correct:qw_5716|alpha=10|measure=anomaly_continuous,definite_correct:qw_5716,definite_correct,10.0,anomaly_continuous,0.85
ambiguous:user_ambiguous_043|alpha=10|measure=anomaly_continuous,ambiguous:user_ambiguous_043,ambiguous,10.0,anomaly_continuous,0.25
definite_false:qb_4397|alpha=10|measure=anomaly_continuous,definite_false:qb_4397,definite_false,10.0,anomaly_continuous,0.85
definite_false:bb_596|alpha=10|measure=anomaly_continuous,definite_false:bb_596,definite_false,10.0,anomaly_continuous,0.85
